# WaveFront *.obj file (generated by CINEMA 4D)

g Chevy-Nova_Mesh
usemtl Chevy-Nova_Mat
v -0.295 0.04 0.04
v -0.295 0.04 0.03
v -0.295 0.04 0.02
v -0.295 0.04 0.01
v -0.295 0.04 0
v -0.295 0.04 -0.02
v -0.295 0.04 -0.03
v -0.295 0.04 -0.04
v -0.295 0.05 0.01
v -0.295 0.05 0
v -0.295 0.05 -0.01
v -0.295 0.06 0.04
v -0.295 0.06 0.03
v -0.295 0.06 0.02
v -0.295 0.06 0
v -0.295 0.06 -0.01
v -0.295 0.06 -0.02
v -0.295 0.06 -0.03
v -0.295 0.06 -0.04
v -0.285 0.03 0.08
v -0.285 0.03 0.07
v -0.285 0.03 -0.07
v -0.285 0.03 -0.08
v -0.285 0.04 0.08
v -0.285 0.04 0.07
v -0.285 0.04 -0.07
v -0.285 0.04 -0.08
v -0.285 0.05 0.13
v -0.285 0.05 0.04
v -0.285 0.05 -0.04
v -0.285 0.05 -0.13
v -0.285 0.06 0.04
v -0.285 0.06 0.03
v -0.285 0.06 0.02
v -0.285 0.06 0
v -0.285 0.06 -0.01
v -0.285 0.06 -0.02
v -0.285 0.06 -0.03
v -0.285 0.06 -0.04
v -0.285 0.07 0.13
v -0.285 0.07 -0.13
v -0.275 0.07 0.13
v -0.275 0.07 -0.13
v -0.275 0.08 0.13
v -0.275 0.08 -0.13
v -0.275 0.09 0.13
v -0.275 0.09 0.12
v -0.275 0.09 0.11
v -0.275 0.09 -0.11
v -0.275 0.09 -0.12
v -0.275 0.09 -0.13
v -0.275 0.1 0.13
v -0.275 0.1 0.12
v -0.275 0.1 0.11
v -0.275 0.1 0.1
v -0.275 0.1 -0.1
v -0.275 0.1 -0.11
v -0.275 0.1 -0.12
v -0.275 0.1 -0.13
v -0.275 0.11 0.12
v -0.275 0.11 0.11
v -0.275 0.11 0.1
v -0.275 0.11 -0.1
v -0.275 0.11 -0.11
v -0.275 0.11 -0.12
v -0.275 0.12 0.11
v -0.275 0.12 0.1
v -0.275 0.12 0.06
v -0.275 0.12 -0.06
v -0.275 0.12 -0.1
v -0.275 0.12 -0.11
v -0.275 0.13 0.06
v -0.275 0.13 -0.06
v -0.265 0.08 0.13
v -0.265 0.08 0.12
v -0.265 0.08 0.11
v -0.265 0.08 -0.11
v -0.265 0.08 -0.12
v -0.265 0.08 -0.13
v -0.265 0.09 0.13
v -0.265 0.09 0.12
v -0.265 0.09 0.11
v -0.265 0.09 0.1
v -0.265 0.09 0.08
v -0.265 0.09 0.07
v -0.265 0.09 0.02
v -0.265 0.09 -0.02
v -0.265 0.09 -0.07
v -0.265 0.09 -0.08
v -0.265 0.09 -0.1
v -0.265 0.09 -0.11
v -0.265 0.09 -0.12
v -0.265 0.09 -0.13
v -0.265 0.1 0.11
v -0.265 0.1 0.1
v -0.265 0.1 0.08
v -0.265 0.1 0.07
v -0.265 0.1 0.02
v -0.265 0.1 -0.02
v -0.265 0.1 -0.07
v -0.265 0.1 -0.08
v -0.265 0.1 -0.1
v -0.265 0.1 -0.11
v -0.265 0.11 0.1
v -0.265 0.11 0.08
v -0.265 0.11 -0.08
v -0.265 0.11 -0.1
v -0.265 0.12 0.1
v -0.265 0.12 0.06
v -0.265 0.12 -0.06
v -0.265 0.12 -0.1
v -0.265 0.13 0.1
v -0.265 0.13 0.06
v -0.265 0.13 -0.06
v -0.265 0.13 -0.1
v -0.255 0.04 0.08
v -0.255 0.04 0.07
v -0.255 0.04 -0.07
v -0.255 0.04 -0.08
v -0.255 0.05 0.08
v -0.255 0.05 0.07
v -0.255 0.05 -0.07
v -0.255 0.05 -0.08
v -0.255 0.08 0.11
v -0.255 0.08 0.1
v -0.255 0.08 0.08
v -0.255 0.08 -0.08
v -0.255 0.08 -0.1
v -0.255 0.08 -0.11
v -0.255 0.09 0.11
v -0.255 0.09 0.1
v -0.255 0.09 0.08
v -0.255 0.09 0.07
v -0.255 0.09 0.02
v -0.255 0.09 -0.02
v -0.255 0.09 -0.07
v -0.255 0.09 -0.08
v -0.255 0.09 -0.1
v -0.255 0.09 -0.11
v -0.255 0.1 0.08
v -0.255 0.1 0.07
v -0.255 0.1 0.02
v -0.255 0.1 -0.02
v -0.255 0.1 -0.07
v -0.255 0.1 -0.08
v -0.255 0.11 0.08
v -0.255 0.11 0.02
v -0.255 0.11 -0.02
v -0.255 0.11 -0.08
v -0.245 0.04 0.09
v -0.245 0.04 0.08
v -0.245 0.04 0.07
v -0.245 0.04 0.06
v -0.245 0.04 -0.06
v -0.245 0.04 -0.07
v -0.245 0.04 -0.08
v -0.245 0.04 -0.09
v -0.245 0.05 0.09
v -0.245 0.05 0.08
v -0.245 0.05 0.07
v -0.245 0.05 0.06
v -0.245 0.05 -0.06
v -0.245 0.05 -0.07
v -0.245 0.05 -0.08
v -0.245 0.05 -0.09
v -0.235 0.04 0.13
v -0.235 0.04 0.09
v -0.235 0.04 0.06
v -0.235 0.04 -0.06
v -0.235 0.04 -0.09
v -0.235 0.04 -0.13
v -0.235 0.05 0.13
v -0.235 0.05 0.09
v -0.235 0.05 0.06
v -0.235 0.05 -0.06
v -0.235 0.05 -0.09
v -0.235 0.05 -0.13
v -0.225 0.11 0.12
v -0.225 0.11 0.11
v -0.225 0.11 -0.11
v -0.225 0.11 -0.12
v -0.225 0.12 0.12
v -0.225 0.12 0.11
v -0.225 0.12 -0.11
v -0.225 0.12 -0.12
v -0.195 0.1 0.13
v -0.195 0.1 0.12
v -0.195 0.1 -0.12
v -0.195 0.1 -0.13
v -0.195 0.11 0.13
v -0.195 0.11 0.12
v -0.195 0.11 -0.12
v -0.195 0.11 -0.13
v -0.185 0.03 0.12
v -0.185 0.03 0.09
v -0.185 0.03 -0.09
v -0.185 0.03 -0.12
v -0.185 0.05 0.12
v -0.185 0.05 0.09
v -0.185 0.05 -0.09
v -0.185 0.05 -0.12
v -0.175 0.02 0.12
v -0.175 0.02 0.09
v -0.175 0.02 -0.09
v -0.175 0.02 -0.12
v -0.175 0.03 0.12
v -0.175 0.03 0.09
v -0.175 0.03 -0.09
v -0.175 0.03 -0.12
v -0.175 0.05 0.12
v -0.175 0.05 0.09
v -0.175 0.05 -0.09
v -0.175 0.05 -0.12
v -0.175 0.06 0.12
v -0.175 0.06 0.09
v -0.175 0.06 -0.09
v -0.175 0.06 -0.12
v -0.175 0.12 0.11
v -0.175 0.12 0.1
v -0.175 0.12 -0.1
v -0.175 0.12 -0.11
v -0.175 0.13 0.11
v -0.175 0.13 0.1
v -0.175 0.13 0.04
v -0.175 0.13 -0.04
v -0.175 0.13 -0.1
v -0.175 0.13 -0.11
v -0.175 0.14 0.04
v -0.175 0.14 -0.04
v -0.165 0.01 0.12
v -0.165 0.01 0.09
v -0.165 0.01 -0.09
v -0.165 0.01 -0.12
v -0.165 0.02 0.12
v -0.165 0.02 0.09
v -0.165 0.02 -0.09
v -0.165 0.02 -0.12
v -0.165 0.03 0.02
v -0.165 0.03 -0.02
v -0.165 0.04 0.02
v -0.165 0.04 0.01
v -0.165 0.04 -0.01
v -0.165 0.04 -0.02
v -0.165 0.13 0.08
v -0.165 0.13 0.05
v -0.165 0.13 0.04
v -0.165 0.13 -0.04
v -0.165 0.13 -0.05
v -0.165 0.13 -0.08
v -0.165 0.14 0.08
v -0.165 0.14 0.06
v -0.165 0.14 0.04
v -0.165 0.14 -0.04
v -0.165 0.14 -0.06
v -0.165 0.14 -0.08
v -0.165 0.15 0.06
v -0.165 0.15 -0.06
v -0.155 0 0.12
v -0.155 0 0.09
v -0.155 0 -0.09
v -0.155 0 -0.12
v -0.155 0.01 0.12
v -0.155 0.01 0.09
v -0.155 0.01 -0.09
v -0.155 0.01 -0.12
v -0.155 0.03 0.12
v -0.155 0.03 0.11
v -0.155 0.03 0.09
v -0.155 0.03 0.02
v -0.155 0.03 -0.02
v -0.155 0.03 -0.09
v -0.155 0.03 -0.11
v -0.155 0.03 -0.12
v -0.155 0.04 0.06
v -0.155 0.04 0.02
v -0.155 0.04 -0.02
v -0.155 0.04 -0.06
v -0.155 0.05 0.12
v -0.155 0.05 0.11
v -0.155 0.05 0.09
v -0.155 0.05 0.06
v -0.155 0.05 -0.06
v -0.155 0.05 -0.09
v -0.155 0.05 -0.11
v -0.155 0.05 -0.12
v -0.155 0.13 0.1
v -0.155 0.13 0.09
v -0.155 0.13 0.08
v -0.155 0.13 -0.08
v -0.155 0.13 -0.09
v -0.155 0.13 -0.1
v -0.155 0.14 0.08
v -0.155 0.14 0.06
v -0.155 0.14 -0.06
v -0.155 0.14 -0.08
v -0.155 0.15 0.1
v -0.155 0.15 0.09
v -0.155 0.15 0.08
v -0.155 0.15 0.06
v -0.155 0.15 -0.06
v -0.155 0.15 -0.08
v -0.155 0.15 -0.09
v -0.155 0.15 -0.1
v -0.155 0.16 0.08
v -0.155 0.16 -0.08
v -0.145 0.15 0.1
v -0.145 0.15 0.09
v -0.145 0.15 0.08
v -0.145 0.15 -0.08
v -0.145 0.15 -0.09
v -0.145 0.15 -0.1
v -0.145 0.16 0.1
v -0.145 0.16 0.09
v -0.145 0.16 0.08
v -0.145 0.16 -0.08
v -0.145 0.16 -0.09
v -0.145 0.16 -0.1
v -0.145 0.17 0.08
v -0.145 0.17 -0.08
v -0.135 0.02 0.12
v -0.135 0.02 0.11
v -0.135 0.02 -0.11
v -0.135 0.02 -0.12
v -0.135 0.03 0.12
v -0.135 0.03 0.11
v -0.135 0.03 -0.11
v -0.135 0.03 -0.12
v -0.135 0.05 0.12
v -0.135 0.05 0.11
v -0.135 0.05 -0.11
v -0.135 0.05 -0.12
v -0.135 0.06 0.12
v -0.135 0.06 0.11
v -0.135 0.06 -0.11
v -0.135 0.06 -0.12
v -0.135 0.16 0.1
v -0.135 0.16 0.09
v -0.135 0.16 0.08
v -0.135 0.16 -0.08
v -0.135 0.16 -0.09
v -0.135 0.16 -0.1
v -0.135 0.17 0.08
v -0.135 0.17 -0.08
v -0.135 0.18 0.1
v -0.135 0.18 0.09
v -0.135 0.18 -0.09
v -0.135 0.18 -0.1
v -0.125 0.03 0.12
v -0.125 0.03 0.11
v -0.125 0.03 -0.11
v -0.125 0.03 -0.12
v -0.125 0.05 0.12
v -0.125 0.05 0.11
v -0.125 0.05 -0.11
v -0.125 0.05 -0.12
v -0.125 0.18 0.09
v -0.125 0.18 -0.09
v -0.125 0.19 0.09
v -0.125 0.19 -0.09
v -0.115 0.06 0.13
v -0.115 0.06 0.12
v -0.115 0.06 0.09
v -0.115 0.06 0.06
v -0.115 0.06 -0.06
v -0.115 0.06 -0.09
v -0.115 0.06 -0.12
v -0.115 0.06 -0.13
v -0.115 0.07 0.13
v -0.115 0.07 0.12
v -0.115 0.07 0.06
v -0.115 0.07 -0.06
v -0.115 0.07 -0.12
v -0.115 0.07 -0.13
v -0.115 0.13 0.11
v -0.115 0.13 0.1
v -0.115 0.13 -0.1
v -0.115 0.13 -0.11
v -0.115 0.14 0.11
v -0.115 0.14 0.1
v -0.115 0.14 -0.1
v -0.115 0.14 -0.11
v -0.105 0.03 0.13
v -0.105 0.03 0.12
v -0.105 0.03 -0.12
v -0.105 0.03 -0.13
v -0.105 0.04 0.09
v -0.105 0.04 0.06
v -0.105 0.04 -0.06
v -0.105 0.04 -0.09
v -0.105 0.05 0.12
v -0.105 0.05 0.09
v -0.105 0.05 -0.09
v -0.105 0.05 -0.12
v -0.105 0.06 0.13
v -0.105 0.06 0.12
v -0.105 0.06 0.06
v -0.105 0.06 -0.06
v -0.105 0.06 -0.12
v -0.105 0.06 -0.13
v -0.105 0.14 0.11
v -0.105 0.14 0.1
v -0.105 0.14 -0.1
v -0.105 0.14 -0.11
v -0.105 0.15 0.11
v -0.105 0.15 0.1
v -0.105 0.15 -0.1
v -0.105 0.15 -0.11
v -0.095 0.15 0.11
v -0.095 0.15 0.1
v -0.095 0.15 -0.1
v -0.095 0.15 -0.11
v -0.095 0.16 0.11
v -0.095 0.16 0.1
v -0.095 0.16 -0.1
v -0.095 0.16 -0.11
v -0.085 0.16 0.11
v -0.085 0.16 0.1
v -0.085 0.16 -0.1
v -0.085 0.16 -0.11
v -0.085 0.17 0.11
v -0.085 0.17 0.1
v -0.085 0.17 -0.1
v -0.085 0.17 -0.11
v -0.035 0.11 0.13
v -0.035 0.11 0.12
v -0.035 0.11 -0.12
v -0.035 0.11 -0.13
v -0.035 0.12 0.13
v -0.035 0.12 0.12
v -0.035 0.12 -0.12
v -0.035 0.12 -0.13
v 0.035 0.11 0.13
v 0.035 0.11 0.12
v 0.035 0.11 -0.12
v 0.035 0.11 -0.13
v 0.035 0.12 0.15
v 0.035 0.12 0.13
v 0.035 0.12 0.12
v 0.035 0.12 -0.12
v 0.035 0.12 -0.13
v 0.035 0.12 -0.15
v 0.035 0.14 0.15
v 0.035 0.14 0.13
v 0.035 0.14 -0.13
v 0.035 0.14 -0.15
v 0.145 0.13 0.11
v 0.145 0.13 0.1
v 0.145 0.19 0.11
v 0.145 0.19 0.1
v 0.155 0.03 0.13
v 0.155 0.03 0.1
v 0.155 0.03 -0.1
v 0.155 0.03 -0.13
v 0.155 0.05 0.13
v 0.155 0.05 0.1
v 0.155 0.05 -0.1
v 0.155 0.05 -0.13
v 0.165 0.02 0.13
v 0.165 0.02 0.1
v 0.165 0.02 -0.1
v 0.165 0.02 -0.13
v 0.165 0.03 0.13
v 0.165 0.03 0.1
v 0.165 0.03 -0.1
v 0.165 0.03 -0.13
v 0.165 0.05 0.13
v 0.165 0.05 0.1
v 0.165 0.05 -0.1
v 0.165 0.05 -0.13
v 0.165 0.06 0.13
v 0.165 0.06 0.1
v 0.165 0.06 -0.1
v 0.165 0.06 -0.13
v 0.175 0.01 0.13
v 0.175 0.01 0.1
v 0.175 0.01 -0.1
v 0.175 0.01 -0.13
v 0.175 0.02 0.13
v 0.175 0.02 0.1
v 0.175 0.02 -0.1
v 0.175 0.02 -0.13
v 0.175 0.03 0.02
v 0.175 0.03 -0.02
v 0.175 0.04 0.02
v 0.175 0.04 -0.02
v 0.175 0.06 0.13
v 0.175 0.06 0.1
v 0.175 0.06 -0.1
v 0.175 0.06 -0.13
v 0.175 0.07 0.13
v 0.175 0.07 0.1
v 0.175 0.07 -0.1
v 0.175 0.07 -0.13
v 0.185 0 0.13
v 0.185 0 0.1
v 0.185 0 -0.1
v 0.185 0 -0.13
v 0.185 0.01 0.13
v 0.185 0.01 0.1
v 0.185 0.01 -0.1
v 0.185 0.01 -0.13
v 0.185 0.03 0.13
v 0.185 0.03 0.12
v 0.185 0.03 0.1
v 0.185 0.03 0.02
v 0.185 0.03 -0.02
v 0.185 0.03 -0.1
v 0.185 0.03 -0.12
v 0.185 0.03 -0.13
v 0.185 0.04 0.07
v 0.185 0.04 0.03
v 0.185 0.04 0.02
v 0.185 0.04 -0.02
v 0.185 0.04 -0.03
v 0.185 0.04 -0.07
v 0.185 0.05 0.13
v 0.185 0.05 0.12
v 0.185 0.05 0.1
v 0.185 0.05 0.07
v 0.185 0.05 -0.07
v 0.185 0.05 -0.1
v 0.185 0.05 -0.12
v 0.185 0.05 -0.13
v 0.185 0.07 0.13
v 0.185 0.07 0.1
v 0.185 0.07 -0.1
v 0.185 0.07 -0.13
v 0.185 0.08 0.13
v 0.185 0.08 0.1
v 0.185 0.08 -0.1
v 0.185 0.08 -0.13
v 0.205 0.02 0.13
v 0.205 0.02 0.12
v 0.205 0.02 -0.12
v 0.205 0.02 -0.13
v 0.205 0.03 0.13
v 0.205 0.03 0.12
v 0.205 0.03 -0.12
v 0.205 0.03 -0.13
v 0.205 0.05 0.13
v 0.205 0.05 0.12
v 0.205 0.05 -0.12
v 0.205 0.05 -0.13
v 0.205 0.06 0.13
v 0.205 0.06 0.12
v 0.205 0.06 -0.12
v 0.205 0.06 -0.13
v 0.215 0.03 0.13
v 0.215 0.03 0.12
v 0.215 0.03 -0.12
v 0.215 0.03 -0.13
v 0.215 0.05 0.13
v 0.215 0.05 0.12
v 0.215 0.05 -0.12
v 0.215 0.05 -0.13
v 0.215 0.07 0.13
v 0.215 0.07 0.1
v 0.215 0.07 0.07
v 0.215 0.07 -0.07
v 0.215 0.07 -0.1
v 0.215 0.07 -0.13
v 0.215 0.08 0.13
v 0.215 0.08 0.07
v 0.215 0.08 -0.07
v 0.215 0.08 -0.13
v 0.225 0.06 0.13
v 0.225 0.06 0.1
v 0.225 0.06 -0.1
v 0.225 0.06 -0.13
v 0.225 0.07 0.13
v 0.225 0.07 -0.13
v 0.235 0.05 0.13
v 0.235 0.05 0.1
v 0.235 0.05 0.07
v 0.235 0.05 0.03
v 0.235 0.05 -0.03
v 0.235 0.05 -0.07
v 0.235 0.05 -0.1
v 0.235 0.05 -0.13
v 0.235 0.06 0.13
v 0.235 0.06 -0.13
v 0.245 0.04 0.13
v 0.245 0.04 0.07
v 0.245 0.04 -0.07
v 0.245 0.04 -0.13
v 0.245 0.05 0.13
v 0.245 0.05 0.07
v 0.245 0.05 -0.07
v 0.245 0.05 -0.13
v 0.285 0.04 0.04
v 0.285 0.04 0.03
v 0.285 0.04 0.02
v 0.285 0.04 0
v 0.285 0.04 -0.01
v 0.285 0.04 -0.02
v 0.285 0.04 -0.03
v 0.285 0.04 -0.04
v 0.285 0.05 0.04
v 0.285 0.05 0.03
v 0.285 0.05 0.02
v 0.285 0.05 0
v 0.285 0.05 -0.01
v 0.285 0.05 -0.02
v 0.285 0.05 -0.03
v 0.285 0.05 -0.04
v -0.285 0.04 0.04
v -0.285 0.04 0.03
v -0.285 0.04 0.02
v -0.285 0.04 0.01
v -0.285 0.04 0
v -0.285 0.04 -0.02
v -0.285 0.04 -0.03
v -0.285 0.04 -0.04
v -0.285 0.05 0.04
v -0.285 0.05 0.03
v -0.285 0.05 0.02
v -0.285 0.05 0.01
v -0.285 0.05 0
v -0.285 0.05 -0.02
v -0.285 0.05 -0.03
v -0.285 0.05 -0.04
v -0.245 0.03 0.08
v -0.245 0.03 0.07
v -0.245 0.03 -0.07
v -0.245 0.03 -0.08
v -0.245 0.04 0.08
v -0.245 0.04 0.07
v -0.245 0.04 -0.07
v -0.245 0.04 -0.08
v -0.195 0.04 0.13
v -0.195 0.04 0.08
v -0.195 0.04 0.06
v -0.195 0.04 -0.06
v -0.195 0.04 -0.08
v -0.195 0.04 -0.13
v -0.195 0.05 0.13
v -0.195 0.05 0.08
v -0.195 0.05 0.06
v -0.195 0.05 -0.06
v -0.195 0.05 -0.08
v -0.195 0.05 -0.13
v -0.185 0.05 0.13
v -0.185 0.05 0.12
v -0.185 0.05 0.09
v -0.185 0.05 0.06
v -0.185 0.05 -0.06
v -0.185 0.05 -0.09
v -0.185 0.05 -0.12
v -0.185 0.05 -0.13
v -0.185 0.06 0.13
v -0.185 0.06 0.06
v -0.185 0.06 -0.06
v -0.185 0.06 -0.13
v -0.165 0.03 0.12
v -0.165 0.03 0.11
v -0.165 0.03 -0.11
v -0.165 0.03 -0.12
v -0.165 0.05 0.12
v -0.165 0.05 0.11
v -0.165 0.05 -0.11
v -0.165 0.05 -0.12
v -0.165 0.06 0.13
v -0.165 0.06 0.12
v -0.165 0.06 0.09
v -0.165 0.06 0.06
v -0.165 0.06 -0.06
v -0.165 0.06 -0.09
v -0.165 0.06 -0.12
v -0.165 0.06 -0.13
v -0.165 0.07 0.13
v -0.165 0.07 0.12
v -0.165 0.07 0.09
v -0.165 0.07 0.06
v -0.165 0.07 -0.06
v -0.165 0.07 -0.09
v -0.165 0.07 -0.12
v -0.165 0.07 -0.13
v -0.155 0.02 0.12
v -0.155 0.02 0.11
v -0.155 0.02 -0.11
v -0.155 0.02 -0.12
v -0.155 0.03 0.12
v -0.155 0.03 0.11
v -0.155 0.03 -0.11
v -0.155 0.03 -0.12
v -0.155 0.05 0.12
v -0.155 0.05 0.11
v -0.155 0.05 -0.11
v -0.155 0.05 -0.12
v -0.155 0.06 0.12
v -0.155 0.06 0.11
v -0.155 0.06 -0.11
v -0.155 0.06 -0.12
v -0.135 0 0.12
v -0.135 0 0.09
v -0.135 0 -0.09
v -0.135 0 -0.12
v -0.135 0.01 0.12
v -0.135 0.01 0.09
v -0.135 0.01 -0.09
v -0.135 0.01 -0.12
v -0.135 0.03 0.12
v -0.135 0.03 0.11
v -0.135 0.03 0.09
v -0.135 0.03 0.02
v -0.135 0.03 -0.02
v -0.135 0.03 -0.09
v -0.135 0.03 -0.11
v -0.135 0.03 -0.12
v -0.135 0.04 0.06
v -0.135 0.04 0.02
v -0.135 0.04 -0.02
v -0.135 0.04 -0.06
v -0.135 0.05 0.12
v -0.135 0.05 0.11
v -0.135 0.05 0.09
v -0.135 0.05 0.06
v -0.135 0.05 -0.06
v -0.135 0.05 -0.09
v -0.135 0.05 -0.11
v -0.135 0.05 -0.12
v -0.125 0.01 0.12
v -0.125 0.01 0.09
v -0.125 0.01 -0.09
v -0.125 0.01 -0.12
v -0.125 0.02 0.12
v -0.125 0.02 0.09
v -0.125 0.02 -0.09
v -0.125 0.02 -0.12
v -0.125 0.03 0.02
v -0.125 0.03 -0.02
v -0.125 0.04 0.02
v -0.125 0.04 0.01
v -0.125 0.04 -0.01
v -0.125 0.04 -0.02
v -0.125 0.06 0.12
v -0.125 0.06 0.09
v -0.125 0.06 -0.09
v -0.125 0.06 -0.12
v -0.125 0.07 0.12
v -0.125 0.07 0.09
v -0.125 0.07 -0.09
v -0.125 0.07 -0.12
v -0.115 0.02 0.12
v -0.115 0.02 0.09
v -0.115 0.02 -0.09
v -0.115 0.02 -0.12
v -0.115 0.03 0.12
v -0.115 0.03 0.09
v -0.115 0.03 -0.09
v -0.115 0.03 -0.12
v -0.115 0.05 0.12
v -0.115 0.05 0.09
v -0.115 0.05 -0.09
v -0.115 0.05 -0.12
v -0.115 0.06 0.12
v -0.115 0.06 0.09
v -0.115 0.06 -0.09
v -0.115 0.06 -0.12
v -0.105 0.03 0.12
v -0.105 0.03 0.09
v -0.105 0.03 -0.09
v -0.105 0.03 -0.12
v -0.105 0.04 0.12
v -0.105 0.04 0.09
v -0.105 0.04 -0.09
v -0.105 0.04 -0.12
v -0.005 0.11 0.13
v -0.005 0.11 0.12
v -0.005 0.11 -0.12
v -0.005 0.11 -0.13
v -0.005 0.12 0.13
v -0.005 0.12 0.12
v -0.005 0.12 -0.12
v -0.005 0.12 -0.13
v 0.045 0.11 0.13
v 0.045 0.11 0.12
v 0.045 0.11 -0.12
v 0.045 0.11 -0.13
v 0.045 0.12 0.15
v 0.045 0.12 0.13
v 0.045 0.12 0.12
v 0.045 0.12 -0.12
v 0.045 0.12 -0.13
v 0.045 0.12 -0.15
v 0.045 0.14 0.15
v 0.045 0.14 0.13
v 0.045 0.14 -0.13
v 0.045 0.14 -0.15
v 0.085 0.16 0.11
v 0.085 0.16 0.1
v 0.085 0.16 -0.1
v 0.085 0.16 -0.11
v 0.085 0.17 0.11
v 0.085 0.17 0.1
v 0.085 0.17 0.09
v 0.085 0.17 -0.09
v 0.085 0.17 -0.1
v 0.085 0.17 -0.11
v 0.085 0.18 0.1
v 0.085 0.18 0.09
v 0.085 0.18 0.08
v 0.085 0.18 -0.08
v 0.085 0.18 -0.09
v 0.085 0.18 -0.1
v 0.085 0.19 0.09
v 0.085 0.19 0.08
v 0.085 0.19 -0.08
v 0.085 0.19 -0.09
v 0.095 0.15 0.11
v 0.095 0.15 0.1
v 0.095 0.15 -0.1
v 0.095 0.15 -0.11
v 0.095 0.16 0.11
v 0.095 0.16 0.1
v 0.095 0.16 0.09
v 0.095 0.16 -0.09
v 0.095 0.16 -0.1
v 0.095 0.16 -0.11
v 0.095 0.17 0.1
v 0.095 0.17 0.09
v 0.095 0.17 -0.09
v 0.095 0.17 -0.1
v 0.095 0.18 0.09
v 0.095 0.18 -0.09
v 0.105 0.14 0.11
v 0.105 0.14 0.1
v 0.105 0.14 -0.1
v 0.105 0.14 -0.11
v 0.105 0.15 0.11
v 0.105 0.15 0.1
v 0.105 0.15 0.09
v 0.105 0.15 -0.09
v 0.105 0.15 -0.1
v 0.105 0.15 -0.11
v 0.105 0.16 0.1
v 0.105 0.16 0.09
v 0.105 0.16 -0.09
v 0.105 0.16 -0.1
v 0.105 0.17 0.09
v 0.105 0.17 -0.09
v 0.115 0.13 0.11
v 0.115 0.13 0.1
v 0.115 0.13 -0.1
v 0.115 0.13 -0.11
v 0.115 0.14 0.11
v 0.115 0.14 0.1
v 0.115 0.14 0.09
v 0.115 0.14 -0.09
v 0.115 0.14 -0.1
v 0.115 0.14 -0.11
v 0.115 0.15 0.1
v 0.115 0.15 0.09
v 0.115 0.15 -0.09
v 0.115 0.15 -0.1
v 0.115 0.16 0.09
v 0.115 0.16 -0.09
v 0.125 0.13 0.1
v 0.125 0.13 0.09
v 0.125 0.13 -0.09
v 0.125 0.13 -0.1
v 0.125 0.14 0.1
v 0.125 0.14 0.09
v 0.125 0.14 -0.09
v 0.125 0.14 -0.1
v 0.125 0.15 0.09
v 0.125 0.15 -0.09
v 0.135 0.03 0.13
v 0.135 0.03 0.12
v 0.135 0.03 -0.12
v 0.135 0.03 -0.13
v 0.135 0.04 0.13
v 0.135 0.04 0.12
v 0.135 0.04 -0.12
v 0.135 0.04 -0.13
v 0.135 0.13 0.09
v 0.135 0.13 -0.09
v 0.135 0.14 0.09
v 0.135 0.14 -0.09
v 0.145 0.04 0.13
v 0.145 0.04 0.07
v 0.145 0.04 -0.07
v 0.145 0.04 -0.13
v 0.145 0.05 0.13
v 0.145 0.05 0.07
v 0.145 0.05 -0.07
v 0.145 0.05 -0.13
v 0.155 0.05 0.13
v 0.155 0.05 0.1
v 0.155 0.05 0.07
v 0.155 0.05 -0.07
v 0.155 0.05 -0.1
v 0.155 0.05 -0.13
v 0.155 0.06 0.13
v 0.155 0.06 0.07
v 0.155 0.06 -0.07
v 0.155 0.06 -0.13
v 0.155 0.13 0.11
v 0.155 0.13 0.1
v 0.155 0.19 0.11
v 0.155 0.19 0.1
v 0.165 0.06 0.13
v 0.165 0.06 0.1
v 0.165 0.06 0.07
v 0.165 0.06 -0.07
v 0.165 0.06 -0.1
v 0.165 0.06 -0.13
v 0.165 0.07 0.13
v 0.165 0.07 0.07
v 0.165 0.07 -0.07
v 0.165 0.07 -0.13
v 0.175 0.03 0.13
v 0.175 0.03 0.12
v 0.175 0.03 -0.12
v 0.175 0.03 -0.13
v 0.175 0.05 0.13
v 0.175 0.05 0.12
v 0.175 0.05 -0.12
v 0.175 0.05 -0.13
v 0.175 0.07 0.13
v 0.175 0.07 0.1
v 0.175 0.07 0.07
v 0.175 0.07 -0.07
v 0.175 0.07 -0.1
v 0.175 0.07 -0.13
v 0.175 0.08 0.13
v 0.175 0.08 0.07
v 0.175 0.08 -0.07
v 0.175 0.08 -0.13
v 0.185 0.02 0.13
v 0.185 0.02 0.12
v 0.185 0.02 -0.12
v 0.185 0.02 -0.13
v 0.185 0.03 0.13
v 0.185 0.03 0.12
v 0.185 0.03 -0.12
v 0.185 0.03 -0.13
v 0.185 0.05 0.13
v 0.185 0.05 0.12
v 0.185 0.05 -0.12
v 0.185 0.05 -0.13
v 0.185 0.06 0.13
v 0.185 0.06 0.12
v 0.185 0.06 -0.12
v 0.185 0.06 -0.13
v 0.185 0.12 0.11
v 0.185 0.12 0.1
v 0.185 0.12 -0.1
v 0.185 0.12 -0.11
v 0.185 0.13 0.11
v 0.185 0.13 0.1
v 0.185 0.13 -0.1
v 0.185 0.13 -0.11
v 0.195 0.12 0.1
v 0.195 0.12 0.08
v 0.195 0.12 -0.08
v 0.195 0.12 -0.1
v 0.195 0.13 0.1
v 0.195 0.13 0.08
v 0.195 0.13 -0.08
v 0.195 0.13 -0.1
v 0.205 0 0.13
v 0.205 0 0.1
v 0.205 0 -0.1
v 0.205 0 -0.13
v 0.205 0.01 0.13
v 0.205 0.01 0.1
v 0.205 0.01 -0.1
v 0.205 0.01 -0.13
v 0.205 0.03 0.13
v 0.205 0.03 0.12
v 0.205 0.03 0.1
v 0.205 0.03 0.02
v 0.205 0.03 -0.02
v 0.205 0.03 -0.1
v 0.205 0.03 -0.12
v 0.205 0.03 -0.13
v 0.205 0.04 0.07
v 0.205 0.04 0.03
v 0.205 0.04 0.02
v 0.205 0.04 -0.02
v 0.205 0.04 -0.03
v 0.205 0.04 -0.07
v 0.205 0.05 0.13
v 0.205 0.05 0.12
v 0.205 0.05 0.1
v 0.205 0.05 0.07
v 0.205 0.05 -0.07
v 0.205 0.05 -0.1
v 0.205 0.05 -0.12
v 0.205 0.05 -0.13
v 0.205 0.07 0.13
v 0.205 0.07 0.1
v 0.205 0.07 -0.1
v 0.205 0.07 -0.13
v 0.205 0.08 0.13
v 0.205 0.08 0.1
v 0.205 0.08 -0.1
v 0.205 0.08 -0.13
v 0.205 0.1 0.13
v 0.205 0.1 0.12
v 0.205 0.1 -0.12
v 0.205 0.1 -0.13
v 0.205 0.11 0.13
v 0.205 0.11 0.12
v 0.205 0.11 -0.12
v 0.205 0.11 -0.13
v 0.205 0.12 0.08
v 0.205 0.12 0.05
v 0.205 0.12 -0.05
v 0.205 0.12 -0.08
v 0.205 0.13 0.08
v 0.205 0.13 0.05
v 0.205 0.13 -0.05
v 0.205 0.13 -0.08
v 0.215 0.01 0.13
v 0.215 0.01 0.1
v 0.215 0.01 -0.1
v 0.215 0.01 -0.13
v 0.215 0.02 0.13
v 0.215 0.02 0.1
v 0.215 0.02 -0.1
v 0.215 0.02 -0.13
v 0.215 0.03 0.02
v 0.215 0.03 -0.02
v 0.215 0.04 0.02
v 0.215 0.04 -0.02
v 0.215 0.05 0.07
v 0.215 0.05 0.03
v 0.215 0.05 -0.03
v 0.215 0.05 -0.07
v 0.215 0.06 0.13
v 0.215 0.06 0.1
v 0.215 0.06 -0.1
v 0.215 0.06 -0.13
v 0.215 0.07 0.13
v 0.215 0.07 0.1
v 0.215 0.07 0.07
v 0.215 0.07 -0.07
v 0.215 0.07 -0.1
v 0.215 0.07 -0.13
v 0.215 0.11 0.12
v 0.215 0.11 0.11
v 0.215 0.11 -0.11
v 0.215 0.11 -0.12
v 0.215 0.12 0.12
v 0.215 0.12 0.11
v 0.215 0.12 0.05
v 0.215 0.12 -0.05
v 0.215 0.12 -0.11
v 0.215 0.12 -0.12
v 0.215 0.13 0.05
v 0.215 0.13 -0.05
v 0.225 0.02 0.13
v 0.225 0.02 0.1
v 0.225 0.02 -0.1
v 0.225 0.02 -0.13
v 0.225 0.03 0.13
v 0.225 0.03 0.1
v 0.225 0.03 -0.1
v 0.225 0.03 -0.13
v 0.225 0.05 0.13
v 0.225 0.05 0.1
v 0.225 0.05 -0.1
v 0.225 0.05 -0.13
v 0.225 0.06 0.13
v 0.225 0.06 0.1
v 0.225 0.06 -0.1
v 0.225 0.06 -0.13
v 0.235 0.03 0.13
v 0.235 0.03 0.1
v 0.235 0.03 -0.1
v 0.235 0.03 -0.13
v 0.235 0.05 0.13
v 0.235 0.05 0.1
v 0.235 0.05 -0.1
v 0.235 0.05 -0.13
v 0.245 0.11 0.11
v 0.245 0.11 0.1
v 0.245 0.11 -0.1
v 0.245 0.11 -0.11
v 0.245 0.12 0.11
v 0.245 0.12 0.1
v 0.245 0.12 -0.1
v 0.245 0.12 -0.11
v 0.255 0.11 0.1
v 0.255 0.11 -0.1
v 0.255 0.12 0.1
v 0.255 0.12 -0.1
v 0.265 0.07 0.13
v 0.265 0.07 0.11
v 0.265 0.07 0.08
v 0.265 0.07 -0.08
v 0.265 0.07 -0.11
v 0.265 0.07 -0.13
v 0.265 0.08 0.11
v 0.265 0.08 0.1
v 0.265 0.08 0.09
v 0.265 0.08 0.08
v 0.265 0.08 -0.08
v 0.265 0.08 -0.09
v 0.265 0.08 -0.1
v 0.265 0.08 -0.11
v 0.265 0.09 0.13
v 0.265 0.09 0.12
v 0.265 0.09 0.11
v 0.265 0.09 0.1
v 0.265 0.09 0.09
v 0.265 0.09 0.08
v 0.265 0.09 -0.04
v 0.265 0.09 -0.07
v 0.265 0.09 -0.08
v 0.265 0.09 -0.09
v 0.265 0.09 -0.1
v 0.265 0.09 -0.11
v 0.265 0.09 -0.12
v 0.265 0.09 -0.13
v 0.275 0.04 0.13
v 0.275 0.04 -0.13
v 0.275 0.05 0.13
v 0.275 0.05 -0.13
v 0.275 0.09 0.13
v 0.275 0.09 0.12
v 0.275 0.09 0.11
v 0.275 0.09 0.08
v 0.275 0.09 -0.04
v 0.275 0.09 -0.07
v 0.275 0.09 -0.08
v 0.275 0.09 -0.11
v 0.275 0.09 -0.12
v 0.275 0.09 -0.13
v 0.275 0.1 0.13
v 0.275 0.1 0.12
v 0.275 0.1 0.11
v 0.275 0.1 0.1
v 0.275 0.1 0.09
v 0.275 0.1 0.08
v 0.275 0.1 0.02
v 0.275 0.1 -0.02
v 0.275 0.1 -0.04
v 0.275 0.1 -0.07
v 0.275 0.1 -0.08
v 0.275 0.1 -0.09
v 0.275 0.1 -0.1
v 0.275 0.1 -0.11
v 0.275 0.1 -0.12
v 0.275 0.1 -0.13
v 0.275 0.11 0.12
v 0.275 0.11 0.11
v 0.275 0.11 0.1
v 0.275 0.11 0.09
v 0.275 0.11 0.02
v 0.275 0.11 -0.02
v 0.275 0.11 -0.09
v 0.275 0.11 -0.1
v 0.275 0.11 -0.11
v 0.275 0.11 -0.12
v 0.285 0.05 0.13
v 0.285 0.05 0.04
v 0.285 0.05 -0.04
v 0.285 0.05 -0.13
v 0.285 0.06 0.04
v 0.285 0.06 0.03
v 0.285 0.06 0.02
v 0.285 0.06 0.01
v 0.285 0.06 0
v 0.285 0.06 -0.02
v 0.285 0.06 -0.03
v 0.285 0.06 -0.04
v 0.285 0.07 0.13
v 0.285 0.07 -0.13
v 0.295 0.04 0.04
v 0.295 0.04 0.03
v 0.295 0.04 0.02
v 0.295 0.04 0
v 0.295 0.04 -0.01
v 0.295 0.04 -0.02
v 0.295 0.04 -0.03
v 0.295 0.04 -0.04
v 0.295 0.05 0.01
v 0.295 0.05 0
v 0.295 0.05 -0.01
v 0.295 0.06 0.04
v 0.295 0.06 0.03
v 0.295 0.06 0.02
v 0.295 0.06 0.01
v 0.295 0.06 0
v 0.295 0.06 -0.02
v 0.295 0.06 -0.03
v 0.295 0.06 -0.04
v 0.035 0.12 0.15
v 0.035 0.14 0.15
v 0.045 0.12 0.15
v 0.045 0.14 0.15
v -0.285 0.05 0.13
v -0.285 0.07 0.13
v -0.275 0.07 0.13
v -0.275 0.08 0.13
v -0.275 0.09 0.13
v -0.275 0.1 0.13
v -0.265 0.08 0.13
v -0.265 0.09 0.13
v -0.265 0.1 0.13
v -0.255 0.05 0.13
v -0.255 0.07 0.13
v -0.235 0.04 0.13
v -0.235 0.05 0.13
v -0.195 0.04 0.13
v -0.195 0.05 0.13
v -0.195 0.1 0.13
v -0.195 0.11 0.13
v -0.185 0.05 0.13
v -0.185 0.06 0.13
v -0.165 0.06 0.13
v -0.165 0.07 0.13
v -0.115 0.06 0.13
v -0.115 0.07 0.13
v -0.115 0.08 0.13
v -0.105 0.03 0.13
v -0.105 0.06 0.13
v -0.105 0.07 0.13
v -0.095 0.04 0.13
v -0.095 0.06 0.13
v -0.055 0.04 0.13
v -0.055 0.09 0.13
v -0.055 0.1 0.13
v -0.055 0.11 0.13
v -0.045 0.04 0.13
v -0.045 0.09 0.13
v -0.045 0.1 0.13
v -0.045 0.11 0.13
v -0.035 0.1 0.13
v -0.035 0.11 0.13
v -0.035 0.12 0.13
v -0.025 0.1 0.13
v -0.025 0.11 0.13
v -0.005 0.11 0.13
v -0.005 0.12 0.13
v 0.035 0.11 0.13
v 0.035 0.12 0.13
v 0.045 0.11 0.13
v 0.045 0.12 0.13
v 0.105 0.04 0.13
v 0.105 0.09 0.13
v 0.105 0.1 0.13
v 0.105 0.11 0.13
v 0.115 0.04 0.13
v 0.115 0.09 0.13
v 0.115 0.1 0.13
v 0.115 0.11 0.13
v 0.125 0.06 0.13
v 0.125 0.07 0.13
v 0.135 0.03 0.13
v 0.135 0.04 0.13
v 0.135 0.06 0.13
v 0.135 0.07 0.13
v 0.145 0.04 0.13
v 0.145 0.05 0.13
v 0.155 0.03 0.13
v 0.155 0.05 0.13
v 0.155 0.06 0.13
v 0.165 0.02 0.13
v 0.165 0.03 0.13
v 0.165 0.05 0.13
v 0.165 0.06 0.13
v 0.165 0.07 0.13
v 0.175 0.01 0.13
v 0.175 0.02 0.13
v 0.175 0.03 0.13
v 0.175 0.05 0.13
v 0.175 0.06 0.13
v 0.175 0.07 0.13
v 0.175 0.08 0.13
v 0.185 0 0.13
v 0.185 0.01 0.13
v 0.185 0.02 0.13
v 0.185 0.03 0.13
v 0.185 0.05 0.13
v 0.185 0.06 0.13
v 0.185 0.07 0.13
v 0.185 0.08 0.13
v 0.205 0 0.13
v 0.205 0.01 0.13
v 0.205 0.02 0.13
v 0.205 0.03 0.13
v 0.205 0.05 0.13
v 0.205 0.06 0.13
v 0.205 0.07 0.13
v 0.205 0.08 0.13
v 0.205 0.1 0.13
v 0.205 0.11 0.13
v 0.215 0.01 0.13
v 0.215 0.02 0.13
v 0.215 0.03 0.13
v 0.215 0.05 0.13
v 0.215 0.06 0.13
v 0.215 0.07 0.13
v 0.215 0.08 0.13
v 0.225 0.02 0.13
v 0.225 0.03 0.13
v 0.225 0.05 0.13
v 0.225 0.06 0.13
v 0.225 0.07 0.13
v 0.235 0.03 0.13
v 0.235 0.05 0.13
v 0.235 0.06 0.13
v 0.245 0.04 0.13
v 0.245 0.05 0.13
v 0.255 0.04 0.13
v 0.255 0.07 0.13
v 0.255 0.09 0.13
v 0.255 0.1 0.13
v 0.265 0.07 0.13
v 0.265 0.09 0.13
v 0.275 0.04 0.13
v 0.275 0.05 0.13
v 0.275 0.09 0.13
v 0.275 0.1 0.13
v 0.285 0.05 0.13
v 0.285 0.07 0.13
v -0.275 0.1 0.12
v -0.275 0.11 0.12
v -0.265 0.1 0.12
v -0.225 0.11 0.12
v -0.225 0.12 0.12
v -0.195 0.1 0.12
v -0.195 0.11 0.12
v -0.185 0.03 0.12
v -0.185 0.05 0.12
v -0.175 0.02 0.12
v -0.175 0.03 0.12
v -0.175 0.05 0.12
v -0.175 0.06 0.12
v -0.165 0.01 0.12
v -0.165 0.02 0.12
v -0.165 0.03 0.12
v -0.165 0.05 0.12
v -0.165 0.06 0.12
v -0.165 0.07 0.12
v -0.155 0 0.12
v -0.155 0.01 0.12
v -0.155 0.02 0.12
v -0.155 0.03 0.12
v -0.155 0.05 0.12
v -0.155 0.06 0.12
v -0.135 0 0.12
v -0.135 0.01 0.12
v -0.135 0.02 0.12
v -0.135 0.03 0.12
v -0.135 0.05 0.12
v -0.135 0.06 0.12
v -0.125 0.01 0.12
v -0.125 0.02 0.12
v -0.125 0.03 0.12
v -0.125 0.05 0.12
v -0.125 0.06 0.12
v -0.125 0.07 0.12
v -0.115 0.02 0.12
v -0.115 0.03 0.12
v -0.115 0.05 0.12
v -0.115 0.06 0.12
v -0.105 0.03 0.12
v -0.105 0.05 0.12
v -0.055 0.11 0.12
v -0.055 0.12 0.12
v -0.045 0.11 0.12
v -0.045 0.12 0.12
v -0.035 0.11 0.12
v -0.035 0.12 0.12
v -0.005 0.11 0.12
v -0.005 0.12 0.12
v 0.035 0.11 0.12
v 0.035 0.12 0.12
v 0.045 0.11 0.12
v 0.045 0.12 0.12
v 0.105 0.11 0.12
v 0.105 0.12 0.12
v 0.115 0.11 0.12
v 0.115 0.12 0.12
v 0.135 0.11 0.12
v 0.135 0.12 0.12
v 0.155 0.11 0.12
v 0.155 0.12 0.12
v 0.175 0.03 0.12
v 0.175 0.05 0.12
v 0.185 0.02 0.12
v 0.185 0.03 0.12
v 0.185 0.05 0.12
v 0.185 0.06 0.12
v 0.205 0.02 0.12
v 0.205 0.03 0.12
v 0.205 0.05 0.12
v 0.205 0.06 0.12
v 0.205 0.1 0.12
v 0.205 0.11 0.12
v 0.215 0.03 0.12
v 0.215 0.05 0.12
v 0.215 0.11 0.12
v 0.215 0.12 0.12
v 0.255 0.1 0.12
v 0.275 0.1 0.12
v 0.275 0.11 0.12
v -0.275 0.11 0.11
v -0.275 0.12 0.11
v -0.225 0.11 0.11
v -0.225 0.12 0.11
v -0.175 0.12 0.11
v -0.175 0.13 0.11
v -0.165 0.03 0.11
v -0.165 0.05 0.11
v -0.155 0.02 0.11
v -0.155 0.03 0.11
v -0.155 0.05 0.11
v -0.155 0.06 0.11
v -0.135 0.02 0.11
v -0.135 0.03 0.11
v -0.135 0.05 0.11
v -0.135 0.06 0.11
v -0.135 0.12 0.11
v -0.135 0.13 0.11
v -0.125 0.03 0.11
v -0.125 0.05 0.11
v -0.115 0.13 0.11
v -0.115 0.14 0.11
v -0.105 0.14 0.11
v -0.105 0.15 0.11
v -0.095 0.15 0.11
v -0.095 0.16 0.11
v -0.085 0.16 0.11
v -0.085 0.17 0.11
v -0.055 0.12 0.11
v -0.055 0.13 0.11
v -0.055 0.17 0.11
v -0.045 0.12 0.11
v -0.045 0.13 0.11
v -0.045 0.17 0.11
v 0.035 0.13 0.11
v 0.035 0.17 0.11
v 0.045 0.13 0.11
v 0.045 0.17 0.11
v 0.055 0.16 0.11
v 0.055 0.17 0.11
v 0.065 0.15 0.11
v 0.065 0.16 0.11
v 0.065 0.17 0.11
v 0.075 0.14 0.11
v 0.075 0.15 0.11
v 0.075 0.16 0.11
v 0.075 0.17 0.11
v 0.085 0.13 0.11
v 0.085 0.14 0.11
v 0.085 0.15 0.11
v 0.085 0.16 0.11
v 0.085 0.17 0.11
v 0.095 0.13 0.11
v 0.095 0.14 0.11
v 0.095 0.15 0.11
v 0.095 0.16 0.11
v 0.105 0.12 0.11
v 0.105 0.13 0.11
v 0.105 0.14 0.11
v 0.105 0.15 0.11
v 0.115 0.12 0.11
v 0.115 0.13 0.11
v 0.115 0.14 0.11
v 0.125 0.12 0.11
v 0.125 0.13 0.11
v 0.135 0.12 0.11
v 0.145 0.13 0.11
v 0.145 0.19 0.11
v 0.155 0.12 0.11
v 0.155 0.13 0.11
v 0.155 0.19 0.11
v 0.185 0.12 0.11
v 0.185 0.13 0.11
v 0.215 0.11 0.11
v 0.215 0.12 0.11
v 0.245 0.11 0.11
v 0.245 0.12 0.11
v -0.265 0.12 0.1
v -0.265 0.13 0.1
v -0.175 0.12 0.1
v -0.175 0.13 0.1
v -0.155 0.13 0.1
v -0.155 0.15 0.1
v -0.145 0.13 0.1
v -0.145 0.15 0.1
v -0.145 0.16 0.1
v -0.135 0.13 0.1
v -0.135 0.15 0.1
v -0.135 0.16 0.1
v -0.135 0.18 0.1
v -0.125 0.13 0.1
v -0.125 0.14 0.1
v -0.125 0.16 0.1
v -0.125 0.18 0.1
v -0.115 0.13 0.1
v -0.115 0.14 0.1
v -0.115 0.15 0.1
v -0.105 0.14 0.1
v -0.105 0.15 0.1
v -0.105 0.16 0.1
v -0.095 0.15 0.1
v -0.095 0.16 0.1
v -0.095 0.17 0.1
v -0.085 0.16 0.1
v -0.085 0.17 0.1
v -0.085 0.18 0.1
v -0.055 0.17 0.1
v -0.045 0.17 0.1
v 0.035 0.17 0.1
v 0.045 0.17 0.1
v 0.055 0.17 0.1
v 0.055 0.18 0.1
v 0.065 0.17 0.1
v 0.075 0.17 0.1
v 0.075 0.18 0.1
v 0.085 0.16 0.1
v 0.085 0.17 0.1
v 0.085 0.18 0.1
v 0.095 0.15 0.1
v 0.095 0.16 0.1
v 0.095 0.17 0.1
v 0.105 0.14 0.1
v 0.105 0.15 0.1
v 0.105 0.16 0.1
v 0.115 0.13 0.1
v 0.115 0.14 0.1
v 0.115 0.15 0.1
v 0.125 0.13 0.1
v 0.125 0.14 0.1
v 0.185 0.12 0.1
v 0.185 0.13 0.1
v 0.195 0.12 0.1
v 0.195 0.13 0.1
v 0.245 0.11 0.1
v 0.245 0.12 0.1
v 0.255 0.11 0.1
v 0.255 0.12 0.1
v -0.245 0.04 0.09
v -0.245 0.05 0.09
v -0.235 0.04 0.09
v -0.235 0.05 0.09
v -0.125 0.18 0.09
v -0.125 0.19 0.09
v -0.115 0.18 0.09
v -0.115 0.19 0.09
v -0.085 0.18 0.09
v 0.055 0.18 0.09
v 0.075 0.18 0.09
v 0.075 0.19 0.09
v 0.085 0.17 0.09
v 0.085 0.18 0.09
v 0.085 0.19 0.09
v 0.095 0.16 0.09
v 0.095 0.17 0.09
v 0.095 0.18 0.09
v 0.105 0.15 0.09
v 0.105 0.16 0.09
v 0.105 0.17 0.09
v 0.115 0.14 0.09
v 0.115 0.15 0.09
v 0.115 0.16 0.09
v 0.125 0.13 0.09
v 0.125 0.14 0.09
v 0.125 0.15 0.09
v 0.135 0.13 0.09
v 0.135 0.14 0.09
v -0.285 0.03 0.08
v -0.285 0.04 0.08
v -0.255 0.04 0.08
v -0.255 0.05 0.08
v -0.245 0.03 0.08
v -0.245 0.04 0.08
v -0.245 0.05 0.08
v -0.165 0.13 0.08
v -0.165 0.14 0.08
v -0.155 0.13 0.08
v -0.155 0.14 0.08
v -0.155 0.15 0.08
v -0.155 0.16 0.08
v -0.145 0.15 0.08
v -0.145 0.16 0.08
v -0.145 0.17 0.08
v -0.135 0.16 0.08
v -0.135 0.17 0.08
v 0.195 0.12 0.08
v 0.195 0.13 0.08
v 0.205 0.12 0.08
v 0.205 0.13 0.08
v 0.145 0.04 0.07
v 0.145 0.05 0.07
v 0.155 0.05 0.07
v 0.155 0.06 0.07
v 0.165 0.06 0.07
v 0.165 0.07 0.07
v 0.175 0.07 0.07
v 0.175 0.08 0.07
v 0.185 0.04 0.07
v 0.185 0.05 0.07
v 0.205 0.04 0.07
v 0.205 0.05 0.07
v 0.215 0.05 0.07
v 0.215 0.07 0.07
v 0.215 0.08 0.07
v 0.235 0.05 0.07
v 0.245 0.04 0.07
v 0.245 0.05 0.07
v -0.275 0.12 0.06
v -0.275 0.13 0.06
v -0.265 0.12 0.06
v -0.265 0.13 0.06
v -0.195 0.04 0.06
v -0.195 0.05 0.06
v -0.185 0.04 0.06
v -0.185 0.05 0.06
v -0.185 0.06 0.06
v -0.165 0.06 0.06
v -0.165 0.07 0.06
v -0.165 0.14 0.06
v -0.165 0.15 0.06
v -0.155 0.04 0.06
v -0.155 0.05 0.06
v -0.155 0.14 0.06
v -0.155 0.15 0.06
v -0.135 0.04 0.06
v -0.135 0.05 0.06
v -0.115 0.06 0.06
v -0.115 0.07 0.06
v -0.105 0.04 0.06
v -0.105 0.06 0.06
v 0.205 0.12 0.05
v 0.205 0.13 0.05
v 0.215 0.12 0.05
v 0.215 0.13 0.05
v -0.295 0.04 0.04
v -0.295 0.06 0.04
v -0.285 0.04 0.04
v -0.285 0.05 0.04
v -0.285 0.06 0.04
v -0.175 0.13 0.04
v -0.175 0.14 0.04
v -0.165 0.13 0.04
v -0.165 0.14 0.04
v 0.285 0.04 0.04
v 0.285 0.05 0.04
v 0.285 0.06 0.04
v 0.295 0.04 0.04
v 0.295 0.06 0.04
v -0.165 0.03 0.02
v -0.165 0.04 0.02
v -0.155 0.03 0.02
v -0.155 0.04 0.02
v -0.135 0.03 0.02
v -0.135 0.04 0.02
v -0.125 0.03 0.02
v -0.125 0.04 0.02
v 0.175 0.03 0.02
v 0.175 0.04 0.02
v 0.185 0.03 0.02
v 0.185 0.04 0.02
v 0.205 0.03 0.02
v 0.205 0.04 0.02
v 0.215 0.03 0.02
v 0.215 0.04 0.02
v -0.245 0.04 -0.06
v -0.245 0.05 -0.06
v -0.235 0.04 -0.06
v -0.235 0.05 -0.06
v -0.285 0.03 -0.07
v -0.285 0.04 -0.07
v -0.255 0.04 -0.07
v -0.255 0.05 -0.07
v -0.245 0.03 -0.07
v -0.245 0.04 -0.07
v -0.245 0.05 -0.07
v -0.265 0.1 -0.08
v -0.265 0.11 -0.08
v -0.255 0.1 -0.08
v -0.255 0.11 -0.08
v -0.185 0.03 -0.09
v -0.185 0.05 -0.09
v -0.175 0.02 -0.09
v -0.175 0.03 -0.09
v -0.175 0.05 -0.09
v -0.175 0.06 -0.09
v -0.165 0.01 -0.09
v -0.165 0.02 -0.09
v -0.165 0.06 -0.09
v -0.165 0.07 -0.09
v -0.155 0 -0.09
v -0.155 0.01 -0.09
v -0.155 0.03 -0.09
v -0.155 0.05 -0.09
v -0.135 0 -0.09
v -0.135 0.01 -0.09
v -0.135 0.03 -0.09
v -0.135 0.05 -0.09
v -0.125 0.01 -0.09
v -0.125 0.02 -0.09
v -0.125 0.06 -0.09
v -0.125 0.07 -0.09
v -0.115 0.02 -0.09
v -0.115 0.03 -0.09
v -0.115 0.05 -0.09
v -0.115 0.06 -0.09
v -0.105 0.03 -0.09
v -0.105 0.04 -0.09
v -0.105 0.05 -0.09
v -0.275 0.1 -0.1
v -0.275 0.11 -0.1
v -0.275 0.12 -0.1
v -0.265 0.1 -0.1
v -0.265 0.11 -0.1
v -0.265 0.12 -0.1
v 0.155 0.03 -0.1
v 0.155 0.05 -0.1
v 0.165 0.02 -0.1
v 0.165 0.03 -0.1
v 0.165 0.05 -0.1
v 0.165 0.06 -0.1
v 0.175 0.01 -0.1
v 0.175 0.02 -0.1
v 0.175 0.06 -0.1
v 0.175 0.07 -0.1
v 0.185 0 -0.1
v 0.185 0.01 -0.1
v 0.185 0.03 -0.1
v 0.185 0.05 -0.1
v 0.185 0.07 -0.1
v 0.185 0.08 -0.1
v 0.205 0 -0.1
v 0.205 0.01 -0.1
v 0.205 0.03 -0.1
v 0.205 0.05 -0.1
v 0.205 0.07 -0.1
v 0.205 0.08 -0.1
v 0.215 0.01 -0.1
v 0.215 0.02 -0.1
v 0.215 0.06 -0.1
v 0.215 0.07 -0.1
v 0.225 0.02 -0.1
v 0.225 0.03 -0.1
v 0.225 0.05 -0.1
v 0.225 0.06 -0.1
v 0.235 0.03 -0.1
v 0.235 0.05 -0.1
v -0.275 0.09 -0.11
v -0.275 0.1 -0.11
v -0.265 0.08 -0.11
v -0.265 0.09 -0.11
v -0.265 0.1 -0.11
v -0.255 0.08 -0.11
v -0.255 0.09 -0.11
v -0.105 0.03 -0.12
v -0.105 0.04 -0.12
v 0.135 0.03 -0.12
v 0.135 0.04 -0.12
v 0.035 0.12 -0.13
v 0.035 0.14 -0.13
v 0.045 0.12 -0.13
v 0.045 0.14 -0.13
v 0.035 0.12 0.13
v 0.035 0.14 0.13
v 0.045 0.12 0.13
v 0.045 0.14 0.13
v -0.105 0.03 0.12
v -0.105 0.04 0.12
v 0.135 0.03 0.12
v 0.135 0.04 0.12
v -0.275 0.09 0.11
v -0.275 0.1 0.11
v -0.265 0.08 0.11
v -0.265 0.09 0.11
v -0.265 0.1 0.11
v -0.255 0.08 0.11
v -0.255 0.09 0.11
v -0.275 0.1 0.1
v -0.275 0.11 0.1
v -0.275 0.12 0.1
v -0.265 0.1 0.1
v -0.265 0.11 0.1
v -0.265 0.12 0.1
v 0.145 0.13 0.1
v 0.145 0.19 0.1
v 0.155 0.03 0.1
v 0.155 0.05 0.1
v 0.155 0.13 0.1
v 0.155 0.19 0.1
v 0.165 0.02 0.1
v 0.165 0.03 0.1
v 0.165 0.05 0.1
v 0.165 0.06 0.1
v 0.175 0.01 0.1
v 0.175 0.02 0.1
v 0.175 0.06 0.1
v 0.175 0.07 0.1
v 0.185 0 0.1
v 0.185 0.01 0.1
v 0.185 0.03 0.1
v 0.185 0.05 0.1
v 0.185 0.07 0.1
v 0.185 0.08 0.1
v 0.205 0 0.1
v 0.205 0.01 0.1
v 0.205 0.03 0.1
v 0.205 0.05 0.1
v 0.205 0.07 0.1
v 0.205 0.08 0.1
v 0.215 0.01 0.1
v 0.215 0.02 0.1
v 0.215 0.06 0.1
v 0.215 0.07 0.1
v 0.225 0.02 0.1
v 0.225 0.03 0.1
v 0.225 0.05 0.1
v 0.225 0.06 0.1
v 0.235 0.03 0.1
v 0.235 0.05 0.1
v -0.185 0.03 0.09
v -0.185 0.05 0.09
v -0.175 0.02 0.09
v -0.175 0.03 0.09
v -0.175 0.05 0.09
v -0.175 0.06 0.09
v -0.165 0.01 0.09
v -0.165 0.02 0.09
v -0.165 0.06 0.09
v -0.165 0.07 0.09
v -0.155 0 0.09
v -0.155 0.01 0.09
v -0.155 0.03 0.09
v -0.155 0.05 0.09
v -0.135 0 0.09
v -0.135 0.01 0.09
v -0.135 0.03 0.09
v -0.135 0.05 0.09
v -0.125 0.01 0.09
v -0.125 0.02 0.09
v -0.125 0.06 0.09
v -0.125 0.07 0.09
v -0.115 0.02 0.09
v -0.115 0.03 0.09
v -0.115 0.05 0.09
v -0.115 0.06 0.09
v -0.105 0.03 0.09
v -0.105 0.04 0.09
v -0.105 0.05 0.09
v -0.265 0.1 0.08
v -0.265 0.11 0.08
v -0.255 0.1 0.08
v -0.255 0.11 0.08
v -0.285 0.03 0.07
v -0.285 0.04 0.07
v -0.255 0.04 0.07
v -0.255 0.05 0.07
v -0.245 0.03 0.07
v -0.245 0.04 0.07
v -0.245 0.05 0.07
v -0.245 0.04 0.06
v -0.245 0.05 0.06
v -0.235 0.04 0.06
v -0.235 0.05 0.06
v -0.165 0.03 -0.02
v -0.165 0.04 -0.02
v -0.155 0.03 -0.02
v -0.155 0.04 -0.02
v -0.135 0.03 -0.02
v -0.135 0.04 -0.02
v -0.125 0.03 -0.02
v -0.125 0.04 -0.02
v 0.175 0.03 -0.02
v 0.175 0.04 -0.02
v 0.185 0.03 -0.02
v 0.185 0.04 -0.02
v 0.205 0.03 -0.02
v 0.205 0.04 -0.02
v 0.215 0.03 -0.02
v 0.215 0.04 -0.02
v -0.295 0.04 -0.04
v -0.295 0.06 -0.04
v -0.285 0.04 -0.04
v -0.285 0.05 -0.04
v -0.285 0.06 -0.04
v -0.175 0.13 -0.04
v -0.175 0.14 -0.04
v -0.165 0.13 -0.04
v -0.165 0.14 -0.04
v 0.285 0.04 -0.04
v 0.285 0.05 -0.04
v 0.285 0.06 -0.04
v 0.295 0.04 -0.04
v 0.295 0.06 -0.04
v 0.205 0.12 -0.05
v 0.205 0.13 -0.05
v 0.215 0.12 -0.05
v 0.215 0.13 -0.05
v -0.275 0.12 -0.06
v -0.275 0.13 -0.06
v -0.265 0.12 -0.06
v -0.265 0.13 -0.06
v -0.195 0.04 -0.06
v -0.195 0.05 -0.06
v -0.185 0.04 -0.06
v -0.185 0.05 -0.06
v -0.185 0.06 -0.06
v -0.165 0.06 -0.06
v -0.165 0.07 -0.06
v -0.165 0.14 -0.06
v -0.165 0.15 -0.06
v -0.155 0.04 -0.06
v -0.155 0.05 -0.06
v -0.155 0.14 -0.06
v -0.155 0.15 -0.06
v -0.135 0.04 -0.06
v -0.135 0.05 -0.06
v -0.115 0.06 -0.06
v -0.115 0.07 -0.06
v -0.105 0.04 -0.06
v -0.105 0.06 -0.06
v 0.145 0.04 -0.07
v 0.145 0.05 -0.07
v 0.155 0.05 -0.07
v 0.155 0.06 -0.07
v 0.165 0.06 -0.07
v 0.165 0.07 -0.07
v 0.175 0.07 -0.07
v 0.175 0.08 -0.07
v 0.185 0.04 -0.07
v 0.185 0.05 -0.07
v 0.205 0.04 -0.07
v 0.205 0.05 -0.07
v 0.215 0.05 -0.07
v 0.215 0.07 -0.07
v 0.215 0.08 -0.07
v 0.235 0.05 -0.07
v 0.245 0.04 -0.07
v 0.245 0.05 -0.07
v -0.285 0.03 -0.08
v -0.285 0.04 -0.08
v -0.255 0.04 -0.08
v -0.255 0.05 -0.08
v -0.245 0.03 -0.08
v -0.245 0.04 -0.08
v -0.245 0.05 -0.08
v -0.165 0.13 -0.08
v -0.165 0.14 -0.08
v -0.155 0.13 -0.08
v -0.155 0.14 -0.08
v -0.155 0.15 -0.08
v -0.155 0.16 -0.08
v -0.145 0.15 -0.08
v -0.145 0.16 -0.08
v -0.145 0.17 -0.08
v -0.135 0.16 -0.08
v -0.135 0.17 -0.08
v 0.195 0.12 -0.08
v 0.195 0.13 -0.08
v 0.205 0.12 -0.08
v 0.205 0.13 -0.08
v -0.245 0.04 -0.09
v -0.245 0.05 -0.09
v -0.235 0.04 -0.09
v -0.235 0.05 -0.09
v -0.125 0.18 -0.09
v -0.125 0.19 -0.09
v -0.115 0.18 -0.09
v -0.115 0.19 -0.09
v -0.085 0.18 -0.09
v 0.055 0.18 -0.09
v 0.075 0.18 -0.09
v 0.075 0.19 -0.09
v 0.085 0.17 -0.09
v 0.085 0.18 -0.09
v 0.085 0.19 -0.09
v 0.095 0.16 -0.09
v 0.095 0.17 -0.09
v 0.095 0.18 -0.09
v 0.105 0.15 -0.09
v 0.105 0.16 -0.09
v 0.105 0.17 -0.09
v 0.115 0.14 -0.09
v 0.115 0.15 -0.09
v 0.115 0.16 -0.09
v 0.125 0.13 -0.09
v 0.125 0.14 -0.09
v 0.125 0.15 -0.09
v 0.135 0.13 -0.09
v 0.135 0.14 -0.09
v -0.265 0.12 -0.1
v -0.265 0.13 -0.1
v -0.175 0.12 -0.1
v -0.175 0.13 -0.1
v -0.155 0.13 -0.1
v -0.155 0.15 -0.1
v -0.145 0.13 -0.1
v -0.145 0.15 -0.1
v -0.145 0.16 -0.1
v -0.135 0.13 -0.1
v -0.135 0.15 -0.1
v -0.135 0.16 -0.1
v -0.135 0.18 -0.1
v -0.125 0.13 -0.1
v -0.125 0.14 -0.1
v -0.125 0.16 -0.1
v -0.125 0.18 -0.1
v -0.115 0.13 -0.1
v -0.115 0.14 -0.1
v -0.115 0.15 -0.1
v -0.105 0.14 -0.1
v -0.105 0.15 -0.1
v -0.105 0.16 -0.1
v -0.095 0.15 -0.1
v -0.095 0.16 -0.1
v -0.095 0.17 -0.1
v -0.085 0.16 -0.1
v -0.085 0.17 -0.1
v -0.085 0.18 -0.1
v -0.055 0.17 -0.1
v -0.045 0.17 -0.1
v 0.035 0.17 -0.1
v 0.045 0.17 -0.1
v 0.055 0.17 -0.1
v 0.055 0.18 -0.1
v 0.065 0.17 -0.1
v 0.075 0.17 -0.1
v 0.075 0.18 -0.1
v 0.085 0.16 -0.1
v 0.085 0.17 -0.1
v 0.085 0.18 -0.1
v 0.095 0.15 -0.1
v 0.095 0.16 -0.1
v 0.095 0.17 -0.1
v 0.105 0.14 -0.1
v 0.105 0.15 -0.1
v 0.105 0.16 -0.1
v 0.115 0.13 -0.1
v 0.115 0.14 -0.1
v 0.115 0.15 -0.1
v 0.125 0.13 -0.1
v 0.125 0.14 -0.1
v 0.185 0.12 -0.1
v 0.185 0.13 -0.1
v 0.195 0.12 -0.1
v 0.195 0.13 -0.1
v 0.245 0.11 -0.1
v 0.245 0.12 -0.1
v 0.255 0.11 -0.1
v 0.255 0.12 -0.1
v -0.275 0.11 -0.11
v -0.275 0.12 -0.11
v -0.225 0.11 -0.11
v -0.225 0.12 -0.11
v -0.175 0.12 -0.11
v -0.175 0.13 -0.11
v -0.165 0.03 -0.11
v -0.165 0.05 -0.11
v -0.155 0.02 -0.11
v -0.155 0.03 -0.11
v -0.155 0.05 -0.11
v -0.155 0.06 -0.11
v -0.135 0.02 -0.11
v -0.135 0.03 -0.11
v -0.135 0.05 -0.11
v -0.135 0.06 -0.11
v -0.135 0.12 -0.11
v -0.135 0.13 -0.11
v -0.125 0.03 -0.11
v -0.125 0.05 -0.11
v -0.115 0.13 -0.11
v -0.115 0.14 -0.11
v -0.105 0.14 -0.11
v -0.105 0.15 -0.11
v -0.095 0.15 -0.11
v -0.095 0.16 -0.11
v -0.085 0.16 -0.11
v -0.085 0.17 -0.11
v -0.055 0.12 -0.11
v -0.055 0.13 -0.11
v -0.055 0.17 -0.11
v -0.045 0.12 -0.11
v -0.045 0.13 -0.11
v -0.045 0.17 -0.11
v 0.035 0.13 -0.11
v 0.035 0.17 -0.11
v 0.045 0.13 -0.11
v 0.045 0.17 -0.11
v 0.055 0.16 -0.11
v 0.055 0.17 -0.11
v 0.065 0.15 -0.11
v 0.065 0.16 -0.11
v 0.065 0.17 -0.11
v 0.075 0.14 -0.11
v 0.075 0.15 -0.11
v 0.075 0.16 -0.11
v 0.075 0.17 -0.11
v 0.085 0.13 -0.11
v 0.085 0.14 -0.11
v 0.085 0.15 -0.11
v 0.085 0.16 -0.11
v 0.085 0.17 -0.11
v 0.095 0.13 -0.11
v 0.095 0.14 -0.11
v 0.095 0.15 -0.11
v 0.095 0.16 -0.11
v 0.105 0.12 -0.11
v 0.105 0.13 -0.11
v 0.105 0.14 -0.11
v 0.105 0.15 -0.11
v 0.115 0.12 -0.11
v 0.115 0.13 -0.11
v 0.115 0.14 -0.11
v 0.125 0.12 -0.11
v 0.125 0.13 -0.11
v 0.135 0.12 -0.11
v 0.155 0.12 -0.11
v 0.185 0.12 -0.11
v 0.185 0.13 -0.11
v 0.215 0.11 -0.11
v 0.215 0.12 -0.11
v 0.245 0.11 -0.11
v 0.245 0.12 -0.11
v -0.275 0.1 -0.12
v -0.275 0.11 -0.12
v -0.265 0.1 -0.12
v -0.225 0.11 -0.12
v -0.225 0.12 -0.12
v -0.195 0.1 -0.12
v -0.195 0.11 -0.12
v -0.185 0.03 -0.12
v -0.185 0.05 -0.12
v -0.175 0.02 -0.12
v -0.175 0.03 -0.12
v -0.175 0.05 -0.12
v -0.175 0.06 -0.12
v -0.165 0.01 -0.12
v -0.165 0.02 -0.12
v -0.165 0.03 -0.12
v -0.165 0.05 -0.12
v -0.165 0.06 -0.12
v -0.165 0.07 -0.12
v -0.155 0 -0.12
v -0.155 0.01 -0.12
v -0.155 0.02 -0.12
v -0.155 0.03 -0.12
v -0.155 0.05 -0.12
v -0.155 0.06 -0.12
v -0.135 0 -0.12
v -0.135 0.01 -0.12
v -0.135 0.02 -0.12
v -0.135 0.03 -0.12
v -0.135 0.05 -0.12
v -0.135 0.06 -0.12
v -0.125 0.01 -0.12
v -0.125 0.02 -0.12
v -0.125 0.03 -0.12
v -0.125 0.05 -0.12
v -0.125 0.06 -0.12
v -0.125 0.07 -0.12
v -0.115 0.02 -0.12
v -0.115 0.03 -0.12
v -0.115 0.05 -0.12
v -0.115 0.06 -0.12
v -0.105 0.03 -0.12
v -0.105 0.05 -0.12
v -0.055 0.11 -0.12
v -0.055 0.12 -0.12
v -0.045 0.11 -0.12
v -0.045 0.12 -0.12
v -0.035 0.11 -0.12
v -0.035 0.12 -0.12
v -0.005 0.11 -0.12
v -0.005 0.12 -0.12
v 0.035 0.11 -0.12
v 0.035 0.12 -0.12
v 0.045 0.11 -0.12
v 0.045 0.12 -0.12
v 0.105 0.11 -0.12
v 0.105 0.12 -0.12
v 0.115 0.11 -0.12
v 0.115 0.12 -0.12
v 0.135 0.11 -0.12
v 0.135 0.12 -0.12
v 0.155 0.11 -0.12
v 0.155 0.12 -0.12
v 0.175 0.03 -0.12
v 0.175 0.05 -0.12
v 0.185 0.02 -0.12
v 0.185 0.03 -0.12
v 0.185 0.05 -0.12
v 0.185 0.06 -0.12
v 0.205 0.02 -0.12
v 0.205 0.03 -0.12
v 0.205 0.05 -0.12
v 0.205 0.06 -0.12
v 0.205 0.1 -0.12
v 0.205 0.11 -0.12
v 0.215 0.03 -0.12
v 0.215 0.05 -0.12
v 0.215 0.11 -0.12
v 0.215 0.12 -0.12
v 0.255 0.1 -0.12
v 0.275 0.1 -0.12
v 0.275 0.11 -0.12
v -0.285 0.05 -0.13
v -0.285 0.07 -0.13
v -0.275 0.07 -0.13
v -0.275 0.08 -0.13
v -0.275 0.09 -0.13
v -0.275 0.1 -0.13
v -0.265 0.08 -0.13
v -0.265 0.09 -0.13
v -0.265 0.1 -0.13
v -0.255 0.05 -0.13
v -0.255 0.07 -0.13
v -0.235 0.04 -0.13
v -0.235 0.05 -0.13
v -0.195 0.04 -0.13
v -0.195 0.05 -0.13
v -0.195 0.1 -0.13
v -0.195 0.11 -0.13
v -0.185 0.05 -0.13
v -0.185 0.06 -0.13
v -0.165 0.06 -0.13
v -0.165 0.07 -0.13
v -0.115 0.06 -0.13
v -0.115 0.07 -0.13
v -0.115 0.08 -0.13
v -0.105 0.03 -0.13
v -0.105 0.06 -0.13
v -0.105 0.07 -0.13
v -0.095 0.04 -0.13
v -0.095 0.06 -0.13
v -0.055 0.04 -0.13
v -0.055 0.09 -0.13
v -0.055 0.1 -0.13
v -0.055 0.11 -0.13
v -0.045 0.04 -0.13
v -0.045 0.09 -0.13
v -0.045 0.1 -0.13
v -0.045 0.11 -0.13
v -0.035 0.1 -0.13
v -0.035 0.11 -0.13
v -0.035 0.12 -0.13
v -0.025 0.1 -0.13
v -0.025 0.11 -0.13
v -0.005 0.11 -0.13
v -0.005 0.12 -0.13
v 0.035 0.11 -0.13
v 0.035 0.12 -0.13
v 0.045 0.11 -0.13
v 0.045 0.12 -0.13
v 0.105 0.04 -0.13
v 0.105 0.09 -0.13
v 0.105 0.1 -0.13
v 0.105 0.11 -0.13
v 0.115 0.04 -0.13
v 0.115 0.09 -0.13
v 0.115 0.1 -0.13
v 0.115 0.11 -0.13
v 0.125 0.06 -0.13
v 0.125 0.07 -0.13
v 0.135 0.03 -0.13
v 0.135 0.04 -0.13
v 0.135 0.06 -0.13
v 0.135 0.07 -0.13
v 0.145 0.04 -0.13
v 0.145 0.05 -0.13
v 0.155 0.03 -0.13
v 0.155 0.05 -0.13
v 0.155 0.06 -0.13
v 0.165 0.02 -0.13
v 0.165 0.03 -0.13
v 0.165 0.05 -0.13
v 0.165 0.06 -0.13
v 0.165 0.07 -0.13
v 0.175 0.01 -0.13
v 0.175 0.02 -0.13
v 0.175 0.03 -0.13
v 0.175 0.05 -0.13
v 0.175 0.06 -0.13
v 0.175 0.07 -0.13
v 0.175 0.08 -0.13
v 0.185 0 -0.13
v 0.185 0.01 -0.13
v 0.185 0.02 -0.13
v 0.185 0.03 -0.13
v 0.185 0.05 -0.13
v 0.185 0.06 -0.13
v 0.185 0.07 -0.13
v 0.185 0.08 -0.13
v 0.205 0 -0.13
v 0.205 0.01 -0.13
v 0.205 0.02 -0.13
v 0.205 0.03 -0.13
v 0.205 0.05 -0.13
v 0.205 0.06 -0.13
v 0.205 0.07 -0.13
v 0.205 0.08 -0.13
v 0.205 0.1 -0.13
v 0.205 0.11 -0.13
v 0.215 0.01 -0.13
v 0.215 0.02 -0.13
v 0.215 0.03 -0.13
v 0.215 0.05 -0.13
v 0.215 0.06 -0.13
v 0.215 0.07 -0.13
v 0.215 0.08 -0.13
v 0.225 0.02 -0.13
v 0.225 0.03 -0.13
v 0.225 0.05 -0.13
v 0.225 0.06 -0.13
v 0.225 0.07 -0.13
v 0.235 0.03 -0.13
v 0.235 0.05 -0.13
v 0.235 0.06 -0.13
v 0.245 0.04 -0.13
v 0.245 0.05 -0.13
v 0.255 0.04 -0.13
v 0.255 0.07 -0.13
v 0.255 0.09 -0.13
v 0.255 0.1 -0.13
v 0.265 0.07 -0.13
v 0.265 0.09 -0.13
v 0.275 0.04 -0.13
v 0.275 0.05 -0.13
v 0.275 0.09 -0.13
v 0.275 0.1 -0.13
v 0.285 0.05 -0.13
v 0.285 0.07 -0.13
v 0.035 0.12 -0.15
v 0.035 0.14 -0.15
v 0.045 0.12 -0.15
v 0.045 0.14 -0.15
v 0.185 0 0.13
v 0.205 0 0.13
v -0.155 0 0.12
v -0.135 0 0.12
v 0.185 0 0.1
v 0.205 0 0.1
v -0.155 0 0.09
v -0.135 0 0.09
v -0.155 0 -0.09
v -0.135 0 -0.09
v 0.185 0 -0.1
v 0.205 0 -0.1
v -0.155 0 -0.12
v -0.135 0 -0.12
v 0.185 0 -0.13
v 0.205 0 -0.13
v 0.175 0.01 0.13
v 0.185 0.01 0.13
v 0.205 0.01 0.13
v 0.215 0.01 0.13
v -0.165 0.01 0.12
v -0.155 0.01 0.12
v -0.135 0.01 0.12
v -0.125 0.01 0.12
v 0.175 0.01 0.1
v 0.185 0.01 0.1
v 0.205 0.01 0.1
v 0.215 0.01 0.1
v -0.165 0.01 0.09
v -0.155 0.01 0.09
v -0.135 0.01 0.09
v -0.125 0.01 0.09
v -0.165 0.01 -0.09
v -0.155 0.01 -0.09
v -0.135 0.01 -0.09
v -0.125 0.01 -0.09
v 0.175 0.01 -0.1
v 0.185 0.01 -0.1
v 0.205 0.01 -0.1
v 0.215 0.01 -0.1
v -0.165 0.01 -0.12
v -0.155 0.01 -0.12
v -0.135 0.01 -0.12
v -0.125 0.01 -0.12
v 0.175 0.01 -0.13
v 0.185 0.01 -0.13
v 0.205 0.01 -0.13
v 0.215 0.01 -0.13
v 0.165 0.02 0.13
v 0.175 0.02 0.13
v 0.215 0.02 0.13
v 0.225 0.02 0.13
v -0.175 0.02 0.12
v -0.165 0.02 0.12
v -0.125 0.02 0.12
v -0.115 0.02 0.12
v 0.165 0.02 0.1
v 0.175 0.02 0.1
v 0.215 0.02 0.1
v 0.225 0.02 0.1
v -0.175 0.02 0.09
v -0.165 0.02 0.09
v -0.125 0.02 0.09
v -0.115 0.02 0.09
v -0.175 0.02 -0.09
v -0.165 0.02 -0.09
v -0.125 0.02 -0.09
v -0.115 0.02 -0.09
v 0.165 0.02 -0.1
v 0.175 0.02 -0.1
v 0.215 0.02 -0.1
v 0.225 0.02 -0.1
v -0.175 0.02 -0.12
v -0.165 0.02 -0.12
v -0.125 0.02 -0.12
v -0.115 0.02 -0.12
v 0.165 0.02 -0.13
v 0.175 0.02 -0.13
v 0.215 0.02 -0.13
v 0.225 0.02 -0.13
v -0.105 0.03 0.13
v 0.135 0.03 0.13
v 0.155 0.03 0.13
v 0.165 0.03 0.13
v 0.185 0.03 0.13
v 0.205 0.03 0.13
v 0.225 0.03 0.13
v 0.235 0.03 0.13
v -0.185 0.03 0.12
v -0.175 0.03 0.12
v -0.155 0.03 0.12
v -0.135 0.03 0.12
v -0.115 0.03 0.12
v -0.105 0.03 0.12
v 0.135 0.03 0.12
v 0.185 0.03 0.12
v 0.205 0.03 0.12
v -0.155 0.03 0.11
v -0.135 0.03 0.11
v 0.155 0.03 0.1
v 0.165 0.03 0.1
v 0.185 0.03 0.1
v 0.205 0.03 0.1
v 0.225 0.03 0.1
v 0.235 0.03 0.1
v -0.185 0.03 0.09
v -0.175 0.03 0.09
v -0.155 0.03 0.09
v -0.135 0.03 0.09
v -0.115 0.03 0.09
v -0.105 0.03 0.09
v -0.285 0.03 0.08
v -0.245 0.03 0.08
v -0.285 0.03 0.07
v -0.245 0.03 0.07
v -0.165 0.03 0.02
v -0.155 0.03 0.02
v -0.135 0.03 0.02
v -0.125 0.03 0.02
v 0.175 0.03 0.02
v 0.185 0.03 0.02
v 0.205 0.03 0.02
v 0.215 0.03 0.02
v -0.165 0.03 -0.02
v -0.155 0.03 -0.02
v -0.135 0.03 -0.02
v -0.125 0.03 -0.02
v 0.175 0.03 -0.02
v 0.185 0.03 -0.02
v 0.205 0.03 -0.02
v 0.215 0.03 -0.02
v -0.285 0.03 -0.07
v -0.245 0.03 -0.07
v -0.285 0.03 -0.08
v -0.245 0.03 -0.08
v -0.185 0.03 -0.09
v -0.175 0.03 -0.09
v -0.155 0.03 -0.09
v -0.135 0.03 -0.09
v -0.115 0.03 -0.09
v -0.105 0.03 -0.09
v 0.155 0.03 -0.1
v 0.165 0.03 -0.1
v 0.185 0.03 -0.1
v 0.205 0.03 -0.1
v 0.225 0.03 -0.1
v 0.235 0.03 -0.1
v -0.155 0.03 -0.11
v -0.135 0.03 -0.11
v -0.185 0.03 -0.12
v -0.175 0.03 -0.12
v -0.155 0.03 -0.12
v -0.135 0.03 -0.12
v -0.115 0.03 -0.12
v -0.105 0.03 -0.12
v 0.135 0.03 -0.12
v 0.185 0.03 -0.12
v 0.205 0.03 -0.12
v -0.105 0.03 -0.13
v 0.135 0.03 -0.13
v 0.155 0.03 -0.13
v 0.165 0.03 -0.13
v 0.185 0.03 -0.13
v 0.205 0.03 -0.13
v 0.225 0.03 -0.13
v 0.235 0.03 -0.13
v -0.235 0.04 0.13
v -0.195 0.04 0.13
v 0.135 0.04 0.13
v 0.145 0.04 0.13
v 0.245 0.04 0.13
v 0.255 0.04 0.13
v 0.275 0.04 0.13
v -0.105 0.04 0.12
v 0.135 0.04 0.12
v -0.245 0.04 0.09
v -0.235 0.04 0.09
v -0.205 0.04 0.09
v -0.105 0.04 0.09
v -0.245 0.04 0.08
v -0.205 0.04 0.08
v -0.195 0.04 0.08
v -0.245 0.04 0.07
v 0.145 0.04 0.07
v 0.185 0.04 0.07
v 0.205 0.04 0.07
v 0.245 0.04 0.07
v -0.245 0.04 0.06
v -0.235 0.04 0.06
v -0.205 0.04 0.06
v -0.195 0.04 0.06
v -0.185 0.04 0.06
v -0.155 0.04 0.06
v -0.135 0.04 0.06
v -0.105 0.04 0.06
v -0.185 0.04 0.05
v -0.175 0.04 0.05
v -0.295 0.04 0.04
v -0.285 0.04 0.04
v -0.205 0.04 0.04
v -0.195 0.04 0.04
v 0.285 0.04 0.04
v 0.295 0.04 0.04
v -0.295 0.04 0.03
v -0.285 0.04 0.03
v -0.195 0.04 0.03
v -0.185 0.04 0.03
v 0.155 0.04 0.03
v 0.185 0.04 0.03
v 0.205 0.04 0.03
v 0.235 0.04 0.03
v 0.285 0.04 0.03
v 0.295 0.04 0.03
v -0.295 0.04 0.02
v -0.285 0.04 0.02
v -0.165 0.04 0.02
v -0.155 0.04 0.02
v -0.135 0.04 0.02
v -0.125 0.04 0.02
v 0.175 0.04 0.02
v 0.185 0.04 0.02
v 0.205 0.04 0.02
v 0.215 0.04 0.02
v 0.285 0.04 0.02
v 0.295 0.04 0.02
v -0.295 0.04 0.01
v -0.285 0.04 0.01
v -0.175 0.04 0.01
v -0.165 0.04 0.01
v -0.125 0.04 0.01
v 0.155 0.04 0.01
v -0.295 0.04 0
v -0.285 0.04 0
v 0.285 0.04 0
v 0.295 0.04 0
v -0.175 0.04 -0.01
v -0.165 0.04 -0.01
v -0.125 0.04 -0.01
v 0.155 0.04 -0.01
v 0.285 0.04 -0.01
v 0.295 0.04 -0.01
v -0.295 0.04 -0.02
v -0.285 0.04 -0.02
v -0.165 0.04 -0.02
v -0.155 0.04 -0.02
v -0.135 0.04 -0.02
v -0.125 0.04 -0.02
v 0.175 0.04 -0.02
v 0.185 0.04 -0.02
v 0.205 0.04 -0.02
v 0.215 0.04 -0.02
v 0.285 0.04 -0.02
v 0.295 0.04 -0.02
v -0.295 0.04 -0.03
v -0.285 0.04 -0.03
v -0.195 0.04 -0.03
v -0.185 0.04 -0.03
v 0.155 0.04 -0.03
v 0.185 0.04 -0.03
v 0.205 0.04 -0.03
v 0.235 0.04 -0.03
v 0.285 0.04 -0.03
v 0.295 0.04 -0.03
v -0.295 0.04 -0.04
v -0.285 0.04 -0.04
v 0.285 0.04 -0.04
v 0.295 0.04 -0.04
v -0.205 0.04 -0.05
v -0.195 0.04 -0.05
v -0.185 0.04 -0.05
v -0.175 0.04 -0.05
v -0.245 0.04 -0.06
v -0.235 0.04 -0.06
v -0.205 0.04 -0.06
v -0.195 0.04 -0.06
v -0.185 0.04 -0.06
v -0.155 0.04 -0.06
v -0.135 0.04 -0.06
v -0.105 0.04 -0.06
v -0.245 0.04 -0.07
v 0.145 0.04 -0.07
v 0.185 0.04 -0.07
v 0.205 0.04 -0.07
v 0.245 0.04 -0.07
v -0.245 0.04 -0.08
v -0.205 0.04 -0.08
v -0.195 0.04 -0.08
v -0.245 0.04 -0.09
v -0.235 0.04 -0.09
v -0.205 0.04 -0.09
v -0.105 0.04 -0.09
v -0.105 0.04 -0.12
v 0.135 0.04 -0.12
v -0.235 0.04 -0.13
v -0.195 0.04 -0.13
v 0.135 0.04 -0.13
v 0.145 0.04 -0.13
v 0.245 0.04 -0.13
v 0.255 0.04 -0.13
v 0.275 0.04 -0.13
v -0.285 0.05 0.13
v -0.255 0.05 0.13
v -0.235 0.05 0.13
v -0.195 0.05 0.13
v -0.185 0.05 0.13
v 0.145 0.05 0.13
v 0.155 0.05 0.13
v 0.175 0.05 0.13
v 0.185 0.05 0.13
v 0.205 0.05 0.13
v 0.215 0.05 0.13
v 0.235 0.05 0.13
v 0.245 0.05 0.13
v 0.275 0.05 0.13
v 0.285 0.05 0.13
v -0.185 0.05 0.12
v -0.165 0.05 0.12
v -0.155 0.05 0.12
v -0.135 0.05 0.12
v -0.125 0.05 0.12
v 0.175 0.05 0.12
v 0.185 0.05 0.12
v 0.205 0.05 0.12
v 0.215 0.05 0.12
v -0.165 0.05 0.11
v -0.155 0.05 0.11
v -0.135 0.05 0.11
v -0.125 0.05 0.11
v 0.155 0.05 0.1
v 0.235 0.05 0.1
v -0.245 0.05 0.09
v -0.235 0.05 0.09
v -0.185 0.05 0.09
v -0.255 0.05 0.08
v -0.245 0.05 0.08
v -0.195 0.05 0.08
v -0.255 0.05 0.07
v -0.245 0.05 0.07
v 0.145 0.05 0.07
v 0.155 0.05 0.07
v 0.235 0.05 0.07
v 0.245 0.05 0.07
v -0.245 0.05 0.06
v -0.235 0.05 0.06
v -0.195 0.05 0.06
v -0.185 0.05 0.06
v -0.285 0.05 0.04
v 0.285 0.05 0.04
v -0.285 0.05 0.03
v 0.285 0.05 0.03
v -0.285 0.05 0.02
v 0.285 0.05 0.02
v -0.285 0.05 0.01
v -0.285 0.05 0
v 0.285 0.05 0
v 0.285 0.05 -0.01
v -0.285 0.05 -0.02
v 0.285 0.05 -0.02
v -0.285 0.05 -0.03
v 0.285 0.05 -0.03
v -0.285 0.05 -0.04
v 0.285 0.05 -0.04
v -0.245 0.05 -0.06
v -0.235 0.05 -0.06
v -0.195 0.05 -0.06
v -0.185 0.05 -0.06
v -0.255 0.05 -0.07
v -0.245 0.05 -0.07
v 0.145 0.05 -0.07
v 0.155 0.05 -0.07
v 0.235 0.05 -0.07
v 0.245 0.05 -0.07
v -0.255 0.05 -0.08
v -0.245 0.05 -0.08
v -0.195 0.05 -0.08
v -0.245 0.05 -0.09
v -0.235 0.05 -0.09
v -0.185 0.05 -0.09
v 0.155 0.05 -0.1
v 0.235 0.05 -0.1
v -0.165 0.05 -0.11
v -0.155 0.05 -0.11
v -0.135 0.05 -0.11
v -0.125 0.05 -0.11
v -0.185 0.05 -0.12
v -0.165 0.05 -0.12
v -0.155 0.05 -0.12
v -0.135 0.05 -0.12
v -0.125 0.05 -0.12
v 0.175 0.05 -0.12
v 0.185 0.05 -0.12
v 0.205 0.05 -0.12
v 0.215 0.05 -0.12
v -0.285 0.05 -0.13
v -0.255 0.05 -0.13
v -0.235 0.05 -0.13
v -0.195 0.05 -0.13
v -0.185 0.05 -0.13
v 0.145 0.05 -0.13
v 0.155 0.05 -0.13
v 0.175 0.05 -0.13
v 0.185 0.05 -0.13
v 0.205 0.05 -0.13
v 0.215 0.05 -0.13
v 0.235 0.05 -0.13
v 0.245 0.05 -0.13
v 0.275 0.05 -0.13
v 0.285 0.05 -0.13
v -0.185 0.06 0.13
v -0.165 0.06 0.13
v -0.115 0.06 0.13
v -0.105 0.06 0.13
v 0.155 0.06 0.13
v 0.165 0.06 0.13
v 0.185 0.06 0.13
v 0.205 0.06 0.13
v 0.225 0.06 0.13
v 0.235 0.06 0.13
v -0.175 0.06 0.12
v -0.165 0.06 0.12
v -0.155 0.06 0.12
v -0.135 0.06 0.12
v -0.115 0.06 0.12
v -0.105 0.06 0.12
v 0.185 0.06 0.12
v 0.205 0.06 0.12
v -0.155 0.06 0.11
v -0.135 0.06 0.11
v 0.165 0.06 0.1
v 0.225 0.06 0.1
v -0.175 0.06 0.09
v -0.165 0.06 0.09
v -0.115 0.06 0.09
v 0.155 0.06 0.07
v 0.165 0.06 0.07
v -0.185 0.06 0.06
v -0.165 0.06 0.06
v -0.115 0.06 0.06
v -0.105 0.06 0.06
v -0.185 0.06 -0.06
v -0.165 0.06 -0.06
v -0.115 0.06 -0.06
v -0.105 0.06 -0.06
v 0.155 0.06 -0.07
v 0.165 0.06 -0.07
v -0.175 0.06 -0.09
v -0.165 0.06 -0.09
v -0.115 0.06 -0.09
v 0.165 0.06 -0.1
v 0.225 0.06 -0.1
v -0.155 0.06 -0.11
v -0.135 0.06 -0.11
v -0.175 0.06 -0.12
v -0.165 0.06 -0.12
v -0.155 0.06 -0.12
v -0.135 0.06 -0.12
v -0.115 0.06 -0.12
v -0.105 0.06 -0.12
v 0.185 0.06 -0.12
v 0.205 0.06 -0.12
v -0.185 0.06 -0.13
v -0.165 0.06 -0.13
v -0.115 0.06 -0.13
v -0.105 0.06 -0.13
v 0.155 0.06 -0.13
v 0.165 0.06 -0.13
v 0.185 0.06 -0.13
v 0.205 0.06 -0.13
v 0.225 0.06 -0.13
v 0.235 0.06 -0.13
v -0.165 0.07 0.13
v -0.115 0.07 0.13
v 0.165 0.07 0.13
v 0.175 0.07 0.13
v 0.215 0.07 0.13
v 0.225 0.07 0.13
v -0.165 0.07 0.12
v -0.125 0.07 0.12
v -0.115 0.07 0.12
v 0.175 0.07 0.1
v 0.215 0.07 0.1
v -0.165 0.07 0.09
v -0.125 0.07 0.09
v 0.165 0.07 0.07
v 0.175 0.07 0.07
v 0.215 0.07 0.07
v -0.165 0.07 0.06
v -0.115 0.07 0.06
v -0.165 0.07 -0.06
v -0.115 0.07 -0.06
v 0.165 0.07 -0.07
v 0.175 0.07 -0.07
v 0.215 0.07 -0.07
v -0.165 0.07 -0.09
v -0.125 0.07 -0.09
v 0.175 0.07 -0.1
v 0.215 0.07 -0.1
v -0.165 0.07 -0.12
v -0.125 0.07 -0.12
v -0.115 0.07 -0.12
v -0.165 0.07 -0.13
v -0.115 0.07 -0.13
v 0.165 0.07 -0.13
v 0.175 0.07 -0.13
v 0.215 0.07 -0.13
v 0.225 0.07 -0.13
v 0.175 0.08 0.13
v 0.185 0.08 0.13
v 0.205 0.08 0.13
v 0.215 0.08 0.13
v 0.185 0.08 0.1
v 0.205 0.08 0.1
v 0.175 0.08 0.07
v 0.215 0.08 0.07
v 0.175 0.08 -0.07
v 0.215 0.08 -0.07
v 0.185 0.08 -0.1
v 0.205 0.08 -0.1
v 0.175 0.08 -0.13
v 0.185 0.08 -0.13
v 0.205 0.08 -0.13
v 0.215 0.08 -0.13
v -0.275 0.09 0.13
v -0.265 0.09 0.13
v 0.265 0.09 0.13
v 0.275 0.09 0.13
v -0.275 0.09 0.12
v -0.265 0.09 0.12
v 0.265 0.09 0.12
v 0.275 0.09 0.12
v -0.275 0.09 0.11
v -0.265 0.09 0.11
v -0.255 0.09 0.11
v 0.265 0.09 0.11
v 0.275 0.09 0.11
v -0.265 0.09 0.1
v -0.255 0.09 0.1
v 0.265 0.09 0.1
v 0.265 0.09 0.09
v -0.265 0.09 0.08
v -0.255 0.09 0.08
v 0.265 0.09 0.08
v 0.275 0.09 0.08
v -0.265 0.09 0.07
v -0.255 0.09 0.07
v -0.265 0.09 0.02
v -0.255 0.09 0.02
v -0.265 0.09 -0.02
v -0.255 0.09 -0.02
v 0.265 0.09 -0.04
v 0.275 0.09 -0.04
v -0.265 0.09 -0.07
v -0.255 0.09 -0.07
v 0.265 0.09 -0.07
v 0.275 0.09 -0.07
v -0.265 0.09 -0.08
v -0.255 0.09 -0.08
v 0.265 0.09 -0.08
v 0.275 0.09 -0.08
v 0.265 0.09 -0.09
v -0.265 0.09 -0.1
v -0.255 0.09 -0.1
v 0.265 0.09 -0.1
v -0.275 0.09 -0.11
v -0.265 0.09 -0.11
v -0.255 0.09 -0.11
v 0.265 0.09 -0.11
v 0.275 0.09 -0.11
v -0.275 0.09 -0.12
v -0.265 0.09 -0.12
v 0.265 0.09 -0.12
v 0.275 0.09 -0.12
v -0.275 0.09 -0.13
v -0.265 0.09 -0.13
v 0.265 0.09 -0.13
v 0.275 0.09 -0.13
v -0.275 0.1 0.11
v -0.265 0.1 0.11
v -0.275 0.1 0.1
v -0.265 0.1 0.1
v -0.275 0.1 -0.1
v -0.265 0.1 -0.1
v -0.275 0.1 -0.11
v -0.265 0.1 -0.11
v -0.265 0.11 0.08
v -0.255 0.11 0.08
v -0.255 0.11 0.02
v -0.255 0.11 -0.02
v -0.265 0.11 -0.08
v -0.255 0.11 -0.08
v 0.035 0.12 0.15
v 0.045 0.12 0.15
v 0.035 0.12 0.13
v 0.045 0.12 0.13
v -0.275 0.12 0.06
v -0.265 0.12 0.06
v -0.275 0.12 -0.06
v -0.265 0.12 -0.06
v 0.035 0.12 -0.13
v 0.045 0.12 -0.13
v 0.035 0.12 -0.15
v 0.045 0.12 -0.15
v 0.185 0.02 0.13
v 0.205 0.02 0.13
v -0.155 0.02 0.12
v -0.135 0.02 0.12
v 0.185 0.02 0.12
v 0.205 0.02 0.12
v -0.155 0.02 0.11
v -0.135 0.02 0.11
v -0.155 0.02 -0.11
v -0.135 0.02 -0.11
v -0.155 0.02 -0.12
v -0.135 0.02 -0.12
v 0.185 0.02 -0.12
v 0.205 0.02 -0.12
v 0.185 0.02 -0.13
v 0.205 0.02 -0.13
v 0.175 0.03 0.13
v 0.185 0.03 0.13
v 0.205 0.03 0.13
v 0.215 0.03 0.13
v -0.165 0.03 0.12
v -0.155 0.03 0.12
v -0.135 0.03 0.12
v -0.125 0.03 0.12
v 0.175 0.03 0.12
v 0.185 0.03 0.12
v 0.205 0.03 0.12
v 0.215 0.03 0.12
v -0.165 0.03 0.11
v -0.155 0.03 0.11
v -0.135 0.03 0.11
v -0.125 0.03 0.11
v -0.165 0.03 -0.11
v -0.155 0.03 -0.11
v -0.135 0.03 -0.11
v -0.125 0.03 -0.11
v -0.165 0.03 -0.12
v -0.155 0.03 -0.12
v -0.135 0.03 -0.12
v -0.125 0.03 -0.12
v 0.175 0.03 -0.12
v 0.185 0.03 -0.12
v 0.205 0.03 -0.12
v 0.215 0.03 -0.12
v 0.175 0.03 -0.13
v 0.185 0.03 -0.13
v 0.205 0.03 -0.13
v 0.215 0.03 -0.13
v -0.285 0.04 0.08
v -0.255 0.04 0.08
v -0.285 0.04 0.07
v -0.255 0.04 0.07
v -0.285 0.04 -0.07
v -0.255 0.04 -0.07
v -0.285 0.04 -0.08
v -0.255 0.04 -0.08
v 0.155 0.05 0.13
v 0.165 0.05 0.13
v 0.185 0.05 0.13
v 0.205 0.05 0.13
v 0.225 0.05 0.13
v 0.235 0.05 0.13
v -0.185 0.05 0.12
v -0.175 0.05 0.12
v -0.155 0.05 0.12
v -0.135 0.05 0.12
v -0.115 0.05 0.12
v -0.105 0.05 0.12
v 0.185 0.05 0.12
v 0.205 0.05 0.12
v -0.155 0.05 0.11
v -0.135 0.05 0.11
v 0.155 0.05 0.1
v 0.165 0.05 0.1
v 0.185 0.05 0.1
v 0.205 0.05 0.1
v 0.225 0.05 0.1
v 0.235 0.05 0.1
v -0.185 0.05 0.09
v -0.175 0.05 0.09
v -0.155 0.05 0.09
v -0.135 0.05 0.09
v -0.115 0.05 0.09
v -0.105 0.05 0.09
v 0.185 0.05 0.07
v 0.205 0.05 0.07
v 0.215 0.05 0.07
v 0.235 0.05 0.07
v -0.155 0.05 0.06
v -0.135 0.05 0.06
v 0.215 0.05 0.03
v 0.235 0.05 0.03
v 0.215 0.05 -0.03
v 0.235 0.05 -0.03
v -0.155 0.05 -0.06
v -0.135 0.05 -0.06
v 0.185 0.05 -0.07
v 0.205 0.05 -0.07
v 0.215 0.05 -0.07
v 0.235 0.05 -0.07
v -0.185 0.05 -0.09
v -0.175 0.05 -0.09
v -0.155 0.05 -0.09
v -0.135 0.05 -0.09
v -0.115 0.05 -0.09
v -0.105 0.05 -0.09
v 0.155 0.05 -0.1
v 0.165 0.05 -0.1
v 0.185 0.05 -0.1
v 0.205 0.05 -0.1
v 0.225 0.05 -0.1
v 0.235 0.05 -0.1
v -0.155 0.05 -0.11
v -0.135 0.05 -0.11
v -0.185 0.05 -0.12
v -0.175 0.05 -0.12
v -0.155 0.05 -0.12
v -0.135 0.05 -0.12
v -0.115 0.05 -0.12
v -0.105 0.05 -0.12
v 0.185 0.05 -0.12
v 0.205 0.05 -0.12
v 0.155 0.05 -0.13
v 0.165 0.05 -0.13
v 0.185 0.05 -0.13
v 0.205 0.05 -0.13
v 0.225 0.05 -0.13
v 0.235 0.05 -0.13
v 0.165 0.06 0.13
v 0.175 0.06 0.13
v 0.215 0.06 0.13
v 0.225 0.06 0.13
v -0.125 0.06 0.12
v -0.115 0.06 0.12
v 0.165 0.06 0.1
v 0.175 0.06 0.1
v 0.215 0.06 0.1
v 0.225 0.06 0.1
v -0.125 0.06 0.09
v -0.115 0.06 0.09
v -0.295 0.06 0.04
v -0.285 0.06 0.04
v 0.285 0.06 0.04
v 0.295 0.06 0.04
v -0.295 0.06 0.03
v -0.285 0.06 0.03
v 0.285 0.06 0.03
v 0.295 0.06 0.03
v -0.295 0.06 0.02
v -0.285 0.06 0.02
v 0.285 0.06 0.02
v 0.295 0.06 0.02
v 0.285 0.06 0.01
v 0.295 0.06 0.01
v -0.295 0.06 0
v -0.285 0.06 0
v 0.285 0.06 0
v 0.295 0.06 0
v -0.295 0.06 -0.01
v -0.285 0.06 -0.01
v -0.295 0.06 -0.02
v -0.285 0.06 -0.02
v 0.285 0.06 -0.02
v 0.295 0.06 -0.02
v -0.295 0.06 -0.03
v -0.285 0.06 -0.03
v 0.285 0.06 -0.03
v 0.295 0.06 -0.03
v -0.295 0.06 -0.04
v -0.285 0.06 -0.04
v 0.285 0.06 -0.04
v 0.295 0.06 -0.04
v -0.125 0.06 -0.09
v -0.115 0.06 -0.09
v 0.165 0.06 -0.1
v 0.175 0.06 -0.1
v 0.215 0.06 -0.1
v 0.225 0.06 -0.1
v -0.125 0.06 -0.12
v -0.115 0.06 -0.12
v 0.165 0.06 -0.13
v 0.175 0.06 -0.13
v 0.215 0.06 -0.13
v 0.225 0.06 -0.13
v -0.285 0.07 0.13
v -0.275 0.07 0.13
v 0.175 0.07 0.13
v 0.185 0.07 0.13
v 0.205 0.07 0.13
v 0.215 0.07 0.13
v 0.265 0.07 0.13
v 0.285 0.07 0.13
v 0.265 0.07 0.11
v 0.175 0.07 0.1
v 0.185 0.07 0.1
v 0.205 0.07 0.1
v 0.215 0.07 0.1
v 0.265 0.07 0.08
v 0.265 0.07 -0.08
v 0.175 0.07 -0.1
v 0.185 0.07 -0.1
v 0.205 0.07 -0.1
v 0.215 0.07 -0.1
v 0.265 0.07 -0.11
v -0.285 0.07 -0.13
v -0.275 0.07 -0.13
v 0.175 0.07 -0.13
v 0.185 0.07 -0.13
v 0.205 0.07 -0.13
v 0.215 0.07 -0.13
v 0.265 0.07 -0.13
v 0.285 0.07 -0.13
v -0.275 0.08 0.13
v -0.265 0.08 0.13
v -0.265 0.08 0.12
v -0.265 0.08 0.11
v -0.255 0.08 0.11
v -0.255 0.08 0.1
v -0.255 0.08 0.08
v -0.255 0.08 -0.08
v -0.255 0.08 -0.1
v -0.265 0.08 -0.11
v -0.255 0.08 -0.11
v -0.265 0.08 -0.12
v -0.275 0.08 -0.13
v -0.265 0.08 -0.13
v -0.275 0.1 0.13
v -0.265 0.1 0.13
v -0.195 0.1 0.13
v 0.205 0.1 0.13
v 0.255 0.1 0.13
v 0.275 0.1 0.13
v -0.275 0.1 0.12
v -0.265 0.1 0.12
v -0.195 0.1 0.12
v 0.205 0.1 0.12
v 0.255 0.1 0.12
v 0.275 0.1 0.12
v -0.265 0.1 0.08
v -0.255 0.1 0.08
v -0.265 0.1 0.07
v -0.255 0.1 0.07
v -0.265 0.1 0.02
v -0.255 0.1 0.02
v -0.265 0.1 -0.02
v -0.255 0.1 -0.02
v -0.265 0.1 -0.07
v -0.255 0.1 -0.07
v -0.265 0.1 -0.08
v -0.255 0.1 -0.08
v -0.275 0.1 -0.12
v -0.265 0.1 -0.12
v -0.195 0.1 -0.12
v 0.205 0.1 -0.12
v 0.255 0.1 -0.12
v 0.275 0.1 -0.12
v -0.275 0.1 -0.13
v -0.265 0.1 -0.13
v -0.195 0.1 -0.13
v 0.205 0.1 -0.13
v 0.255 0.1 -0.13
v 0.275 0.1 -0.13
v -0.195 0.11 0.13
v -0.055 0.11 0.13
v -0.045 0.11 0.13
v -0.035 0.11 0.13
v -0.005 0.11 0.13
v 0.035 0.11 0.13
v 0.045 0.11 0.13
v 0.105 0.11 0.13
v 0.115 0.11 0.13
v 0.205 0.11 0.13
v -0.275 0.11 0.12
v -0.225 0.11 0.12
v -0.195 0.11 0.12
v -0.055 0.11 0.12
v -0.045 0.11 0.12
v -0.035 0.11 0.12
v -0.005 0.11 0.12
v 0.035 0.11 0.12
v 0.045 0.11 0.12
v 0.105 0.11 0.12
v 0.115 0.11 0.12
v 0.135 0.11 0.12
v 0.155 0.11 0.12
v 0.205 0.11 0.12
v 0.215 0.11 0.12
v 0.275 0.11 0.12
v -0.275 0.11 0.11
v -0.225 0.11 0.11
v 0.215 0.11 0.11
v 0.245 0.11 0.11
v 0.265 0.11 0.11
v 0.275 0.11 0.11
v 0.245 0.11 0.1
v 0.255 0.11 0.1
v 0.265 0.11 0.1
v 0.275 0.11 0.1
v 0.265 0.11 0.09
v 0.275 0.11 0.09
v 0.265 0.11 0.02
v 0.275 0.11 0.02
v 0.265 0.11 -0.02
v 0.275 0.11 -0.02
v 0.265 0.11 -0.09
v 0.275 0.11 -0.09
v 0.245 0.11 -0.1
v 0.255 0.11 -0.1
v 0.265 0.11 -0.1
v 0.275 0.11 -0.1
v -0.275 0.11 -0.11
v -0.225 0.11 -0.11
v 0.215 0.11 -0.11
v 0.245 0.11 -0.11
v 0.265 0.11 -0.11
v 0.275 0.11 -0.11
v -0.275 0.11 -0.12
v -0.225 0.11 -0.12
v -0.195 0.11 -0.12
v -0.055 0.11 -0.12
v -0.045 0.11 -0.12
v -0.035 0.11 -0.12
v -0.005 0.11 -0.12
v 0.035 0.11 -0.12
v 0.045 0.11 -0.12
v 0.105 0.11 -0.12
v 0.115 0.11 -0.12
v 0.135 0.11 -0.12
v 0.155 0.11 -0.12
v 0.205 0.11 -0.12
v 0.215 0.11 -0.12
v 0.275 0.11 -0.12
v -0.195 0.11 -0.13
v -0.055 0.11 -0.13
v -0.045 0.11 -0.13
v -0.035 0.11 -0.13
v -0.005 0.11 -0.13
v 0.035 0.11 -0.13
v 0.045 0.11 -0.13
v 0.105 0.11 -0.13
v 0.115 0.11 -0.13
v 0.205 0.11 -0.13
v -0.035 0.12 0.13
v -0.005 0.12 0.13
v 0.035 0.12 0.13
v 0.045 0.12 0.13
v -0.225 0.12 0.12
v -0.055 0.12 0.12
v -0.045 0.12 0.12
v -0.035 0.12 0.12
v -0.005 0.12 0.12
v 0.035 0.12 0.12
v 0.045 0.12 0.12
v 0.105 0.12 0.12
v 0.115 0.12 0.12
v 0.135 0.12 0.12
v 0.155 0.12 0.12
v 0.215 0.12 0.12
v -0.275 0.12 0.11
v -0.225 0.12 0.11
v -0.175 0.12 0.11
v -0.135 0.12 0.11
v -0.055 0.12 0.11
v -0.045 0.12 0.11
v 0.105 0.12 0.11
v 0.115 0.12 0.11
v 0.125 0.12 0.11
v 0.135 0.12 0.11
v 0.155 0.12 0.11
v 0.185 0.12 0.11
v 0.215 0.12 0.11
v 0.245 0.12 0.11
v -0.275 0.12 0.1
v -0.265 0.12 0.1
v -0.175 0.12 0.1
v 0.185 0.12 0.1
v 0.195 0.12 0.1
v 0.245 0.12 0.1
v 0.255 0.12 0.1
v 0.195 0.12 0.08
v 0.205 0.12 0.08
v 0.205 0.12 0.05
v 0.215 0.12 0.05
v 0.205 0.12 -0.05
v 0.215 0.12 -0.05
v 0.195 0.12 -0.08
v 0.205 0.12 -0.08
v -0.275 0.12 -0.1
v -0.265 0.12 -0.1
v -0.175 0.12 -0.1
v 0.185 0.12 -0.1
v 0.195 0.12 -0.1
v 0.245 0.12 -0.1
v 0.255 0.12 -0.1
v -0.275 0.12 -0.11
v -0.225 0.12 -0.11
v -0.175 0.12 -0.11
v -0.135 0.12 -0.11
v -0.055 0.12 -0.11
v -0.045 0.12 -0.11
v 0.105 0.12 -0.11
v 0.115 0.12 -0.11
v 0.125 0.12 -0.11
v 0.135 0.12 -0.11
v 0.155 0.12 -0.11
v 0.185 0.12 -0.11
v 0.215 0.12 -0.11
v 0.245 0.12 -0.11
v -0.225 0.12 -0.12
v -0.055 0.12 -0.12
v -0.045 0.12 -0.12
v -0.035 0.12 -0.12
v -0.005 0.12 -0.12
v 0.035 0.12 -0.12
v 0.045 0.12 -0.12
v 0.105 0.12 -0.12
v 0.115 0.12 -0.12
v 0.135 0.12 -0.12
v 0.155 0.12 -0.12
v 0.215 0.12 -0.12
v -0.035 0.12 -0.13
v -0.005 0.12 -0.13
v 0.035 0.12 -0.13
v 0.045 0.12 -0.13
v -0.175 0.13 0.11
v -0.135 0.13 0.11
v -0.115 0.13 0.11
v 0.115 0.13 0.11
v 0.125 0.13 0.11
v 0.145 0.13 0.11
v 0.155 0.13 0.11
v 0.185 0.13 0.11
v -0.265 0.13 0.1
v -0.175 0.13 0.1
v -0.165 0.13 0.1
v -0.155 0.13 0.1
v -0.145 0.13 0.1
v -0.135 0.13 0.1
v -0.125 0.13 0.1
v -0.115 0.13 0.1
v 0.115 0.13 0.1
v 0.125 0.13 0.1
v 0.135 0.13 0.1
v 0.145 0.13 0.1
v 0.155 0.13 0.1
v 0.185 0.13 0.1
v 0.195 0.13 0.1
v -0.155 0.13 0.09
v 0.125 0.13 0.09
v 0.135 0.13 0.09
v 0.145 0.13 0.09
v -0.175 0.13 0.08
v -0.165 0.13 0.08
v -0.155 0.13 0.08
v 0.195 0.13 0.08
v 0.205 0.13 0.08
v -0.275 0.13 0.06
v -0.265 0.13 0.06
v -0.185 0.13 0.05
v -0.175 0.13 0.05
v -0.165 0.13 0.05
v 0.205 0.13 0.05
v 0.215 0.13 0.05
v -0.175 0.13 0.04
v -0.165 0.13 0.04
v -0.175 0.13 -0.04
v -0.165 0.13 -0.04
v -0.185 0.13 -0.05
v -0.175 0.13 -0.05
v -0.165 0.13 -0.05
v 0.205 0.13 -0.05
v 0.215 0.13 -0.05
v -0.275 0.13 -0.06
v -0.265 0.13 -0.06
v -0.175 0.13 -0.08
v -0.165 0.13 -0.08
v -0.155 0.13 -0.08
v 0.195 0.13 -0.08
v 0.205 0.13 -0.08
v -0.155 0.13 -0.09
v 0.125 0.13 -0.09
v 0.135 0.13 -0.09
v 0.145 0.13 -0.09
v -0.265 0.13 -0.1
v -0.175 0.13 -0.1
v -0.165 0.13 -0.1
v -0.155 0.13 -0.1
v -0.145 0.13 -0.1
v -0.135 0.13 -0.1
v -0.125 0.13 -0.1
v -0.115 0.13 -0.1
v 0.115 0.13 -0.1
v 0.125 0.13 -0.1
v 0.135 0.13 -0.1
v 0.185 0.13 -0.1
v 0.195 0.13 -0.1
v -0.175 0.13 -0.11
v -0.135 0.13 -0.11
v -0.115 0.13 -0.11
v 0.115 0.13 -0.11
v 0.125 0.13 -0.11
v 0.185 0.13 -0.11
v 0.035 0.14 0.15
v 0.045 0.14 0.15
v 0.035 0.14 0.13
v 0.045 0.14 0.13
v -0.115 0.14 0.11
v -0.105 0.14 0.11
v 0.105 0.14 0.11
v 0.115 0.14 0.11
v -0.115 0.14 0.1
v -0.105 0.14 0.1
v 0.105 0.14 0.1
v 0.115 0.14 0.1
v 0.125 0.14 0.1
v 0.115 0.14 0.09
v 0.125 0.14 0.09
v 0.135 0.14 0.09
v -0.165 0.14 0.08
v -0.155 0.14 0.08
v -0.165 0.14 0.06
v -0.155 0.14 0.06
v -0.175 0.14 0.04
v -0.165 0.14 0.04
v -0.175 0.14 -0.04
v -0.165 0.14 -0.04
v -0.165 0.14 -0.06
v -0.155 0.14 -0.06
v -0.165 0.14 -0.08
v -0.155 0.14 -0.08
v 0.115 0.14 -0.09
v 0.125 0.14 -0.09
v 0.135 0.14 -0.09
v -0.115 0.14 -0.1
v -0.105 0.14 -0.1
v 0.105 0.14 -0.1
v 0.115 0.14 -0.1
v 0.125 0.14 -0.1
v -0.115 0.14 -0.11
v -0.105 0.14 -0.11
v 0.105 0.14 -0.11
v 0.115 0.14 -0.11
v 0.035 0.14 -0.13
v 0.045 0.14 -0.13
v 0.035 0.14 -0.15
v 0.045 0.14 -0.15
v -0.105 0.15 0.11
v -0.095 0.15 0.11
v 0.095 0.15 0.11
v 0.105 0.15 0.11
v -0.155 0.15 0.1
v -0.145 0.15 0.1
v -0.105 0.15 0.1
v -0.095 0.15 0.1
v 0.095 0.15 0.1
v 0.105 0.15 0.1
v 0.115 0.15 0.1
v -0.155 0.15 0.09
v -0.145 0.15 0.09
v 0.105 0.15 0.09
v 0.115 0.15 0.09
v 0.125 0.15 0.09
v -0.155 0.15 0.08
v -0.145 0.15 0.08
v -0.165 0.15 0.06
v -0.155 0.15 0.06
v -0.165 0.15 -0.06
v -0.155 0.15 -0.06
v -0.155 0.15 -0.08
v -0.145 0.15 -0.08
v -0.155 0.15 -0.09
v -0.145 0.15 -0.09
v 0.105 0.15 -0.09
v 0.115 0.15 -0.09
v 0.125 0.15 -0.09
v -0.155 0.15 -0.1
v -0.145 0.15 -0.1
v -0.105 0.15 -0.1
v -0.095 0.15 -0.1
v 0.095 0.15 -0.1
v 0.105 0.15 -0.1
v 0.115 0.15 -0.1
v -0.105 0.15 -0.11
v -0.095 0.15 -0.11
v 0.095 0.15 -0.11
v 0.105 0.15 -0.11
v -0.095 0.16 0.11
v -0.085 0.16 0.11
v 0.085 0.16 0.11
v 0.095 0.16 0.11
v -0.145 0.16 0.1
v -0.135 0.16 0.1
v -0.095 0.16 0.1
v -0.085 0.16 0.1
v 0.085 0.16 0.1
v 0.095 0.16 0.1
v 0.105 0.16 0.1
v -0.145 0.16 0.09
v -0.135 0.16 0.09
v 0.095 0.16 0.09
v 0.105 0.16 0.09
v 0.115 0.16 0.09
v -0.155 0.16 0.08
v -0.145 0.16 0.08
v -0.135 0.16 0.08
v -0.155 0.16 -0.08
v -0.145 0.16 -0.08
v -0.135 0.16 -0.08
v -0.145 0.16 -0.09
v -0.135 0.16 -0.09
v 0.095 0.16 -0.09
v 0.105 0.16 -0.09
v 0.115 0.16 -0.09
v -0.145 0.16 -0.1
v -0.135 0.16 -0.1
v -0.095 0.16 -0.1
v -0.085 0.16 -0.1
v 0.085 0.16 -0.1
v 0.095 0.16 -0.1
v 0.105 0.16 -0.1
v -0.095 0.16 -0.11
v -0.085 0.16 -0.11
v 0.085 0.16 -0.11
v 0.095 0.16 -0.11
v -0.085 0.17 0.11
v -0.055 0.17 0.11
v -0.045 0.17 0.11
v 0.035 0.17 0.11
v 0.045 0.17 0.11
v 0.055 0.17 0.11
v 0.065 0.17 0.11
v 0.075 0.17 0.11
v 0.085 0.17 0.11
v -0.085 0.17 0.1
v -0.055 0.17 0.1
v -0.045 0.17 0.1
v 0.035 0.17 0.1
v 0.045 0.17 0.1
v 0.055 0.17 0.1
v 0.065 0.17 0.1
v 0.075 0.17 0.1
v 0.085 0.17 0.1
v 0.095 0.17 0.1
v 0.085 0.17 0.09
v 0.095 0.17 0.09
v 0.105 0.17 0.09
v -0.145 0.17 0.08
v -0.135 0.17 0.08
v -0.145 0.17 -0.08
v -0.135 0.17 -0.08
v 0.085 0.17 -0.09
v 0.095 0.17 -0.09
v 0.105 0.17 -0.09
v -0.085 0.17 -0.1
v -0.055 0.17 -0.1
v -0.045 0.17 -0.1
v 0.035 0.17 -0.1
v 0.045 0.17 -0.1
v 0.055 0.17 -0.1
v 0.065 0.17 -0.1
v 0.075 0.17 -0.1
v 0.085 0.17 -0.1
v 0.095 0.17 -0.1
v -0.085 0.17 -0.11
v -0.055 0.17 -0.11
v -0.045 0.17 -0.11
v 0.035 0.17 -0.11
v 0.045 0.17 -0.11
v 0.055 0.17 -0.11
v 0.065 0.17 -0.11
v 0.075 0.17 -0.11
v 0.085 0.17 -0.11
v -0.135 0.18 0.1
v -0.125 0.18 0.1
v -0.085 0.18 0.1
v 0.055 0.18 0.1
v 0.075 0.18 0.1
v 0.085 0.18 0.1
v -0.135 0.18 0.09
v -0.125 0.18 0.09
v -0.115 0.18 0.09
v -0.085 0.18 0.09
v 0.055 0.18 0.09
v 0.075 0.18 0.09
v 0.085 0.18 0.09
v 0.095 0.18 0.09
v 0.085 0.18 0.08
v 0.085 0.18 -0.08
v -0.135 0.18 -0.09
v -0.125 0.18 -0.09
v -0.115 0.18 -0.09
v -0.085 0.18 -0.09
v 0.055 0.18 -0.09
v 0.075 0.18 -0.09
v 0.085 0.18 -0.09
v 0.095 0.18 -0.09
v -0.135 0.18 -0.1
v -0.125 0.18 -0.1
v -0.085 0.18 -0.1
v 0.055 0.18 -0.1
v 0.075 0.18 -0.1
v 0.085 0.18 -0.1
v 0.145 0.19 0.11
v 0.155 0.19 0.11
v 0.145 0.19 0.1
v 0.155 0.19 0.1
v -0.125 0.19 0.09
v -0.115 0.19 0.09
v 0.075 0.19 0.09
v 0.085 0.19 0.09
v 0.065 0.19 0.08
v 0.075 0.19 0.08
v 0.085 0.19 0.08
v 0.065 0.19 -0.08
v 0.075 0.19 -0.08
v 0.085 0.19 -0.08
v -0.125 0.19 -0.09
v -0.115 0.19 -0.09
v 0.075 0.19 -0.09
v 0.085 0.19 -0.09

vt 0.068359 0.5 0
vt 0.068359 0.5 0
vt 0.064453 0.5 0
vt 0.064453 0.5 0
vt 0.068359 0.5 0
vt 0.064453 0.5 0
vt 0.068359 0.5 0
vt 0.064453 0.5 0
vt 0.068359 0.5 0
vt 0.068359 0.5 0
vt 0.064453 0.5 0
vt 0.064453 0.5 0
vt 0.068359 0.5 0
vt 0.068359 0.5 0
vt 0.068359 0.5 0
vt 0.064453 0.5 0
vt 0.068359 0.5 0
vt 0.064453 0.5 0
vt 0.064453 0.5 0
vt 0.068359 0.5 0
vt 0.068359 0.5 0
vt 0.064453 0.5 0
vt 0.068359 0.5 0
vt 0.068359 0.5 0
vt 0.064453 0.5 0
vt 0.064453 0.5 0
vt 0.068359 0.5 0
vt 0.068359 0.5 0
vt 0.064453 0.5 0
vt 0.064453 0.5 0
vt 0.068359 0.5 0
vt 0.068359 0.5 0
vt 0.064453 0.5 0
vt 0.068359 0.5 0
vt 0.009766 0.5 0
vt 0.009766 0.5 0
vt 0.009766 0.5 0
vt 0.009766 0.5 0
vt 0.009766 0.5 0
vt 0.009766 0.5 0
vt 0.009766 0.5 0
vt 0.009766 0.5 0
vt 0.013672 0.5 0
vt 0.013672 0.5 0
vt 0.013672 0.5 0
vt 0.013672 0.5 0
vt 0.013672 0.5 0
vt 0.013672 0.5 0
vt 0.013672 0.5 0
vt 0.013672 0.5 0
vt 0.013672 0.5 0
vt 0.013672 0.5 0
vt 0.013672 0.5 0
vt 0.013672 0.5 0
vt 0.013672 0.5 0
vt 0.013672 0.5 0
vt 0.013672 0.5 0
vt 0.013672 0.5 0
vt 0.013672 0.5 0
vt 0.013672 0.5 0
vt 0.033203 0.5 0
vt 0.033203 0.5 0
vt 0.013672 0.5 0
vt 0.013672 0.5 0
vt 0.013672 0.5 0
vt 0.013672 0.5 0
vt 0.033203 0.5 0
vt 0.033203 0.5 0
vt 0.033203 0.5 0
vt 0.033203 0.5 0
vt 0.013672 0.5 0
vt 0.033203 0.5 0
vt 0.013672 0.5 0
vt 0.013672 0.5 0
vt 0.013672 0.5 0
vt 0.013672 0.5 0
vt 0.033203 0.5 0
vt 0.033203 0.5 0
vt 0.013672 0.5 0
vt 0.033203 0.5 0
vt 0.033203 0.5 0
vt 0.033203 0.5 0
vt 0.013672 0.5 0
vt 0.033203 0.5 0
vt 0.013672 0.5 0
vt 0.033203 0.5 0
vt 0.013672 0.5 0
vt 0.033203 0.5 0
vt 0.013672 0.5 0
vt 0.033203 0.5 0
vt 0.033203 0.5 0
vt 0.033203 0.5 0
vt 0.033203 0.5 0
vt 0.033203 0.5 0
vt 0.033203 0.5 0
vt 0.033203 0.5 0
vt 0.033203 0.5 0
vt 0.033203 0.5 0
vt 0.033203 0.5 0
vt 0.033203 0.5 0
vt 0.013672 0.5 0
vt 0.013672 0.5 0
vt 0.013672 0.5 0
vt 0.013672 0.5 0
vt 0.033203 0.5 0
vt 0.033203 0.5 0
vt 0.033203 0.5 0
vt 0.013672 0.5 0
vt 0.033203 0.5 0
vt 0.033203 0.5 0
vt 0.013672 0.5 0
vt 0.033203 0.5 0
vt 0.017578 0.5 0
vt 0.017578 0.5 0
vt 0.033203 0.5 0
vt 0.033203 0.5 0
vt 0.013672 0.5 0
vt 0.013672 0.5 0
vt 0.021484 0.5 0
vt 0.021484 0.5 0
vt 0.013672 0.5 0
vt 0.013672 0.5 0
vt 0.033203 0.5 0
vt 0.033203 0.5 0
vt 0.017578 0.5 0
vt 0.017578 0.5 0
vt 0.033203 0.5 0
vt 0.033203 0.5 0
vt 0.013672 0.5 0
vt 0.033203 0.5 0
vt 0.013672 0.5 0
vt 0.033203 0.5 0
vt 0.033203 0.5 0
vt 0.021484 0.5 0
vt 0.017578 0.5 0
vt 0.033203 0.5 0
vt 0.021484 0.5 0
vt 0.033203 0.5 0
vt 0.017578 0.5 0
vt 0.013672 0.5 0
vt 0.033203 0.5 0
vt 0.021484 0.5 0
vt 0.013672 0.5 0
vt 0.013672 0.5 0
vt 0.021484 0.5 0
vt 0.033203 0.5 0
vt 0.013672 0.5 0
vt 0.021484 0.5 0
vt 0.017578 0.5 0
vt 0.033203 0.5 0
vt 0.021484 0.5 0
vt 0.033203 0.5 0
vt 0.017578 0.5 0
vt 0.033203 0.5 0
vt 0.013672 0.5 0
vt 0.021484 0.5 0
vt 0.013672 0.5 0
vt 0.021484 0.5 0
vt 0.013672 0.5 0
vt 0.021484 0.5 0
vt 0.013672 0.5 0
vt 0.021484 0.5 0
vt 0.033203 0.5 0
vt 0.013672 0.5 0
vt 0.033203 0.5 0
vt 0.013672 0.5 0
vt 0.033203 0.5 0
vt 0.013672 0.5 0
vt 0.033203 0.5 0
vt 0.013672 0.5 0
vt 0.033203 0.5 0
vt 0.033203 0.5 0
vt 0.033203 0.5 0
vt 0.033203 0.5 0
vt 0.009766 0.5 0
vt 0.009766 0.5 0
vt 0.009766 0.5 0
vt 0.009766 0.5 0
vt 0.009766 0.5 0
vt 0.009766 0.5 0
vt 0.009766 0.5 0
vt 0.009766 0.5 0
vt 0.033203 0.5 0
vt 0.033203 0.5 0
vt 0.017578 0.5 0
vt 0.017578 0.5 0
vt 0.033203 0.5 0
vt 0.033203 0.5 0
vt 0.017578 0.5 0
vt 0.017578 0.5 0
vt 0.033203 0.5 0
vt 0.033203 0.5 0
vt 0.033203 0.5 0
vt 0.017578 0.5 0
vt 0.033203 0.5 0
vt 0.033203 0.5 0
vt 0.017578 0.5 0
vt 0.033203 0.5 0
vt 0.033203 0.5 0
vt 0.033203 0.5 0
vt 0.033203 0.5 0
vt 0.017578 0.5 0
vt 0.033203 0.5 0
vt 0.033203 0.5 0
vt 0.017578 0.5 0
vt 0.033203 0.5 0
vt 0.033203 0.5 0
vt 0.033203 0.5 0
vt 0.033203 0.5 0
vt 0.013672 0.5 0
vt 0.033203 0.5 0
vt 0.013672 0.5 0
vt 0.033203 0.5 0
vt 0.033203 0.5 0
vt 0.033203 0.5 0
vt 0.013672 0.5 0
vt 0.033203 0.5 0
vt 0.033203 0.5 0
vt 0.013672 0.5 0
vt 0.033203 0.5 0
vt 0.009766 0.5 0
vt 0.009766 0.5 0
vt 0.009766 0.5 0
vt 0.009766 0.5 0
vt 0.009766 0.5 0
vt 0.009766 0.5 0
vt 0.009766 0.5 0
vt 0.009766 0.5 0
vt 0.009766 0.5 0
vt 0.009766 0.5 0
vt 0.009766 0.5 0
vt 0.009766 0.5 0
vt 0.009766 0.5 0
vt 0.009766 0.5 0
vt 0.009766 0.5 0
vt 0.009766 0.5 0
vt 0.033203 0.5 0
vt 0.033203 0.5 0
vt 0.033203 0.5 0
vt 0.033203 0.5 0
vt 0.033203 0.5 0
vt 0.033203 0.5 0
vt 0.033203 0.5 0
vt 0.033203 0.5 0
vt 0.033203 0.5 0
vt 0.033203 0.5 0
vt 0.033203 0.5 0
vt 0.033203 0.5 0
vt 0.033203 0.5 0
vt 0.033203 0.5 0
vt 0.033203 0.5 0
vt 0.033203 0.5 0
vt 0.033203 0.5 0
vt 0.033203 0.5 0
vt 0.033203 0.5 0
vt 0.033203 0.5 0
vt 0.033203 0.5 0
vt 0.033203 0.5 0
vt 0.033203 0.5 0
vt 0.033203 0.5 0
vt 0.033203 0.5 0
vt 0.033203 0.5 0
vt 0.033203 0.5 0
vt 0.033203 0.5 0
vt 0.001953 0.5 0
vt 0.001953 0.5 0
vt 0.001953 0.5 0
vt 0.001953 0.5 0
vt 0.001953 0.5 0
vt 0.001953 0.5 0
vt 0.001953 0.5 0
vt 0.001953 0.5 0
vt 0.001953 0.5 0
vt 0.001953 0.5 0
vt 0.001953 0.5 0
vt 0.001953 0.5 0
vt 0.001953 0.5 0
vt 0.001953 0.5 0
vt 0.001953 0.5 0
vt 0.001953 0.5 0
vt 0.001953 0.5 0
vt 0.001953 0.5 0
vt 0.001953 0.5 0
vt 0.001953 0.5 0
vt 0.001953 0.5 0
vt 0.001953 0.5 0
vt 0.001953 0.5 0
vt 0.001953 0.5 0
vt 0.033203 0.5 0
vt 0.033203 0.5 0
vt 0.033203 0.5 0
vt 0.033203 0.5 0
vt 0.033203 0.5 0
vt 0.033203 0.5 0
vt 0.005859 0.5 0
vt 0.005859 0.5 0
vt 0.033203 0.5 0
vt 0.033203 0.5 0
vt 0.005859 0.5 0
vt 0.005859 0.5 0
vt 0.001953 0.5 0
vt 0.001953 0.5 0
vt 0.001953 0.5 0
vt 0.001953 0.5 0
vt 0.001953 0.5 0
vt 0.001953 0.5 0
vt 0.001953 0.5 0
vt 0.001953 0.5 0
vt 0.009766 0.5 0
vt 0.009766 0.5 0
vt 0.009766 0.5 0
vt 0.009766 0.5 0
vt 0.009766 0.5 0
vt 0.009766 0.5 0
vt 0.005859 0.5 0
vt 0.005859 0.5 0
vt 0.005859 0.5 0
vt 0.005859 0.5 0
vt 0.005859 0.5 0
vt 0.005859 0.5 0
vt 0.005859 0.5 0
vt 0.005859 0.5 0
vt 0.005859 0.5 0
vt 0.005859 0.5 0
vt 0.005859 0.5 0
vt 0.005859 0.5 0
vt 0.005859 0.5 0
vt 0.005859 0.5 0
vt 0.001953 0.5 0
vt 0.001953 0.5 0
vt 0.001953 0.5 0
vt 0.001953 0.5 0
vt 0.001953 0.5 0
vt 0.001953 0.5 0
vt 0.001953 0.5 0
vt 0.001953 0.5 0
vt 0.013672 0.5 0
vt 0.013672 0.5 0
vt 0.009766 0.5 0
vt 0.009766 0.5 0
vt 0.009766 0.5 0
vt 0.009766 0.5 0
vt 0.013672 0.5 0
vt 0.013672 0.5 0
vt 0.009766 0.5 0
vt 0.009766 0.5 0
vt 0.009766 0.5 0
vt 0.009766 0.5 0
vt 0.013672 0.5 0
vt 0.013672 0.5 0
vt 0.009766 0.5 0
vt 0.009766 0.5 0
vt 0.009766 0.5 0
vt 0.009766 0.5 0
vt 0.013672 0.5 0
vt 0.013672 0.5 0
vt 0.013672 0.5 0
vt 0.005859 0.5 0
vt 0.013672 0.5 0
vt 0.005859 0.5 0
vt 0.005859 0.5 0
vt 0.005859 0.5 0
vt 0.013672 0.5 0
vt 0.013672 0.5 0
vt 0.005859 0.5 0
vt 0.005859 0.5 0
vt 0.005859 0.5 0
vt 0.005859 0.5 0
vt 0.013672 0.5 0
vt 0.005859 0.5 0
vt 0.013672 0.5 0
vt 0.005859 0.5 0
vt 0.005859 0.5 0
vt 0.005859 0.5 0
vt 0.005859 0.5 0
vt 0.013672 0.5 0
vt 0.005859 0.5 0
vt 0.013672 0.5 0
vt 0.005859 0.5 0
vt 0.005859 0.5 0
vt 0.013672 0.5 0
vt 0.013672 0.5 0
vt 0.005859 0.5 0
vt 0.005859 0.5 0
vt 0.005859 0.5 0
vt 0.005859 0.5 0
vt 0.013672 0.5 0
vt 0.013672 0.5 0
vt 0.013672 0.5 0
vt 0.005859 0.5 0
vt 0.013672 0.5 0
vt 0.005859 0.5 0
vt 0.005859 0.5 0
vt 0.013672 0.5 0
vt 0.005859 0.5 0
vt 0.013672 0.5 0
vt 0.005859 0.5 0
vt 0.005859 0.5 0
vt 0.001953 0.5 0
vt 0.001953 0.5 0
vt 0.001953 0.5 0
vt 0.001953 0.5 0
vt 0.001953 0.5 0
vt 0.001953 0.5 0
vt 0.001953 0.5 0
vt 0.001953 0.5 0
vt 0.001953 0.5 0
vt 0.001953 0.5 0
vt 0.001953 0.5 0
vt 0.001953 0.5 0
vt 0.001953 0.5 0
vt 0.001953 0.5 0
vt 0.001953 0.5 0
vt 0.001953 0.5 0
vt 0.013672 0.5 0
vt 0.005859 0.5 0
vt 0.013672 0.5 0
vt 0.005859 0.5 0
vt 0.005859 0.5 0
vt 0.005859 0.5 0
vt 0.013672 0.5 0
vt 0.013672 0.5 0
vt 0.005859 0.5 0
vt 0.005859 0.5 0
vt 0.013672 0.5 0
vt 0.005859 0.5 0
vt 0.013672 0.5 0
vt 0.013672 0.5 0
vt 0.005859 0.5 0
vt 0.013672 0.5 0
vt 0.001953 0.5 0
vt 0.001953 0.5 0
vt 0.001953 0.5 0
vt 0.001953 0.5 0
vt 0.001953 0.5 0
vt 0.001953 0.5 0
vt 0.001953 0.5 0
vt 0.001953 0.5 0
vt 0.013672 0.5 0
vt 0.013672 0.5 0
vt 0.013672 0.5 0
vt 0.013672 0.5 0
vt 0.013672 0.5 0
vt 0.013672 0.5 0
vt 0.033203 0.5 0
vt 0.033203 0.5 0
vt 0.033203 0.5 0
vt 0.033203 0.5 0
vt 0.033203 0.5 0
vt 0.033203 0.5 0
vt 0.013672 0.5 0
vt 0.013672 0.5 0
vt 0.013672 0.5 0
vt 0.033203 0.5 0
vt 0.013672 0.5 0
vt 0.033203 0.5 0
vt 0.033203 0.5 0
vt 0.013672 0.5 0
vt 0.033203 0.5 0
vt 0.013672 0.5 0
vt 0.005859 0.5 0
vt 0.005859 0.5 0
vt 0.005859 0.5 0
vt 0.005859 0.5 0
vt 0.005859 0.5 0
vt 0.005859 0.5 0
vt 0.005859 0.5 0
vt 0.005859 0.5 0
vt 0.013672 0.5 0
vt 0.013672 0.5 0
vt 0.013672 0.5 0
vt 0.013672 0.5 0
vt 0.033203 0.5 0
vt 0.033203 0.5 0
vt 0.033203 0.5 0
vt 0.033203 0.5 0
vt 0.013672 0.5 0
vt 0.033203 0.5 0
vt 0.033203 0.5 0
vt 0.033203 0.5 0
vt 0.033203 0.5 0
vt 0.013672 0.5 0
vt 0.013672 0.5 0
vt 0.033203 0.5 0
vt 0.013672 0.5 0
vt 0.033203 0.5 0
vt 0.033203 0.5 0
vt 0.013672 0.5 0
vt 0.033203 0.5 0
vt 0.013672 0.5 0
vt 0.005859 0.5 0
vt 0.005859 0.5 0
vt 0.005859 0.5 0
vt 0.005859 0.5 0
vt 0.005859 0.5 0
vt 0.005859 0.5 0
vt 0.005859 0.5 0
vt 0.005859 0.5 0
vt 0.005859 0.5 0
vt 0.005859 0.5 0
vt 0.005859 0.5 0
vt 0.005859 0.5 0
vt 0.005859 0.5 0
vt 0.005859 0.5 0
vt 0.005859 0.5 0
vt 0.005859 0.5 0
vt 0.005859 0.5 0
vt 0.005859 0.5 0
vt 0.005859 0.5 0
vt 0.005859 0.5 0
vt 0.005859 0.5 0
vt 0.005859 0.5 0
vt 0.005859 0.5 0
vt 0.005859 0.5 0
vt 0.009766 0.5 0
vt 0.009766 0.5 0
vt 0.009766 0.5 0
vt 0.009766 0.5 0
vt 0.009766 0.5 0
vt 0.009766 0.5 0
vt 0.009766 0.5 0
vt 0.009766 0.5 0
vt 0.013672 0.5 0
vt 0.013672 0.5 0
vt 0.013672 0.5 0
vt 0.013672 0.5 0
vt 0.013672 0.5 0
vt 0.013672 0.5 0
vt 0.013672 0.5 0
vt 0.013672 0.5 0
vt 0.013672 0.5 0
vt 0.013672 0.5 0
vt 0.013672 0.5 0
vt 0.013672 0.5 0
vt 0.013672 0.5 0
vt 0.013672 0.5 0
vt 0.013672 0.5 0
vt 0.013672 0.5 0
vt 0.013672 0.5 0
vt 0.013672 0.5 0
vt 0.001953 0.5 0
vt 0.001953 0.5 0
vt 0.001953 0.5 0
vt 0.001953 0.5 0
vt 0.001953 0.5 0
vt 0.001953 0.5 0
vt 0.001953 0.5 0
vt 0.001953 0.5 0
vt 0.001953 0.5 0
vt 0.001953 0.5 0
vt 0.001953 0.5 0
vt 0.001953 0.5 0
vt 0.001953 0.5 0
vt 0.001953 0.5 0
vt 0.001953 0.5 0
vt 0.001953 0.5 0
vt 0.001953 0.5 0
vt 0.001953 0.5 0
vt 0.001953 0.5 0
vt 0.001953 0.5 0
vt 0.001953 0.5 0
vt 0.001953 0.5 0
vt 0.001953 0.5 0
vt 0.001953 0.5 0
vt 0.001953 0.5 0
vt 0.001953 0.5 0
vt 0.001953 0.5 0
vt 0.001953 0.5 0
vt 0.001953 0.5 0
vt 0.001953 0.5 0
vt 0.001953 0.5 0
vt 0.001953 0.5 0
vt 0.009766 0.5 0
vt 0.009766 0.5 0
vt 0.009766 0.5 0
vt 0.009766 0.5 0
vt 0.001953 0.5 0
vt 0.001953 0.5 0
vt 0.001953 0.5 0
vt 0.001953 0.5 0
vt 0.001953 0.5 0
vt 0.001953 0.5 0
vt 0.001953 0.5 0
vt 0.001953 0.5 0
vt 0.001953 0.5 0
vt 0.001953 0.5 0
vt 0.001953 0.5 0
vt 0.001953 0.5 0
vt 0.001953 0.5 0
vt 0.001953 0.5 0
vt 0.001953 0.5 0
vt 0.001953 0.5 0
vt 0.013672 0.5 0
vt 0.013672 0.5 0
vt 0.009766 0.5 0
vt 0.009766 0.5 0
vt 0.009766 0.5 0
vt 0.009766 0.5 0
vt 0.013672 0.5 0
vt 0.013672 0.5 0
vt 0.009766 0.5 0
vt 0.009766 0.5 0
vt 0.009766 0.5 0
vt 0.009766 0.5 0
vt 0.009766 0.5 0
vt 0.009766 0.5 0
vt 0.013672 0.5 0
vt 0.013672 0.5 0
vt 0.009766 0.5 0
vt 0.009766 0.5 0
vt 0.009766 0.5 0
vt 0.009766 0.5 0
vt 0.013672 0.5 0
vt 0.013672 0.5 0
vt 0.001953 0.5 0
vt 0.001953 0.5 0
vt 0.001953 0.5 0
vt 0.001953 0.5 0
vt 0.001953 0.5 0
vt 0.001953 0.5 0
vt 0.001953 0.5 0
vt 0.001953 0.5 0
vt 0.001953 0.5 0
vt 0.001953 0.5 0
vt 0.001953 0.5 0
vt 0.001953 0.5 0
vt 0.001953 0.5 0
vt 0.001953 0.5 0
vt 0.001953 0.5 0
vt 0.001953 0.5 0
vt 0.001953 0.5 0
vt 0.001953 0.5 0
vt 0.001953 0.5 0
vt 0.001953 0.5 0
vt 0.001953 0.5 0
vt 0.001953 0.5 0
vt 0.001953 0.5 0
vt 0.001953 0.5 0
vt 0.001953 0.5 0
vt 0.001953 0.5 0
vt 0.001953 0.5 0
vt 0.001953 0.5 0
vt 0.001953 0.5 0
vt 0.001953 0.5 0
vt 0.001953 0.5 0
vt 0.001953 0.5 0
vt 0.033203 0.5 0
vt 0.033203 0.5 0
vt 0.033203 0.5 0
vt 0.033203 0.5 0
vt 0.033203 0.5 0
vt 0.033203 0.5 0
vt 0.033203 0.5 0
vt 0.033203 0.5 0
vt 0.033203 0.5 0
vt 0.033203 0.5 0
vt 0.033203 0.5 0
vt 0.033203 0.5 0
vt 0.033203 0.5 0
vt 0.033203 0.5 0
vt 0.033203 0.5 0
vt 0.033203 0.5 0
vt 0.033203 0.5 0
vt 0.033203 0.5 0
vt 0.033203 0.5 0
vt 0.033203 0.5 0
vt 0.033203 0.5 0
vt 0.033203 0.5 0
vt 0.033203 0.5 0
vt 0.033203 0.5 0
vt 0.033203 0.5 0
vt 0.033203 0.5 0
vt 0.033203 0.5 0
vt 0.033203 0.5 0
vt 0.033203 0.5 0
vt 0.033203 0.5 0
vt 0.033203 0.5 0
vt 0.033203 0.5 0
vt 0.033203 0.5 0
vt 0.033203 0.5 0
vt 0.068359 0.5 0
vt 0.068359 0.5 0
vt 0.064453 0.5 0
vt 0.064453 0.5 0
vt 0.068359 0.5 0
vt 0.068359 0.5 0
vt 0.064453 0.5 0
vt 0.064453 0.5 0
vt 0.068359 0.5 0
vt 0.068359 0.5 0
vt 0.064453 0.5 0
vt 0.064453 0.5 0
vt 0.068359 0.5 0
vt 0.068359 0.5 0
vt 0.068359 0.5 0
vt 0.064453 0.5 0
vt 0.068359 0.5 0
vt 0.068359 0.5 0
vt 0.064453 0.5 0
vt 0.064453 0.5 0
vt 0.068359 0.5 0
vt 0.068359 0.5 0
vt 0.064453 0.5 0
vt 0.064453 0.5 0
vt 0.068359 0.5 0
vt 0.068359 0.5 0
vt 0.064453 0.5 0
vt 0.068359 0.5 0
vt 0.068359 0.5 0
vt 0.068359 0.5 0
vt 0.064453 0.5 0
vt 0.064453 0.5 0
vt 0.068359 0.5 0
vt 0.068359 0.5 0
vt 0.064453 0.5 0
vt 0.064453 0.5 0
vt 0.068359 0.5 0
vt 0.068359 0.5 0
vt 0.064453 0.5 0
vt 0.064453 0.5 0
vt 0.068359 0.5 0
vt 0.068359 0.5 0
vt 0.068359 0.5 0
vt 0.064453 0.5 0
vt 0.068359 0.5 0
vt 0.068359 0.5 0
vt 0.064453 0.5 0
vt 0.064453 0.5 0
vt 0.068359 0.5 0
vt 0.068359 0.5 0
vt 0.064453 0.5 0
vt 0.064453 0.5 0
vt 0.068359 0.5 0
vt 0.068359 0.5 0
vt 0.064453 0.5 0
vt 0.068359 0.5 0
vt 0.009766 0.5 0
vt 0.009766 0.5 0
vt 0.009766 0.5 0
vt 0.009766 0.5 0
vt 0.009766 0.5 0
vt 0.009766 0.5 0
vt 0.009766 0.5 0
vt 0.009766 0.5 0
vt 0.033203 0.5 0
vt 0.033203 0.5 0
vt 0.009766 0.5 0
vt 0.009766 0.5 0
vt 0.009766 0.5 0
vt 0.009766 0.5 0
vt 0.033203 0.5 0
vt 0.033203 0.5 0
vt 0.033203 0.5 0
vt 0.009766 0.5 0
vt 0.033203 0.5 0
vt 0.009766 0.5 0
vt 0.009766 0.5 0
vt 0.033203 0.5 0
vt 0.009766 0.5 0
vt 0.033203 0.5 0
vt 0.033203 0.5 0
vt 0.033203 0.5 0
vt 0.033203 0.5 0
vt 0.033203 0.5 0
vt 0.033203 0.5 0
vt 0.033203 0.5 0
vt 0.033203 0.5 0
vt 0.033203 0.5 0
vt 0.033203 0.5 0
vt 0.033203 0.5 0
vt 0.033203 0.5 0
vt 0.033203 0.5 0
vt 0.001953 0.5 0
vt 0.001953 0.5 0
vt 0.001953 0.5 0
vt 0.001953 0.5 0
vt 0.001953 0.5 0
vt 0.001953 0.5 0
vt 0.001953 0.5 0
vt 0.001953 0.5 0
vt 0.033203 0.5 0
vt 0.033203 0.5 0
vt 0.033203 0.5 0
vt 0.033203 0.5 0
vt 0.033203 0.5 0
vt 0.033203 0.5 0
vt 0.033203 0.5 0
vt 0.033203 0.5 0
vt 0.033203 0.5 0
vt 0.033203 0.5 0
vt 0.033203 0.5 0
vt 0.033203 0.5 0
vt 0.033203 0.5 0
vt 0.033203 0.5 0
vt 0.033203 0.5 0
vt 0.033203 0.5 0
vt 0.001953 0.5 0
vt 0.001953 0.5 0
vt 0.001953 0.5 0
vt 0.001953 0.5 0
vt 0.001953 0.5 0
vt 0.001953 0.5 0
vt 0.001953 0.5 0
vt 0.001953 0.5 0
vt 0.001953 0.5 0
vt 0.001953 0.5 0
vt 0.001953 0.5 0
vt 0.001953 0.5 0
vt 0.001953 0.5 0
vt 0.001953 0.5 0
vt 0.001953 0.5 0
vt 0.001953 0.5 0
vt 0.001953 0.5 0
vt 0.001953 0.5 0
vt 0.001953 0.5 0
vt 0.001953 0.5 0
vt 0.001953 0.5 0
vt 0.001953 0.5 0
vt 0.001953 0.5 0
vt 0.001953 0.5 0
vt 0.013672 0.5 0
vt 0.013672 0.5 0
vt 0.009766 0.5 0
vt 0.009766 0.5 0
vt 0.009766 0.5 0
vt 0.009766 0.5 0
vt 0.013672 0.5 0
vt 0.013672 0.5 0
vt 0.009766 0.5 0
vt 0.009766 0.5 0
vt 0.009766 0.5 0
vt 0.009766 0.5 0
vt 0.013672 0.5 0
vt 0.013672 0.5 0
vt 0.009766 0.5 0
vt 0.009766 0.5 0
vt 0.009766 0.5 0
vt 0.009766 0.5 0
vt 0.013672 0.5 0
vt 0.013672 0.5 0
vt 0.001953 0.5 0
vt 0.001953 0.5 0
vt 0.001953 0.5 0
vt 0.001953 0.5 0
vt 0.001953 0.5 0
vt 0.001953 0.5 0
vt 0.001953 0.5 0
vt 0.001953 0.5 0
vt 0.009766 0.5 0
vt 0.009766 0.5 0
vt 0.009766 0.5 0
vt 0.009766 0.5 0
vt 0.009766 0.5 0
vt 0.009766 0.5 0
vt 0.001953 0.5 0
vt 0.001953 0.5 0
vt 0.001953 0.5 0
vt 0.001953 0.5 0
vt 0.001953 0.5 0
vt 0.001953 0.5 0
vt 0.001953 0.5 0
vt 0.001953 0.5 0
vt 0.001953 0.5 0
vt 0.001953 0.5 0
vt 0.001953 0.5 0
vt 0.001953 0.5 0
vt 0.001953 0.5 0
vt 0.001953 0.5 0
vt 0.001953 0.5 0
vt 0.001953 0.5 0
vt 0.001953 0.5 0
vt 0.001953 0.5 0
vt 0.001953 0.5 0
vt 0.001953 0.5 0
vt 0.001953 0.5 0
vt 0.001953 0.5 0
vt 0.001953 0.5 0
vt 0.001953 0.5 0
vt 0.001953 0.5 0
vt 0.001953 0.5 0
vt 0.001953 0.5 0
vt 0.001953 0.5 0
vt 0.001953 0.5 0
vt 0.001953 0.5 0
vt 0.001953 0.5 0
vt 0.001953 0.5 0
vt 0.009766 0.5 0
vt 0.009766 0.5 0
vt 0.009766 0.5 0
vt 0.009766 0.5 0
vt 0.009766 0.5 0
vt 0.009766 0.5 0
vt 0.009766 0.5 0
vt 0.009766 0.5 0
vt 0.013672 0.5 0
vt 0.013672 0.5 0
vt 0.013672 0.5 0
vt 0.013672 0.5 0
vt 0.013672 0.5 0
vt 0.013672 0.5 0
vt 0.013672 0.5 0
vt 0.013672 0.5 0
vt 0.013672 0.5 0
vt 0.013672 0.5 0
vt 0.013672 0.5 0
vt 0.013672 0.5 0
vt 0.013672 0.5 0
vt 0.013672 0.5 0
vt 0.013672 0.5 0
vt 0.013672 0.5 0
vt 0.013672 0.5 0
vt 0.013672 0.5 0
vt 0.013672 0.5 0
vt 0.013672 0.5 0
vt 0.013672 0.5 0
vt 0.013672 0.5 0
vt 0.013672 0.5 0
vt 0.013672 0.5 0
vt 0.013672 0.5 0
vt 0.013672 0.5 0
vt 0.013672 0.5 0
vt 0.005859 0.5 0
vt 0.005859 0.5 0
vt 0.013672 0.5 0
vt 0.013672 0.5 0
vt 0.013672 0.5 0
vt 0.013672 0.5 0
vt 0.005859 0.5 0
vt 0.013672 0.5 0
vt 0.013672 0.5 0
vt 0.005859 0.5 0
vt 0.013672 0.5 0
vt 0.013672 0.5 0
vt 0.013672 0.5 0
vt 0.013672 0.5 0
vt 0.013672 0.5 0
vt 0.013672 0.5 0
vt 0.005859 0.5 0
vt 0.013672 0.5 0
vt 0.005859 0.5 0
vt 0.005859 0.5 0
vt 0.005859 0.5 0
vt 0.013672 0.5 0
vt 0.013672 0.5 0
vt 0.005859 0.5 0
vt 0.005859 0.5 0
vt 0.005859 0.5 0
vt 0.005859 0.5 0
vt 0.005859 0.5 0
vt 0.005859 0.5 0
vt 0.013672 0.5 0
vt 0.013672 0.5 0
vt 0.013672 0.5 0
vt 0.013672 0.5 0
vt 0.013672 0.5 0
vt 0.005859 0.5 0
vt 0.013672 0.5 0
vt 0.005859 0.5 0
vt 0.005859 0.5 0
vt 0.005859 0.5 0
vt 0.013672 0.5 0
vt 0.013672 0.5 0
vt 0.005859 0.5 0
vt 0.005859 0.5 0
vt 0.005859 0.5 0
vt 0.005859 0.5 0
vt 0.005859 0.5 0
vt 0.005859 0.5 0
vt 0.013672 0.5 0
vt 0.013672 0.5 0
vt 0.013672 0.5 0
vt 0.013672 0.5 0
vt 0.013672 0.5 0
vt 0.005859 0.5 0
vt 0.013672 0.5 0
vt 0.005859 0.5 0
vt 0.005859 0.5 0
vt 0.005859 0.5 0
vt 0.013672 0.5 0
vt 0.013672 0.5 0
vt 0.005859 0.5 0
vt 0.005859 0.5 0
vt 0.005859 0.5 0
vt 0.005859 0.5 0
vt 0.005859 0.5 0
vt 0.005859 0.5 0
vt 0.005859 0.5 0
vt 0.005859 0.5 0
vt 0.005859 0.5 0
vt 0.005859 0.5 0
vt 0.005859 0.5 0
vt 0.005859 0.5 0
vt 0.005859 0.5 0
vt 0.005859 0.5 0
vt 0.005859 0.5 0
vt 0.005859 0.5 0
vt 0.013672 0.5 0
vt 0.013672 0.5 0
vt 0.013672 0.5 0
vt 0.013672 0.5 0
vt 0.013672 0.5 0
vt 0.013672 0.5 0
vt 0.013672 0.5 0
vt 0.013672 0.5 0
vt 0.005859 0.5 0
vt 0.005859 0.5 0
vt 0.005859 0.5 0
vt 0.005859 0.5 0
vt 0.033203 0.5 0
vt 0.033203 0.5 0
vt 0.033203 0.5 0
vt 0.033203 0.5 0
vt 0.033203 0.5 0
vt 0.033203 0.5 0
vt 0.033203 0.5 0
vt 0.033203 0.5 0
vt 0.033203 0.5 0
vt 0.033203 0.5 0
vt 0.033203 0.5 0
vt 0.033203 0.5 0
vt 0.033203 0.5 0
vt 0.033203 0.5 0
vt 0.033203 0.5 0
vt 0.033203 0.5 0
vt 0.033203 0.5 0
vt 0.033203 0.5 0
vt 0.013672 0.5 0
vt 0.013672 0.5 0
vt 0.013672 0.5 0
vt 0.013672 0.5 0
vt 0.033203 0.5 0
vt 0.033203 0.5 0
vt 0.033203 0.5 0
vt 0.033203 0.5 0
vt 0.033203 0.5 0
vt 0.033203 0.5 0
vt 0.033203 0.5 0
vt 0.033203 0.5 0
vt 0.033203 0.5 0
vt 0.033203 0.5 0
vt 0.001953 0.5 0
vt 0.001953 0.5 0
vt 0.001953 0.5 0
vt 0.001953 0.5 0
vt 0.001953 0.5 0
vt 0.001953 0.5 0
vt 0.001953 0.5 0
vt 0.001953 0.5 0
vt 0.033203 0.5 0
vt 0.033203 0.5 0
vt 0.033203 0.5 0
vt 0.033203 0.5 0
vt 0.033203 0.5 0
vt 0.033203 0.5 0
vt 0.033203 0.5 0
vt 0.033203 0.5 0
vt 0.033203 0.5 0
vt 0.033203 0.5 0
vt 0.001953 0.5 0
vt 0.001953 0.5 0
vt 0.001953 0.5 0
vt 0.001953 0.5 0
vt 0.001953 0.5 0
vt 0.001953 0.5 0
vt 0.001953 0.5 0
vt 0.001953 0.5 0
vt 0.001953 0.5 0
vt 0.001953 0.5 0
vt 0.001953 0.5 0
vt 0.001953 0.5 0
vt 0.001953 0.5 0
vt 0.001953 0.5 0
vt 0.001953 0.5 0
vt 0.001953 0.5 0
vt 0.033203 0.5 0
vt 0.033203 0.5 0
vt 0.033203 0.5 0
vt 0.033203 0.5 0
vt 0.033203 0.5 0
vt 0.033203 0.5 0
vt 0.033203 0.5 0
vt 0.033203 0.5 0
vt 0.033203 0.5 0
vt 0.033203 0.5 0
vt 0.033203 0.5 0
vt 0.033203 0.5 0
vt 0.033203 0.5 0
vt 0.033203 0.5 0
vt 0.033203 0.5 0
vt 0.033203 0.5 0
vt 0.001953 0.5 0
vt 0.001953 0.5 0
vt 0.001953 0.5 0
vt 0.001953 0.5 0
vt 0.001953 0.5 0
vt 0.001953 0.5 0
vt 0.001953 0.5 0
vt 0.001953 0.5 0
vt 0.013672 0.5 0
vt 0.013672 0.5 0
vt 0.009766 0.5 0
vt 0.009766 0.5 0
vt 0.009766 0.5 0
vt 0.009766 0.5 0
vt 0.013672 0.5 0
vt 0.013672 0.5 0
vt 0.009766 0.5 0
vt 0.009766 0.5 0
vt 0.009766 0.5 0
vt 0.009766 0.5 0
vt 0.009766 0.5 0
vt 0.009766 0.5 0
vt 0.013672 0.5 0
vt 0.013672 0.5 0
vt 0.009766 0.5 0
vt 0.009766 0.5 0
vt 0.009766 0.5 0
vt 0.009766 0.5 0
vt 0.013672 0.5 0
vt 0.013672 0.5 0
vt 0.001953 0.5 0
vt 0.001953 0.5 0
vt 0.001953 0.5 0
vt 0.001953 0.5 0
vt 0.001953 0.5 0
vt 0.001953 0.5 0
vt 0.001953 0.5 0
vt 0.001953 0.5 0
vt 0.033203 0.5 0
vt 0.033203 0.5 0
vt 0.033203 0.5 0
vt 0.033203 0.5 0
vt 0.033203 0.5 0
vt 0.033203 0.5 0
vt 0.033203 0.5 0
vt 0.033203 0.5 0
vt 0.033203 0.5 0
vt 0.033203 0.5 0
vt 0.033203 0.5 0
vt 0.033203 0.5 0
vt 0.033203 0.5 0
vt 0.033203 0.5 0
vt 0.033203 0.5 0
vt 0.033203 0.5 0
vt 0.001953 0.5 0
vt 0.001953 0.5 0
vt 0.001953 0.5 0
vt 0.001953 0.5 0
vt 0.001953 0.5 0
vt 0.001953 0.5 0
vt 0.001953 0.5 0
vt 0.001953 0.5 0
vt 0.009766 0.5 0
vt 0.009766 0.5 0
vt 0.009766 0.5 0
vt 0.009766 0.5 0
vt 0.033203 0.5 0
vt 0.033203 0.5 0
vt 0.033203 0.5 0
vt 0.033203 0.5 0
vt 0.001953 0.5 0
vt 0.001953 0.5 0
vt 0.001953 0.5 0
vt 0.001953 0.5 0
vt 0.001953 0.5 0
vt 0.001953 0.5 0
vt 0.033203 0.5 0
vt 0.033203 0.5 0
vt 0.001953 0.5 0
vt 0.001953 0.5 0
vt 0.033203 0.5 0
vt 0.033203 0.5 0
vt 0.033203 0.5 0
vt 0.033203 0.5 0
vt 0.033203 0.5 0
vt 0.033203 0.5 0
vt 0.033203 0.5 0
vt 0.033203 0.5 0
vt 0.033203 0.5 0
vt 0.033203 0.5 0
vt 0.033203 0.5 0
vt 0.033203 0.5 0
vt 0.001953 0.5 0
vt 0.001953 0.5 0
vt 0.001953 0.5 0
vt 0.001953 0.5 0
vt 0.001953 0.5 0
vt 0.001953 0.5 0
vt 0.001953 0.5 0
vt 0.001953 0.5 0
vt 0.001953 0.5 0
vt 0.001953 0.5 0
vt 0.001953 0.5 0
vt 0.001953 0.5 0
vt 0.001953 0.5 0
vt 0.001953 0.5 0
vt 0.001953 0.5 0
vt 0.001953 0.5 0
vt 0.001953 0.5 0
vt 0.001953 0.5 0
vt 0.001953 0.5 0
vt 0.001953 0.5 0
vt 0.001953 0.5 0
vt 0.001953 0.5 0
vt 0.001953 0.5 0
vt 0.001953 0.5 0
vt 0.033203 0.5 0
vt 0.033203 0.5 0
vt 0.033203 0.5 0
vt 0.033203 0.5 0
vt 0.033203 0.5 0
vt 0.033203 0.5 0
vt 0.033203 0.5 0
vt 0.033203 0.5 0
vt 0.033203 0.5 0
vt 0.033203 0.5 0
vt 0.033203 0.5 0
vt 0.033203 0.5 0
vt 0.033203 0.5 0
vt 0.021484 0.5 0
vt 0.033203 0.5 0
vt 0.021484 0.5 0
vt 0.033203 0.5 0
vt 0.033203 0.5 0
vt 0.021484 0.5 0
vt 0.021484 0.5 0
vt 0.033203 0.5 0
vt 0.033203 0.5 0
vt 0.033203 0.5 0
vt 0.013672 0.5 0
vt 0.021484 0.5 0
vt 0.013672 0.5 0
vt 0.017578 0.5 0
vt 0.021484 0.5 0
vt 0.017578 0.5 0
vt 0.013672 0.5 0
vt 0.021484 0.5 0
vt 0.013672 0.5 0
vt 0.033203 0.5 0
vt 0.021484 0.5 0
vt 0.013672 0.5 0
vt 0.021484 0.5 0
vt 0.033203 0.5 0
vt 0.013672 0.5 0
vt 0.017578 0.5 0
vt 0.021484 0.5 0
vt 0.017578 0.5 0
vt 0.013672 0.5 0
vt 0.021484 0.5 0
vt 0.013672 0.5 0
vt 0.033203 0.5 0
vt 0.021484 0.5 0
vt 0.033203 0.5 0
vt 0.033203 0.5 0
vt 0.013672 0.5 0
vt 0.033203 0.5 0
vt 0.017578 0.5 0
vt 0.013672 0.5 0
vt 0.013672 0.5 0
vt 0.017578 0.5 0
vt 0.013672 0.5 0
vt 0.013672 0.5 0
vt 0.013672 0.5 0
vt 0.013672 0.5 0
vt 0.017578 0.5 0
vt 0.013672 0.5 0
vt 0.013672 0.5 0
vt 0.017578 0.5 0
vt 0.033203 0.5 0
vt 0.013672 0.5 0
vt 0.033203 0.5 0
vt 0.033203 0.5 0
vt 0.013672 0.5 0
vt 0.013672 0.5 0
vt 0.013672 0.5 0
vt 0.013672 0.5 0
vt 0.033203 0.5 0
vt 0.033203 0.5 0
vt 0.013672 0.5 0
vt 0.013672 0.5 0
vt 0.017578 0.5 0
vt 0.017578 0.5 0
vt 0.013672 0.5 0
vt 0.013672 0.5 0
vt 0.009766 0.5 0
vt 0.009766 0.5 0
vt 0.013672 0.5 0
vt 0.013672 0.5 0
vt 0.017578 0.5 0
vt 0.017578 0.5 0
vt 0.013672 0.5 0
vt 0.013672 0.5 0
vt 0.033203 0.5 0
vt 0.033203 0.5 0
vt 0.033203 0.5 0
vt 0.033203 0.5 0
vt 0.013672 0.5 0
vt 0.033203 0.5 0
vt 0.013672 0.5 0
vt 0.017578 0.5 0
vt 0.013672 0.5 0
vt 0.017578 0.5 0
vt 0.017578 0.5 0
vt 0.013672 0.5 0
vt 0.013672 0.5 0
vt 0.017578 0.5 0
vt 0.013672 0.5 0
vt 0.021484 0.5 0
vt 0.021484 0.5 0
vt 0.013672 0.5 0
vt 0.013672 0.5 0
vt 0.009766 0.5 0
vt 0.013672 0.5 0
vt 0.009766 0.5 0
vt 0.013672 0.5 0
vt 0.017578 0.5 0
vt 0.013672 0.5 0
vt 0.017578 0.5 0
vt 0.017578 0.5 0
vt 0.013672 0.5 0
vt 0.013672 0.5 0
vt 0.033203 0.5 0
vt 0.017578 0.5 0
vt 0.033203 0.5 0
vt 0.013672 0.5 0
vt 0.033203 0.5 0
vt 0.033203 0.5 0
vt 0.013672 0.5 0
vt 0.033203 0.5 0
vt 0.017578 0.5 0
vt 0.013672 0.5 0
vt 0.013672 0.5 0
vt 0.017578 0.5 0
vt 0.021484 0.5 0
vt 0.013672 0.5 0
vt 0.013672 0.5 0
vt 0.021484 0.5 0
vt 0.017578 0.5 0
vt 0.013672 0.5 0
vt 0.013672 0.5 0
vt 0.017578 0.5 0
vt 0.033203 0.5 0
vt 0.013672 0.5 0
vt 0.033203 0.5 0
vt 0.013672 0.5 0
vt 0.013672 0.5 0
vt 0.013672 0.5 0
vt 0.013672 0.5 0
vt 0.013672 0.5 0
vt 0.013672 0.5 0
vt 0.013672 0.5 0
vt 0.013672 0.5 0
vt 0.013672 0.5 0
vt 0.013672 0.5 0
vt 0.013672 0.5 0
vt 0.013672 0.5 0
vt 0.013672 0.5 0
vt 0.013672 0.5 0
vt 0.068359 0.5 0
vt 0.068359 0.5 0
vt 0.064453 0.5 0
vt 0.064453 0.5 0
vt 0.068359 0.5 0
vt 0.068359 0.5 0
vt 0.064453 0.5 0
vt 0.064453 0.5 0
vt 0.068359 0.5 0
vt 0.064453 0.5 0
vt 0.068359 0.5 0
vt 0.064453 0.5 0
vt 0.068359 0.5 0
vt 0.068359 0.5 0
vt 0.068359 0.5 0
vt 0.064453 0.5 0
vt 0.064453 0.5 0
vt 0.068359 0.5 0
vt 0.068359 0.5 0
vt 0.064453 0.5 0
vt 0.068359 0.5 0
vt 0.064453 0.5 0
vt 0.068359 0.5 0
vt 0.068359 0.5 0
vt 0.064453 0.5 0
vt 0.064453 0.5 0
vt 0.068359 0.5 0
vt 0.068359 0.5 0
vt 0.064453 0.5 0
vt 0.064453 0.5 0
vt 0.068359 0.5 0
vt 0.068359 0.5 0
vt 0.064453 0.5 0
vt 0.068359 0.5 0
vt 0.013672 0.5 0
vt 0.013672 0.5 0
vt 0.013672 0.5 0
vt 0.013672 0.5 0
vt 0.013672 0.5 0
vt 0.013672 0.5 0
vt 0.013672 0.5 0
vt 0.013672 0.5 0
vt 0.033203 0.5 0
vt 0.033203 0.5 0
vt 0.013672 0.5 0
vt 0.033203 0.5 0
vt 0.033203 0.5 0
vt 0.009766 0.5 0
vt 0.009766 0.5 0
vt 0.033203 0.5 0
vt 0.033203 0.5 0
vt 0.013672 0.5 0
vt 0.033203 0.5 0
vt 0.013672 0.5 0
vt 0.033203 0.5 0
vt 0.033203 0.5 0
vt 0.033203 0.5 0
vt 0.033203 0.5 0
vt 0.009766 0.5 0
vt 0.033203 0.5 0
vt 0.033203 0.5 0
vt 0.033203 0.5 0
vt 0.033203 0.5 0
vt 0.033203 0.5 0
vt 0.013672 0.5 0
vt 0.033203 0.5 0
vt 0.013672 0.5 0
vt 0.013672 0.5 0
vt 0.033203 0.5 0
vt 0.033203 0.5 0
vt 0.013672 0.5 0
vt 0.013672 0.5 0
vt 0.013672 0.5 0
vt 0.033203 0.5 0
vt 0.033203 0.5 0
vt 0.013672 0.5 0
vt 0.033203 0.5 0
vt 0.013672 0.5 0
vt 0.033203 0.5 0
vt 0.013672 0.5 0
vt 0.037109 0.5 0
vt 0.013672 0.5 0
vt 0.033203 0.5 0
vt 0.037109 0.5 0
vt 0.009766 0.5 0
vt 0.033203 0.5 0
vt 0.037109 0.5 0
vt 0.033203 0.5 0
vt 0.009766 0.5 0
vt 0.037109 0.5 0
vt 0.033203 0.5 0
vt 0.033203 0.5 0
vt 0.013672 0.5 0
vt 0.037109 0.5 0
vt 0.033203 0.5 0
vt 0.009766 0.5 0
vt 0.037109 0.5 0
vt 0.033203 0.5 0
vt 0.009766 0.5 0
vt 0.037109 0.5 0
vt 0.033203 0.5 0
vt 0.037109 0.5 0
vt 0.009766 0.5 0
vt 0.013672 0.5 0
vt 0.033203 0.5 0
vt 0.013672 0.5 0
vt 0.009766 0.5 0
vt 0.033203 0.5 0
vt 0.009766 0.5 0
vt 0.009766 0.5 0
vt 0.033203 0.5 0
vt 0.013672 0.5 0
vt 0.009766 0.5 0
vt 0.033203 0.5 0
vt 0.013672 0.5 0
vt 0.033203 0.5 0
vt 0.009766 0.5 0
vt 0.009766 0.5 0
vt 0.013672 0.5 0
vt 0.033203 0.5 0
vt 0.013672 0.5 0
vt 0.033203 0.5 0
vt 0.013672 0.5 0
vt 0.013672 0.5 0
vt 0.037109 0.5 0
vt 0.013672 0.5 0
vt 0.033203 0.5 0
vt 0.037109 0.5 0
vt 0.009766 0.5 0
vt 0.033203 0.5 0
vt 0.037109 0.5 0
vt 0.033203 0.5 0
vt 0.009766 0.5 0
vt 0.037109 0.5 0
vt 0.033203 0.5 0
vt 0.013672 0.5 0
vt 0.033203 0.5 0
vt 0.037109 0.5 0
vt 0.033203 0.5 0
vt 0.009766 0.5 0
vt 0.037109 0.5 0
vt 0.033203 0.5 0
vt 0.009766 0.5 0
vt 0.037109 0.5 0
vt 0.033203 0.5 0
vt 0.037109 0.5 0
vt 0.033203 0.5 0
vt 0.013672 0.5 0
vt 0.013672 0.5 0
vt 0.033203 0.5 0
vt 0.013672 0.5 0
vt 0.033203 0.5 0
vt 0.013672 0.5 0
vt 0.033203 0.5 0
vt 0.013672 0.5 0
vt 0.033203 0.5 0
vt 0.013672 0.5 0
vt 0.033203 0.5 0
vt 0.033203 0.5 0
vt 0.001953 0.5 0
vt 0.001953 0.5 0
vt 0.033203 0.5 0
vt 0.033203 0.5 0
vt 0.001953 0.5 0
vt 0.001953 0.5 0
vt 0.001953 0.5 0
vt 0.001953 0.5 0
vt 0.033203 0.5 0
vt 0.033203 0.5 0
vt 0.001953 0.5 0
vt 0.001953 0.5 0
vt 0.001953 0.5 0
vt 0.001953 0.5 0
vt 0.001953 0.5 0
vt 0.001953 0.5 0
vt 0.033203 0.5 0
vt 0.033203 0.5 0
vt 0.001953 0.5 0
vt 0.001953 0.5 0
vt 0.001953 0.5 0
vt 0.013672 0.5 0
vt 0.001953 0.5 0
vt 0.013672 0.5 0
vt 0.001953 0.5 0
vt 0.001953 0.5 0
vt 0.001953 0.5 0
vt 0.001953 0.5 0
vt 0.033203 0.5 0
vt 0.001953 0.5 0
vt 0.001953 0.5 0
vt 0.001953 0.5 0
vt 0.001953 0.5 0
vt 0.013672 0.5 0
vt 0.001953 0.5 0
vt 0.013672 0.5 0
vt 0.001953 0.5 0
vt 0.001953 0.5 0
vt 0.033203 0.5 0
vt 0.001953 0.5 0
vt 0.009766 0.5 0
vt 0.033203 0.5 0
vt 0.033203 0.5 0
vt 0.001953 0.5 0
vt 0.001953 0.5 0
vt 0.001953 0.5 0
vt 0.001953 0.5 0
vt 0.001953 0.5 0
vt 0.033203 0.5 0
vt 0.001953 0.5 0
vt 0.033203 0.5 0
vt 0.001953 0.5 0
vt 0.001953 0.5 0
vt 0.001953 0.5 0
vt 0.033203 0.5 0
vt 0.001953 0.5 0
vt 0.033203 0.5 0
vt 0.001953 0.5 0
vt 0.033203 0.5 0
vt 0.001953 0.5 0
vt 0.033203 0.5 0
vt 0.033203 0.5 0
vt 0.033203 0.5 0
vt 0.013672 0.5 0
vt 0.033203 0.5 0
vt 0.033203 0.5 0
vt 0.013672 0.5 0
vt 0.033203 0.5 0
vt 0.009766 0.5 0
vt 0.033203 0.5 0
vt 0.009766 0.5 0
vt 0.013672 0.5 0
vt 0.033203 0.5 0
vt 0.033203 0.5 0
vt 0.013672 0.5 0
vt 0.013672 0.5 0
vt 0.033203 0.5 0
vt 0.033203 0.5 0
vt 0.013672 0.5 0
vt 0.013672 0.5 0
vt 0.033203 0.5 0
vt 0.033203 0.5 0
vt 0.033203 0.5 0
vt 0.033203 0.5 0
vt 0.033203 0.5 0
vt 0.033203 0.5 0
vt 0.033203 0.5 0
vt 0.001953 0.5 0
vt 0.001953 0.5 0
vt 0.001953 0.5 0
vt 0.001953 0.5 0
vt 0.001953 0.5 0
vt 0.001953 0.5 0
vt 0.001953 0.5 0
vt 0.001953 0.5 0
vt 0.001953 0.5 0
vt 0.001953 0.5 0
vt 0.001953 0.5 0
vt 0.001953 0.5 0
vt 0.001953 0.5 0
vt 0.001953 0.5 0
vt 0.001953 0.5 0
vt 0.013672 0.5 0
vt 0.001953 0.5 0
vt 0.013672 0.5 0
vt 0.001953 0.5 0
vt 0.001953 0.5 0
vt 0.001953 0.5 0
vt 0.001953 0.5 0
vt 0.001953 0.5 0
vt 0.001953 0.5 0
vt 0.013672 0.5 0
vt 0.001953 0.5 0
vt 0.013672 0.5 0
vt 0.001953 0.5 0
vt 0.001953 0.5 0
vt 0.001953 0.5 0
vt 0.001953 0.5 0
vt 0.001953 0.5 0
vt 0.001953 0.5 0
vt 0.001953 0.5 0
vt 0.001953 0.5 0
vt 0.001953 0.5 0
vt 0.001953 0.5 0
vt 0.001953 0.5 0
vt 0.001953 0.5 0
vt 0.001953 0.5 0
vt 0.037109 0.5 0
vt 0.033203 0.5 0
vt 0.037109 0.5 0
vt 0.033203 0.5 0
vt 0.033203 0.5 0
vt 0.037109 0.5 0
vt 0.033203 0.5 0
vt 0.037109 0.5 0
vt 0.033203 0.5 0
vt 0.033203 0.5 0
vt 0.033203 0.5 0
vt 0.033203 0.5 0
vt 0.033203 0.5 0
vt 0.033203 0.5 0
vt 0.033203 0.5 0
vt 0.033203 0.5 0
vt 0.037109 0.5 0
vt 0.033203 0.5 0
vt 0.037109 0.5 0
vt 0.033203 0.5 0
vt 0.033203 0.5 0
vt 0.037109 0.5 0
vt 0.033203 0.5 0
vt 0.037109 0.5 0
vt 0.009766 0.5 0
vt 0.033203 0.5 0
vt 0.009766 0.5 0
vt 0.033203 0.5 0
vt 0.033203 0.5 0
vt 0.009766 0.5 0
vt 0.033203 0.5 0
vt 0.009766 0.5 0
vt 0.001953 0.5 0
vt 0.001953 0.5 0
vt 0.001953 0.5 0
vt 0.001953 0.5 0
vt 0.001953 0.5 0
vt 0.001953 0.5 0
vt 0.001953 0.5 0
vt 0.001953 0.5 0
vt 0.001953 0.5 0
vt 0.001953 0.5 0
vt 0.033203 0.5 0
vt 0.033203 0.5 0
vt 0.001953 0.5 0
vt 0.001953 0.5 0
vt 0.033203 0.5 0
vt 0.033203 0.5 0
vt 0.033203 0.5 0
vt 0.033203 0.5 0
vt 0.033203 0.5 0
vt 0.033203 0.5 0
vt 0.033203 0.5 0
vt 0.033203 0.5 0
vt 0.033203 0.5 0
vt 0.033203 0.5 0
vt 0.033203 0.5 0
vt 0.001953 0.5 0
vt 0.001953 0.5 0
vt 0.001953 0.5 0
vt 0.001953 0.5 0
vt 0.001953 0.5 0
vt 0.001953 0.5 0
vt 0.001953 0.5 0
vt 0.001953 0.5 0
vt 0.001953 0.5 0
vt 0.001953 0.5 0
vt 0.013672 0.5 0
vt 0.033203 0.5 0
vt 0.013672 0.5 0
vt 0.033203 0.5 0
vt 0.001953 0.5 0
vt 0.001953 0.5 0
vt 0.005859 0.5 0
vt 0.013672 0.5 0
vt 0.005859 0.5 0
vt 0.005859 0.5 0
vt 0.005859 0.5 0
vt 0.005859 0.5 0
vt 0.005859 0.5 0
vt 0.005859 0.5 0
vt 0.005859 0.5 0
vt 0.013672 0.5 0
vt 0.013672 0.5 0
vt 0.005859 0.5 0
vt 0.013672 0.5 0
vt 0.005859 0.5 0
vt 0.013672 0.5 0
vt 0.005859 0.5 0
vt 0.013672 0.5 0
vt 0.005859 0.5 0
vt 0.013672 0.5 0
vt 0.013672 0.5 0
vt 0.005859 0.5 0
vt 0.013672 0.5 0
vt 0.005859 0.5 0
vt 0.005859 0.5 0
vt 0.013672 0.5 0
vt 0.005859 0.5 0
vt 0.013672 0.5 0
vt 0.005859 0.5 0
vt 0.013672 0.5 0
vt 0.013672 0.5 0
vt 0.005859 0.5 0
vt 0.005859 0.5 0
vt 0.013672 0.5 0
vt 0.013672 0.5 0
vt 0.033203 0.5 0
vt 0.005859 0.5 0
vt 0.033203 0.5 0
vt 0.013672 0.5 0
vt 0.005859 0.5 0
vt 0.013672 0.5 0
vt 0.013672 0.5 0
vt 0.033203 0.5 0
vt 0.005859 0.5 0
vt 0.033203 0.5 0
vt 0.013672 0.5 0
vt 0.013672 0.5 0
vt 0.033203 0.5 0
vt 0.013672 0.5 0
vt 0.005859 0.5 0
vt 0.013672 0.5 0
vt 0.033203 0.5 0
vt 0.005859 0.5 0
vt 0.033203 0.5 0
vt 0.013672 0.5 0
vt 0.013672 0.5 0
vt 0.033203 0.5 0
vt 0.013672 0.5 0
vt 0.013672 0.5 0
vt 0.033203 0.5 0
vt 0.033203 0.5 0
vt 0.013672 0.5 0
vt 0.013672 0.5 0
vt 0.033203 0.5 0
vt 0.013672 0.5 0
vt 0.033203 0.5 0
vt 0.013672 0.5 0
vt 0.033203 0.5 0
vt 0.013672 0.5 0
vt 0.013672 0.5 0
vt 0.033203 0.5 0
vt 0.013672 0.5 0
vt 0.013672 0.5 0
vt 0.033203 0.5 0
vt 0.013672 0.5 0
vt 0.033203 0.5 0
vt 0.013672 0.5 0
vt 0.033203 0.5 0
vt 0.013672 0.5 0
vt 0.033203 0.5 0
vt 0.013672 0.5 0
vt 0.033203 0.5 0
vt 0.033203 0.5 0
vt 0.013672 0.5 0
vt 0.013672 0.5 0
vt 0.033203 0.5 0
vt 0.033203 0.5 0
vt 0.013672 0.5 0
vt 0.013672 0.5 0
vt 0.033203 0.5 0
vt 0.033203 0.5 0
vt 0.033203 0.5 0
vt 0.033203 0.5 0
vt 0.033203 0.5 0
vt 0.033203 0.5 0
vt 0.033203 0.5 0
vt 0.033203 0.5 0
vt 0.033203 0.5 0
vt 0.033203 0.5 0
vt 0.013672 0.5 0
vt 0.013672 0.5 0
vt 0.033203 0.5 0
vt 0.013672 0.5 0
vt 0.033203 0.5 0
vt 0.013672 0.5 0
vt 0.013672 0.5 0
vt 0.033203 0.5 0
vt 0.033203 0.5 0
vt 0.013672 0.5 0
vt 0.033203 0.5 0
vt 0.013672 0.5 0
vt 0.013672 0.5 0
vt 0.013672 0.5 0
vt 0.033203 0.5 0
vt 0.013672 0.5 0
vt 0.033203 0.5 0
vt 0.033203 0.5 0
vt 0.013672 0.5 0
vt 0.033203 0.5 0
vt 0.013672 0.5 0
vt 0.013672 0.5 0
vt 0.013672 0.5 0
vt 0.033203 0.5 0
vt 0.013672 0.5 0
vt 0.033203 0.5 0
vt 0.013672 0.5 0
vt 0.013672 0.5 0
vt 0.033203 0.5 0
vt 0.013672 0.5 0
vt 0.033203 0.5 0
vt 0.013672 0.5 0
vt 0.013672 0.5 0
vt 0.033203 0.5 0
vt 0.013672 0.5 0
vt 0.033203 0.5 0
vt 0.013672 0.5 0
vt 0.013672 0.5 0
vt 0.033203 0.5 0
vt 0.013672 0.5 0
vt 0.033203 0.5 0
vt 0.013672 0.5 0
vt 0.013672 0.5 0
vt 0.013672 0.5 0
vt 0.013672 0.5 0
vt 0.033203 0.5 0
vt 0.013672 0.5 0
vt 0.033203 0.5 0
vt 0.013672 0.5 0
vt 0.033203 0.5 0
vt 0.013672 0.5 0
vt 0.033203 0.5 0
vt 0.013672 0.5 0
vt 0.033203 0.5 0
vt 0.005859 0.5 0
vt 0.005859 0.5 0
vt 0.013672 0.5 0
vt 0.013672 0.5 0
vt 0.005859 0.5 0
vt 0.005859 0.5 0
vt 0.005859 0.5 0
vt 0.005859 0.5 0
vt 0.005859 0.5 0
vt 0.005859 0.5 0
vt 0.005859 0.5 0
vt 0.005859 0.5 0
vt 0.005859 0.5 0
vt 0.005859 0.5 0
vt 0.005859 0.5 0
vt 0.033203 0.5 0
vt 0.033203 0.5 0
vt 0.033203 0.5 0
vt 0.033203 0.5 0
vt 0.033203 0.5 0
vt 0.033203 0.5 0
vt 0.033203 0.5 0
vt 0.033203 0.5 0
vt 0.009766 0.5 0
vt 0.009766 0.5 0
vt 0.009766 0.5 0
vt 0.009766 0.5 0
vt 0.013672 0.5 0
vt 0.013672 0.5 0
vt 0.033203 0.5 0
vt 0.013672 0.5 0
vt 0.033203 0.5 0
vt 0.013672 0.5 0
vt 0.033203 0.5 0
vt 0.033203 0.5 0
vt 0.013672 0.5 0
vt 0.033203 0.5 0
vt 0.013672 0.5 0
vt 0.033203 0.5 0
vt 0.005859 0.5 0
vt 0.005859 0.5 0
vt 0.013672 0.5 0
vt 0.013672 0.5 0
vt 0.005859 0.5 0
vt 0.005859 0.5 0
vt 0.005859 0.5 0
vt 0.005859 0.5 0
vt 0.005859 0.5 0
vt 0.005859 0.5 0
vt 0.005859 0.5 0
vt 0.005859 0.5 0
vt 0.005859 0.5 0
vt 0.005859 0.5 0
vt 0.005859 0.5 0
vt 0.005859 0.5 0
vt 0.005859 0.5 0
vt 0.005859 0.5 0
vt 0.009766 0.5 0
vt 0.009766 0.5 0
vt 0.009766 0.5 0
vt 0.009766 0.5 0
vt 0.009766 0.5 0
vt 0.009766 0.5 0
vt 0.009766 0.5 0
vt 0.005859 0.5 0
vt 0.005859 0.5 0
vt 0.005859 0.5 0
vt 0.005859 0.5 0
vt 0.005859 0.5 0
vt 0.005859 0.5 0
vt 0.005859 0.5 0
vt 0.005859 0.5 0
vt 0.005859 0.5 0
vt 0.005859 0.5 0
vt 0.005859 0.5 0
vt 0.033203 0.5 0
vt 0.033203 0.5 0
vt 0.033203 0.5 0
vt 0.033203 0.5 0
vt 0.033203 0.5 0
vt 0.033203 0.5 0
vt 0.033203 0.5 0
vt 0.033203 0.5 0
vt 0.033203 0.5 0
vt 0.033203 0.5 0
vt 0.033203 0.5 0
vt 0.033203 0.5 0
vt 0.033203 0.5 0
vt 0.033203 0.5 0
vt 0.033203 0.5 0
vt 0.033203 0.5 0
vt 0.033203 0.5 0
vt 0.033203 0.5 0
vt 0.033203 0.5 0
vt 0.033203 0.5 0
vt 0.033203 0.5 0
vt 0.033203 0.5 0
vt 0.033203 0.5 0
vt 0.033203 0.5 0
vt 0.033203 0.5 0
vt 0.033203 0.5 0
vt 0.009766 0.5 0
vt 0.009766 0.5 0
vt 0.033203 0.5 0
vt 0.009766 0.5 0
vt 0.033203 0.5 0
vt 0.009766 0.5 0
vt 0.033203 0.5 0
vt 0.033203 0.5 0
vt 0.033203 0.5 0
vt 0.005859 0.5 0
vt 0.005859 0.5 0
vt 0.033203 0.5 0
vt 0.033203 0.5 0
vt 0.005859 0.5 0
vt 0.005859 0.5 0
vt 0.033203 0.5 0
vt 0.033203 0.5 0
vt 0.033203 0.5 0
vt 0.033203 0.5 0
vt 0.033203 0.5 0
vt 0.033203 0.5 0
vt 0.033203 0.5 0
vt 0.033203 0.5 0
vt 0.033203 0.5 0
vt 0.033203 0.5 0
vt 0.068359 0.5 0
vt 0.068359 0.5 0
vt 0.068359 0.5 0
vt 0.068359 0.5 0
vt 0.068359 0.5 0
vt 0.005859 0.5 0
vt 0.005859 0.5 0
vt 0.005859 0.5 0
vt 0.005859 0.5 0
vt 0.068359 0.5 0
vt 0.068359 0.5 0
vt 0.068359 0.5 0
vt 0.068359 0.5 0
vt 0.068359 0.5 0
vt 0.009766 0.5 0
vt 0.009766 0.5 0
vt 0.009766 0.5 0
vt 0.009766 0.5 0
vt 0.009766 0.5 0
vt 0.009766 0.5 0
vt 0.009766 0.5 0
vt 0.009766 0.5 0
vt 0.009766 0.5 0
vt 0.009766 0.5 0
vt 0.009766 0.5 0
vt 0.009766 0.5 0
vt 0.009766 0.5 0
vt 0.009766 0.5 0
vt 0.009766 0.5 0
vt 0.009766 0.5 0
vt 0.009766 0.5 0
vt 0.009766 0.5 0
vt 0.009766 0.5 0
vt 0.009766 0.5 0
vt 0.009766 0.5 0
vt 0.009766 0.5 0
vt 0.009766 0.5 0
vt 0.009766 0.5 0
vt 0.009766 0.5 0
vt 0.009766 0.5 0
vt 0.009766 0.5 0
vt 0.021484 0.5 0
vt 0.021484 0.5 0
vt 0.021484 0.5 0
vt 0.021484 0.5 0
vt 0.001953 0.5 0
vt 0.001953 0.5 0
vt 0.001953 0.5 0
vt 0.001953 0.5 0
vt 0.001953 0.5 0
vt 0.001953 0.5 0
vt 0.001953 0.5 0
vt 0.001953 0.5 0
vt 0.001953 0.5 0
vt 0.001953 0.5 0
vt 0.001953 0.5 0
vt 0.001953 0.5 0
vt 0.001953 0.5 0
vt 0.001953 0.5 0
vt 0.001953 0.5 0
vt 0.001953 0.5 0
vt 0.001953 0.5 0
vt 0.001953 0.5 0
vt 0.001953 0.5 0
vt 0.001953 0.5 0
vt 0.001953 0.5 0
vt 0.001953 0.5 0
vt 0.001953 0.5 0
vt 0.001953 0.5 0
vt 0.001953 0.5 0
vt 0.001953 0.5 0
vt 0.001953 0.5 0
vt 0.001953 0.5 0
vt 0.001953 0.5 0
vt 0.013672 0.5 0
vt 0.013672 0.5 0
vt 0.033203 0.5 0
vt 0.033203 0.5 0
vt 0.013672 0.5 0
vt 0.033203 0.5 0
vt 0.013672 0.5 0
vt 0.033203 0.5 0
vt 0.001953 0.5 0
vt 0.001953 0.5 0
vt 0.001953 0.5 0
vt 0.001953 0.5 0
vt 0.001953 0.5 0
vt 0.001953 0.5 0
vt 0.001953 0.5 0
vt 0.001953 0.5 0
vt 0.001953 0.5 0
vt 0.001953 0.5 0
vt 0.001953 0.5 0
vt 0.001953 0.5 0
vt 0.001953 0.5 0
vt 0.001953 0.5 0
vt 0.001953 0.5 0
vt 0.001953 0.5 0
vt 0.001953 0.5 0
vt 0.001953 0.5 0
vt 0.001953 0.5 0
vt 0.001953 0.5 0
vt 0.001953 0.5 0
vt 0.001953 0.5 0
vt 0.001953 0.5 0
vt 0.001953 0.5 0
vt 0.001953 0.5 0
vt 0.001953 0.5 0
vt 0.001953 0.5 0
vt 0.001953 0.5 0
vt 0.001953 0.5 0
vt 0.001953 0.5 0
vt 0.001953 0.5 0
vt 0.001953 0.5 0
vt 0.013672 0.5 0
vt 0.013672 0.5 0
vt 0.013672 0.5 0
vt 0.013672 0.5 0
vt 0.013672 0.5 0
vt 0.013672 0.5 0
vt 0.013672 0.5 0
vt 0.013672 0.5 0
vt 0.013672 0.5 0
vt 0.013672 0.5 0
vt 0.013672 0.5 0
vt 0.013672 0.5 0
vt 0.013672 0.5 0
vt 0.013672 0.5 0
vt 0.013672 0.5 0
vt 0.013672 0.5 0
vt 0.013672 0.5 0
vt 0.013672 0.5 0
vt 0.013672 0.5 0
vt 0.013672 0.5 0
vt 0.013672 0.5 0
vt 0.013672 0.5 0
vt 0.013672 0.5 0
vt 0.013672 0.5 0
vt 0.013672 0.5 0
vt 0.013672 0.5 0
vt 0.013672 0.5 0
vt 0.013672 0.5 0
vt 0.013672 0.5 0
vt 0.013672 0.5 0
vt 0.013672 0.5 0
vt 0.013672 0.5 0
vt 0.033203 0.5 0
vt 0.033203 0.5 0
vt 0.013672 0.5 0
vt 0.033203 0.5 0
vt 0.013672 0.5 0
vt 0.033203 0.5 0
vt 0.013672 0.5 0
vt 0.013672 0.5 0
vt 0.001953 0.5 0
vt 0.001953 0.5 0
vt 0.013672 0.5 0
vt 0.013672 0.5 0
vt 0.001953 0.5 0
vt 0.001953 0.5 0
vt 0.001953 0.5 0
vt 0.001953 0.5 0
vt 0.001953 0.5 0
vt 0.001953 0.5 0
vt 0.001953 0.5 0
vt 0.001953 0.5 0
vt 0.001953 0.5 0
vt 0.001953 0.5 0
vt 0.001953 0.5 0
vt 0.001953 0.5 0
vt 0.001953 0.5 0
vt 0.001953 0.5 0
vt 0.001953 0.5 0
vt 0.001953 0.5 0
vt 0.001953 0.5 0
vt 0.001953 0.5 0
vt 0.001953 0.5 0
vt 0.001953 0.5 0
vt 0.001953 0.5 0
vt 0.001953 0.5 0
vt 0.001953 0.5 0
vt 0.001953 0.5 0
vt 0.001953 0.5 0
vt 0.001953 0.5 0
vt 0.001953 0.5 0
vt 0.001953 0.5 0
vt 0.001953 0.5 0
vt 0.001953 0.5 0
vt 0.001953 0.5 0
vt 0.001953 0.5 0
vt 0.001953 0.5 0
vt 0.001953 0.5 0
vt 0.001953 0.5 0
vt 0.001953 0.5 0
vt 0.001953 0.5 0
vt 0.001953 0.5 0
vt 0.001953 0.5 0
vt 0.001953 0.5 0
vt 0.001953 0.5 0
vt 0.001953 0.5 0
vt 0.001953 0.5 0
vt 0.001953 0.5 0
vt 0.001953 0.5 0
vt 0.001953 0.5 0
vt 0.001953 0.5 0
vt 0.001953 0.5 0
vt 0.001953 0.5 0
vt 0.001953 0.5 0
vt 0.001953 0.5 0
vt 0.001953 0.5 0
vt 0.001953 0.5 0
vt 0.001953 0.5 0
vt 0.001953 0.5 0
vt 0.001953 0.5 0
vt 0.001953 0.5 0
vt 0.001953 0.5 0
vt 0.001953 0.5 0
vt 0.021484 0.5 0
vt 0.021484 0.5 0
vt 0.021484 0.5 0
vt 0.021484 0.5 0
vt 0.009766 0.5 0
vt 0.009766 0.5 0
vt 0.009766 0.5 0
vt 0.009766 0.5 0
vt 0.009766 0.5 0
vt 0.009766 0.5 0
vt 0.009766 0.5 0
vt 0.009766 0.5 0
vt 0.009766 0.5 0
vt 0.009766 0.5 0
vt 0.009766 0.5 0
vt 0.009766 0.5 0
vt 0.009766 0.5 0
vt 0.009766 0.5 0
vt 0.009766 0.5 0
vt 0.009766 0.5 0
vt 0.009766 0.5 0
vt 0.009766 0.5 0
vt 0.009766 0.5 0
vt 0.009766 0.5 0
vt 0.009766 0.5 0
vt 0.009766 0.5 0
vt 0.009766 0.5 0
vt 0.009766 0.5 0
vt 0.009766 0.5 0
vt 0.009766 0.5 0
vt 0.009766 0.5 0
vt 0.068359 0.5 0
vt 0.068359 0.5 0
vt 0.068359 0.5 0
vt 0.068359 0.5 0
vt 0.068359 0.5 0
vt 0.005859 0.5 0
vt 0.005859 0.5 0
vt 0.005859 0.5 0
vt 0.005859 0.5 0
vt 0.068359 0.5 0
vt 0.068359 0.5 0
vt 0.068359 0.5 0
vt 0.068359 0.5 0
vt 0.068359 0.5 0
vt 0.033203 0.5 0
vt 0.033203 0.5 0
vt 0.033203 0.5 0
vt 0.033203 0.5 0
vt 0.033203 0.5 0
vt 0.033203 0.5 0
vt 0.033203 0.5 0
vt 0.033203 0.5 0
vt 0.009766 0.5 0
vt 0.009766 0.5 0
vt 0.033203 0.5 0
vt 0.009766 0.5 0
vt 0.033203 0.5 0
vt 0.009766 0.5 0
vt 0.033203 0.5 0
vt 0.033203 0.5 0
vt 0.033203 0.5 0
vt 0.005859 0.5 0
vt 0.005859 0.5 0
vt 0.033203 0.5 0
vt 0.033203 0.5 0
vt 0.005859 0.5 0
vt 0.005859 0.5 0
vt 0.033203 0.5 0
vt 0.033203 0.5 0
vt 0.033203 0.5 0
vt 0.033203 0.5 0
vt 0.033203 0.5 0
vt 0.033203 0.5 0
vt 0.033203 0.5 0
vt 0.033203 0.5 0
vt 0.033203 0.5 0
vt 0.033203 0.5 0
vt 0.033203 0.5 0
vt 0.033203 0.5 0
vt 0.033203 0.5 0
vt 0.033203 0.5 0
vt 0.033203 0.5 0
vt 0.033203 0.5 0
vt 0.033203 0.5 0
vt 0.033203 0.5 0
vt 0.033203 0.5 0
vt 0.033203 0.5 0
vt 0.033203 0.5 0
vt 0.033203 0.5 0
vt 0.033203 0.5 0
vt 0.033203 0.5 0
vt 0.009766 0.5 0
vt 0.009766 0.5 0
vt 0.009766 0.5 0
vt 0.009766 0.5 0
vt 0.009766 0.5 0
vt 0.009766 0.5 0
vt 0.009766 0.5 0
vt 0.005859 0.5 0
vt 0.005859 0.5 0
vt 0.005859 0.5 0
vt 0.005859 0.5 0
vt 0.005859 0.5 0
vt 0.005859 0.5 0
vt 0.005859 0.5 0
vt 0.005859 0.5 0
vt 0.005859 0.5 0
vt 0.005859 0.5 0
vt 0.005859 0.5 0
vt 0.033203 0.5 0
vt 0.033203 0.5 0
vt 0.033203 0.5 0
vt 0.033203 0.5 0
vt 0.009766 0.5 0
vt 0.009766 0.5 0
vt 0.009766 0.5 0
vt 0.009766 0.5 0
vt 0.013672 0.5 0
vt 0.013672 0.5 0
vt 0.033203 0.5 0
vt 0.013672 0.5 0
vt 0.033203 0.5 0
vt 0.013672 0.5 0
vt 0.033203 0.5 0
vt 0.033203 0.5 0
vt 0.013672 0.5 0
vt 0.033203 0.5 0
vt 0.013672 0.5 0
vt 0.033203 0.5 0
vt 0.005859 0.5 0
vt 0.005859 0.5 0
vt 0.013672 0.5 0
vt 0.013672 0.5 0
vt 0.005859 0.5 0
vt 0.005859 0.5 0
vt 0.005859 0.5 0
vt 0.005859 0.5 0
vt 0.005859 0.5 0
vt 0.005859 0.5 0
vt 0.005859 0.5 0
vt 0.005859 0.5 0
vt 0.005859 0.5 0
vt 0.005859 0.5 0
vt 0.005859 0.5 0
vt 0.005859 0.5 0
vt 0.005859 0.5 0
vt 0.005859 0.5 0
vt 0.033203 0.5 0
vt 0.033203 0.5 0
vt 0.033203 0.5 0
vt 0.033203 0.5 0
vt 0.013672 0.5 0
vt 0.013672 0.5 0
vt 0.033203 0.5 0
vt 0.013672 0.5 0
vt 0.033203 0.5 0
vt 0.013672 0.5 0
vt 0.013672 0.5 0
vt 0.033203 0.5 0
vt 0.033203 0.5 0
vt 0.013672 0.5 0
vt 0.033203 0.5 0
vt 0.013672 0.5 0
vt 0.013672 0.5 0
vt 0.013672 0.5 0
vt 0.033203 0.5 0
vt 0.013672 0.5 0
vt 0.033203 0.5 0
vt 0.033203 0.5 0
vt 0.013672 0.5 0
vt 0.033203 0.5 0
vt 0.013672 0.5 0
vt 0.013672 0.5 0
vt 0.013672 0.5 0
vt 0.033203 0.5 0
vt 0.013672 0.5 0
vt 0.033203 0.5 0
vt 0.013672 0.5 0
vt 0.013672 0.5 0
vt 0.033203 0.5 0
vt 0.013672 0.5 0
vt 0.033203 0.5 0
vt 0.013672 0.5 0
vt 0.013672 0.5 0
vt 0.033203 0.5 0
vt 0.013672 0.5 0
vt 0.033203 0.5 0
vt 0.013672 0.5 0
vt 0.013672 0.5 0
vt 0.033203 0.5 0
vt 0.013672 0.5 0
vt 0.033203 0.5 0
vt 0.013672 0.5 0
vt 0.013672 0.5 0
vt 0.013672 0.5 0
vt 0.013672 0.5 0
vt 0.033203 0.5 0
vt 0.013672 0.5 0
vt 0.033203 0.5 0
vt 0.013672 0.5 0
vt 0.033203 0.5 0
vt 0.013672 0.5 0
vt 0.033203 0.5 0
vt 0.013672 0.5 0
vt 0.033203 0.5 0
vt 0.005859 0.5 0
vt 0.005859 0.5 0
vt 0.013672 0.5 0
vt 0.013672 0.5 0
vt 0.005859 0.5 0
vt 0.005859 0.5 0
vt 0.005859 0.5 0
vt 0.005859 0.5 0
vt 0.005859 0.5 0
vt 0.005859 0.5 0
vt 0.005859 0.5 0
vt 0.005859 0.5 0
vt 0.005859 0.5 0
vt 0.005859 0.5 0
vt 0.005859 0.5 0
vt 0.033203 0.5 0
vt 0.033203 0.5 0
vt 0.033203 0.5 0
vt 0.033203 0.5 0
vt 0.033203 0.5 0
vt 0.033203 0.5 0
vt 0.033203 0.5 0
vt 0.033203 0.5 0
vt 0.033203 0.5 0
vt 0.033203 0.5 0
vt 0.033203 0.5 0
vt 0.033203 0.5 0
vt 0.033203 0.5 0
vt 0.033203 0.5 0
vt 0.001953 0.5 0
vt 0.001953 0.5 0
vt 0.001953 0.5 0
vt 0.001953 0.5 0
vt 0.001953 0.5 0
vt 0.001953 0.5 0
vt 0.001953 0.5 0
vt 0.001953 0.5 0
vt 0.001953 0.5 0
vt 0.001953 0.5 0
vt 0.013672 0.5 0
vt 0.033203 0.5 0
vt 0.013672 0.5 0
vt 0.033203 0.5 0
vt 0.001953 0.5 0
vt 0.001953 0.5 0
vt 0.005859 0.5 0
vt 0.013672 0.5 0
vt 0.005859 0.5 0
vt 0.005859 0.5 0
vt 0.005859 0.5 0
vt 0.005859 0.5 0
vt 0.005859 0.5 0
vt 0.005859 0.5 0
vt 0.005859 0.5 0
vt 0.013672 0.5 0
vt 0.013672 0.5 0
vt 0.005859 0.5 0
vt 0.013672 0.5 0
vt 0.005859 0.5 0
vt 0.013672 0.5 0
vt 0.005859 0.5 0
vt 0.013672 0.5 0
vt 0.005859 0.5 0
vt 0.013672 0.5 0
vt 0.013672 0.5 0
vt 0.005859 0.5 0
vt 0.013672 0.5 0
vt 0.005859 0.5 0
vt 0.005859 0.5 0
vt 0.013672 0.5 0
vt 0.005859 0.5 0
vt 0.013672 0.5 0
vt 0.005859 0.5 0
vt 0.013672 0.5 0
vt 0.013672 0.5 0
vt 0.005859 0.5 0
vt 0.005859 0.5 0
vt 0.013672 0.5 0
vt 0.013672 0.5 0
vt 0.033203 0.5 0
vt 0.005859 0.5 0
vt 0.033203 0.5 0
vt 0.013672 0.5 0
vt 0.005859 0.5 0
vt 0.013672 0.5 0
vt 0.013672 0.5 0
vt 0.033203 0.5 0
vt 0.005859 0.5 0
vt 0.033203 0.5 0
vt 0.013672 0.5 0
vt 0.013672 0.5 0
vt 0.033203 0.5 0
vt 0.013672 0.5 0
vt 0.005859 0.5 0
vt 0.013672 0.5 0
vt 0.033203 0.5 0
vt 0.005859 0.5 0
vt 0.033203 0.5 0
vt 0.013672 0.5 0
vt 0.013672 0.5 0
vt 0.033203 0.5 0
vt 0.013672 0.5 0
vt 0.013672 0.5 0
vt 0.033203 0.5 0
vt 0.033203 0.5 0
vt 0.013672 0.5 0
vt 0.013672 0.5 0
vt 0.033203 0.5 0
vt 0.013672 0.5 0
vt 0.033203 0.5 0
vt 0.013672 0.5 0
vt 0.033203 0.5 0
vt 0.013672 0.5 0
vt 0.013672 0.5 0
vt 0.033203 0.5 0
vt 0.013672 0.5 0
vt 0.013672 0.5 0
vt 0.033203 0.5 0
vt 0.013672 0.5 0
vt 0.033203 0.5 0
vt 0.013672 0.5 0
vt 0.033203 0.5 0
vt 0.013672 0.5 0
vt 0.033203 0.5 0
vt 0.013672 0.5 0
vt 0.033203 0.5 0
vt 0.033203 0.5 0
vt 0.033203 0.5 0
vt 0.033203 0.5 0
vt 0.033203 0.5 0
vt 0.033203 0.5 0
vt 0.033203 0.5 0
vt 0.033203 0.5 0
vt 0.033203 0.5 0
vt 0.033203 0.5 0
vt 0.033203 0.5 0
vt 0.033203 0.5 0
vt 0.033203 0.5 0
vt 0.033203 0.5 0
vt 0.033203 0.5 0
vt 0.001953 0.5 0
vt 0.001953 0.5 0
vt 0.001953 0.5 0
vt 0.001953 0.5 0
vt 0.001953 0.5 0
vt 0.001953 0.5 0
vt 0.001953 0.5 0
vt 0.001953 0.5 0
vt 0.001953 0.5 0
vt 0.001953 0.5 0
vt 0.001953 0.5 0
vt 0.001953 0.5 0
vt 0.001953 0.5 0
vt 0.001953 0.5 0
vt 0.001953 0.5 0
vt 0.013672 0.5 0
vt 0.001953 0.5 0
vt 0.013672 0.5 0
vt 0.001953 0.5 0
vt 0.001953 0.5 0
vt 0.001953 0.5 0
vt 0.001953 0.5 0
vt 0.001953 0.5 0
vt 0.001953 0.5 0
vt 0.013672 0.5 0
vt 0.001953 0.5 0
vt 0.013672 0.5 0
vt 0.001953 0.5 0
vt 0.001953 0.5 0
vt 0.001953 0.5 0
vt 0.001953 0.5 0
vt 0.001953 0.5 0
vt 0.001953 0.5 0
vt 0.001953 0.5 0
vt 0.001953 0.5 0
vt 0.001953 0.5 0
vt 0.001953 0.5 0
vt 0.001953 0.5 0
vt 0.001953 0.5 0
vt 0.001953 0.5 0
vt 0.037109 0.5 0
vt 0.033203 0.5 0
vt 0.037109 0.5 0
vt 0.033203 0.5 0
vt 0.033203 0.5 0
vt 0.037109 0.5 0
vt 0.033203 0.5 0
vt 0.037109 0.5 0
vt 0.033203 0.5 0
vt 0.033203 0.5 0
vt 0.033203 0.5 0
vt 0.033203 0.5 0
vt 0.033203 0.5 0
vt 0.033203 0.5 0
vt 0.033203 0.5 0
vt 0.033203 0.5 0
vt 0.037109 0.5 0
vt 0.033203 0.5 0
vt 0.037109 0.5 0
vt 0.033203 0.5 0
vt 0.033203 0.5 0
vt 0.037109 0.5 0
vt 0.033203 0.5 0
vt 0.037109 0.5 0
vt 0.009766 0.5 0
vt 0.033203 0.5 0
vt 0.009766 0.5 0
vt 0.033203 0.5 0
vt 0.033203 0.5 0
vt 0.009766 0.5 0
vt 0.033203 0.5 0
vt 0.009766 0.5 0
vt 0.001953 0.5 0
vt 0.001953 0.5 0
vt 0.001953 0.5 0
vt 0.001953 0.5 0
vt 0.001953 0.5 0
vt 0.001953 0.5 0
vt 0.001953 0.5 0
vt 0.001953 0.5 0
vt 0.001953 0.5 0
vt 0.001953 0.5 0
vt 0.033203 0.5 0
vt 0.033203 0.5 0
vt 0.001953 0.5 0
vt 0.001953 0.5 0
vt 0.033203 0.5 0
vt 0.033203 0.5 0
vt 0.033203 0.5 0
vt 0.033203 0.5 0
vt 0.033203 0.5 0
vt 0.013672 0.5 0
vt 0.013672 0.5 0
vt 0.013672 0.5 0
vt 0.013672 0.5 0
vt 0.033203 0.5 0
vt 0.033203 0.5 0
vt 0.013672 0.5 0
vt 0.033203 0.5 0
vt 0.033203 0.5 0
vt 0.009766 0.5 0
vt 0.009766 0.5 0
vt 0.033203 0.5 0
vt 0.033203 0.5 0
vt 0.013672 0.5 0
vt 0.033203 0.5 0
vt 0.013672 0.5 0
vt 0.033203 0.5 0
vt 0.033203 0.5 0
vt 0.033203 0.5 0
vt 0.033203 0.5 0
vt 0.009766 0.5 0
vt 0.033203 0.5 0
vt 0.033203 0.5 0
vt 0.033203 0.5 0
vt 0.033203 0.5 0
vt 0.033203 0.5 0
vt 0.013672 0.5 0
vt 0.033203 0.5 0
vt 0.013672 0.5 0
vt 0.013672 0.5 0
vt 0.033203 0.5 0
vt 0.033203 0.5 0
vt 0.013672 0.5 0
vt 0.013672 0.5 0
vt 0.013672 0.5 0
vt 0.033203 0.5 0
vt 0.033203 0.5 0
vt 0.013672 0.5 0
vt 0.033203 0.5 0
vt 0.013672 0.5 0
vt 0.033203 0.5 0
vt 0.013672 0.5 0
vt 0.037109 0.5 0
vt 0.013672 0.5 0
vt 0.033203 0.5 0
vt 0.037109 0.5 0
vt 0.009766 0.5 0
vt 0.033203 0.5 0
vt 0.037109 0.5 0
vt 0.033203 0.5 0
vt 0.009766 0.5 0
vt 0.037109 0.5 0
vt 0.033203 0.5 0
vt 0.033203 0.5 0
vt 0.013672 0.5 0
vt 0.037109 0.5 0
vt 0.033203 0.5 0
vt 0.009766 0.5 0
vt 0.037109 0.5 0
vt 0.033203 0.5 0
vt 0.009766 0.5 0
vt 0.037109 0.5 0
vt 0.033203 0.5 0
vt 0.037109 0.5 0
vt 0.009766 0.5 0
vt 0.013672 0.5 0
vt 0.033203 0.5 0
vt 0.013672 0.5 0
vt 0.009766 0.5 0
vt 0.033203 0.5 0
vt 0.009766 0.5 0
vt 0.009766 0.5 0
vt 0.033203 0.5 0
vt 0.013672 0.5 0
vt 0.009766 0.5 0
vt 0.033203 0.5 0
vt 0.013672 0.5 0
vt 0.033203 0.5 0
vt 0.009766 0.5 0
vt 0.009766 0.5 0
vt 0.013672 0.5 0
vt 0.033203 0.5 0
vt 0.013672 0.5 0
vt 0.033203 0.5 0
vt 0.013672 0.5 0
vt 0.013672 0.5 0
vt 0.037109 0.5 0
vt 0.013672 0.5 0
vt 0.033203 0.5 0
vt 0.037109 0.5 0
vt 0.009766 0.5 0
vt 0.033203 0.5 0
vt 0.037109 0.5 0
vt 0.033203 0.5 0
vt 0.009766 0.5 0
vt 0.037109 0.5 0
vt 0.033203 0.5 0
vt 0.013672 0.5 0
vt 0.033203 0.5 0
vt 0.037109 0.5 0
vt 0.033203 0.5 0
vt 0.009766 0.5 0
vt 0.037109 0.5 0
vt 0.033203 0.5 0
vt 0.009766 0.5 0
vt 0.037109 0.5 0
vt 0.033203 0.5 0
vt 0.037109 0.5 0
vt 0.033203 0.5 0
vt 0.013672 0.5 0
vt 0.013672 0.5 0
vt 0.033203 0.5 0
vt 0.013672 0.5 0
vt 0.033203 0.5 0
vt 0.013672 0.5 0
vt 0.033203 0.5 0
vt 0.013672 0.5 0
vt 0.033203 0.5 0
vt 0.013672 0.5 0
vt 0.033203 0.5 0
vt 0.033203 0.5 0
vt 0.001953 0.5 0
vt 0.001953 0.5 0
vt 0.033203 0.5 0
vt 0.033203 0.5 0
vt 0.001953 0.5 0
vt 0.001953 0.5 0
vt 0.001953 0.5 0
vt 0.001953 0.5 0
vt 0.033203 0.5 0
vt 0.033203 0.5 0
vt 0.001953 0.5 0
vt 0.001953 0.5 0
vt 0.001953 0.5 0
vt 0.001953 0.5 0
vt 0.001953 0.5 0
vt 0.001953 0.5 0
vt 0.033203 0.5 0
vt 0.033203 0.5 0
vt 0.001953 0.5 0
vt 0.001953 0.5 0
vt 0.001953 0.5 0
vt 0.013672 0.5 0
vt 0.001953 0.5 0
vt 0.013672 0.5 0
vt 0.001953 0.5 0
vt 0.001953 0.5 0
vt 0.001953 0.5 0
vt 0.001953 0.5 0
vt 0.033203 0.5 0
vt 0.001953 0.5 0
vt 0.001953 0.5 0
vt 0.001953 0.5 0
vt 0.001953 0.5 0
vt 0.013672 0.5 0
vt 0.001953 0.5 0
vt 0.013672 0.5 0
vt 0.001953 0.5 0
vt 0.001953 0.5 0
vt 0.033203 0.5 0
vt 0.001953 0.5 0
vt 0.009766 0.5 0
vt 0.033203 0.5 0
vt 0.033203 0.5 0
vt 0.001953 0.5 0
vt 0.001953 0.5 0
vt 0.001953 0.5 0
vt 0.001953 0.5 0
vt 0.001953 0.5 0
vt 0.033203 0.5 0
vt 0.001953 0.5 0
vt 0.033203 0.5 0
vt 0.001953 0.5 0
vt 0.001953 0.5 0
vt 0.001953 0.5 0
vt 0.033203 0.5 0
vt 0.001953 0.5 0
vt 0.033203 0.5 0
vt 0.001953 0.5 0
vt 0.033203 0.5 0
vt 0.001953 0.5 0
vt 0.033203 0.5 0
vt 0.033203 0.5 0
vt 0.033203 0.5 0
vt 0.013672 0.5 0
vt 0.033203 0.5 0
vt 0.033203 0.5 0
vt 0.013672 0.5 0
vt 0.033203 0.5 0
vt 0.009766 0.5 0
vt 0.033203 0.5 0
vt 0.009766 0.5 0
vt 0.013672 0.5 0
vt 0.033203 0.5 0
vt 0.033203 0.5 0
vt 0.013672 0.5 0
vt 0.013672 0.5 0
vt 0.033203 0.5 0
vt 0.033203 0.5 0
vt 0.013672 0.5 0
vt 0.013672 0.5 0
vt 0.013672 0.5 0
vt 0.013672 0.5 0
vt 0.013672 0.5 0
vt 0.013672 0.5 0
vt 0.001953 0.5 0
vt 0.001953 0.5 0
vt 0.001953 0.5 0
vt 0.001953 0.5 0
vt 0.001953 0.5 0
vt 0.001953 0.5 0
vt 0.001953 0.5 0
vt 0.001953 0.5 0
vt 0.001953 0.5 0
vt 0.001953 0.5 0
vt 0.001953 0.5 0
vt 0.001953 0.5 0
vt 0.001953 0.5 0
vt 0.001953 0.5 0
vt 0.001953 0.5 0
vt 0.001953 0.5 0
vt 0.001953 0.5 0
vt 0.001953 0.5 0
vt 0.001953 0.5 0
vt 0.001953 0.5 0
vt 0.001953 0.5 0
vt 0.001953 0.5 0
vt 0.001953 0.5 0
vt 0.001953 0.5 0
vt 0.001953 0.5 0
vt 0.001953 0.5 0
vt 0.001953 0.5 0
vt 0.001953 0.5 0
vt 0.001953 0.5 0
vt 0.001953 0.5 0
vt 0.001953 0.5 0
vt 0.001953 0.5 0
vt 0.001953 0.5 0
vt 0.001953 0.5 0
vt 0.001953 0.5 0
vt 0.001953 0.5 0
vt 0.001953 0.5 0
vt 0.001953 0.5 0
vt 0.001953 0.5 0
vt 0.001953 0.5 0
vt 0.001953 0.5 0
vt 0.001953 0.5 0
vt 0.001953 0.5 0
vt 0.001953 0.5 0
vt 0.001953 0.5 0
vt 0.001953 0.5 0
vt 0.001953 0.5 0
vt 0.001953 0.5 0
vt 0.001953 0.5 0
vt 0.001953 0.5 0
vt 0.001953 0.5 0
vt 0.001953 0.5 0
vt 0.001953 0.5 0
vt 0.001953 0.5 0
vt 0.001953 0.5 0
vt 0.001953 0.5 0
vt 0.001953 0.5 0
vt 0.001953 0.5 0
vt 0.001953 0.5 0
vt 0.001953 0.5 0
vt 0.001953 0.5 0
vt 0.001953 0.5 0
vt 0.001953 0.5 0
vt 0.001953 0.5 0
vt 0.001953 0.5 0
vt 0.001953 0.5 0
vt 0.001953 0.5 0
vt 0.001953 0.5 0
vt 0.001953 0.5 0
vt 0.001953 0.5 0
vt 0.001953 0.5 0
vt 0.001953 0.5 0
vt 0.001953 0.5 0
vt 0.001953 0.5 0
vt 0.001953 0.5 0
vt 0.001953 0.5 0
vt 0.001953 0.5 0
vt 0.001953 0.5 0
vt 0.001953 0.5 0
vt 0.001953 0.5 0
vt 0.013672 0.5 0
vt 0.013672 0.5 0
vt 0.001953 0.5 0
vt 0.001953 0.5 0
vt 0.013672 0.5 0
vt 0.013672 0.5 0
vt 0.001953 0.5 0
vt 0.001953 0.5 0
vt 0.001953 0.5 0
vt 0.001953 0.5 0
vt 0.013672 0.5 0
vt 0.013672 0.5 0
vt 0.001953 0.5 0
vt 0.001953 0.5 0
vt 0.013672 0.5 0
vt 0.013672 0.5 0
vt 0.013672 0.5 0
vt 0.013672 0.5 0
vt 0.013672 0.5 0
vt 0.013672 0.5 0
vt 0.001953 0.5 0
vt 0.001953 0.5 0
vt 0.009766 0.5 0
vt 0.009766 0.5 0
vt 0.001953 0.5 0
vt 0.001953 0.5 0
vt 0.001953 0.5 0
vt 0.001953 0.5 0
vt 0.009766 0.5 0
vt 0.009766 0.5 0
vt 0.001953 0.5 0
vt 0.001953 0.5 0
vt 0.009766 0.5 0
vt 0.009766 0.5 0
vt 0.009766 0.5 0
vt 0.009766 0.5 0
vt 0.009766 0.5 0
vt 0.009766 0.5 0
vt 0.009766 0.5 0
vt 0.009766 0.5 0
vt 0.009766 0.5 0
vt 0.009766 0.5 0
vt 0.009766 0.5 0
vt 0.009766 0.5 0
vt 0.009766 0.5 0
vt 0.009766 0.5 0
vt 0.009766 0.5 0
vt 0.009766 0.5 0
vt 0.009766 0.5 0
vt 0.009766 0.5 0
vt 0.009766 0.5 0
vt 0.009766 0.5 0
vt 0.009766 0.5 0
vt 0.009766 0.5 0
vt 0.009766 0.5 0
vt 0.009766 0.5 0
vt 0.001953 0.5 0
vt 0.001953 0.5 0
vt 0.009766 0.5 0
vt 0.009766 0.5 0
vt 0.001953 0.5 0
vt 0.001953 0.5 0
vt 0.001953 0.5 0
vt 0.001953 0.5 0
vt 0.009766 0.5 0
vt 0.009766 0.5 0
vt 0.001953 0.5 0
vt 0.001953 0.5 0
vt 0.013672 0.5 0
vt 0.013672 0.5 0
vt 0.001953 0.5 0
vt 0.001953 0.5 0
vt 0.013672 0.5 0
vt 0.013672 0.5 0
vt 0.001953 0.5 0
vt 0.013672 0.5 0
vt 0.001953 0.5 0
vt 0.013672 0.5 0
vt 0.013672 0.5 0
vt 0.013672 0.5 0
vt 0.013672 0.5 0
vt 0.013672 0.5 0
vt 0.001953 0.5 0
vt 0.001953 0.5 0
vt 0.013672 0.5 0
vt 0.013672 0.5 0
vt 0.001953 0.5 0
vt 0.001953 0.5 0
vt 0.033203 0.5 0
vt 0.033203 0.5 0
vt 0.033203 0.5 0
vt 0.033203 0.5 0
vt 0.033203 0.5 0
vt 0.033203 0.5 0
vt 0.013672 0.5 0
vt 0.013672 0.5 0
vt 0.033203 0.5 0
vt 0.033203 0.5 0
vt 0.009766 0.5 0
vt 0.009766 0.5 0
vt 0.033203 0.5 0
vt 0.009766 0.5 0
vt 0.033203 0.5 0
vt 0.033203 0.5 0
vt 0.009766 0.5 0
vt 0.009766 0.5 0
vt 0.033203 0.5 0
vt 0.009766 0.5 0
vt 0.033203 0.5 0
vt 0.009766 0.5 0
vt 0.033203 0.5 0
vt 0.033203 0.5 0
vt 0.033203 0.5 0
vt 0.033203 0.5 0
vt 0.009766 0.5 0
vt 0.033203 0.5 0
vt 0.009766 0.5 0
vt 0.009766 0.5 0
vt 0.033203 0.5 0
vt 0.009766 0.5 0
vt 0.009766 0.5 0
vt 0.033203 0.5 0
vt 0.033203 0.5 0
vt 0.033203 0.5 0
vt 0.033203 0.5 0
vt 0.009766 0.5 0
vt 0.033203 0.5 0
vt 0.033203 0.5 0
vt 0.009766 0.5 0
vt 0.068359 0.5 0
vt 0.068359 0.5 0
vt 0.033203 0.5 0
vt 0.009766 0.5 0
vt 0.009766 0.5 0
vt 0.033203 0.5 0
vt 0.068359 0.5 0
vt 0.068359 0.5 0
vt 0.064453 0.5 0
vt 0.068359 0.5 0
vt 0.064453 0.5 0
vt 0.068359 0.5 0
vt 0.033203 0.5 0
vt 0.009766 0.5 0
vt 0.033203 0.5 0
vt 0.009766 0.5 0
vt 0.033203 0.5 0
vt 0.009766 0.5 0
vt 0.009766 0.5 0
vt 0.033203 0.5 0
vt 0.009766 0.5 0
vt 0.033203 0.5 0
vt 0.009766 0.5 0
vt 0.033203 0.5 0
vt 0.064453 0.5 0
vt 0.068359 0.5 0
vt 0.064453 0.5 0
vt 0.068359 0.5 0
vt 0.068359 0.5 0
vt 0.064453 0.5 0
vt 0.068359 0.5 0
vt 0.064453 0.5 0
vt 0.033203 0.5 0
vt 0.033203 0.5 0
vt 0.033203 0.5 0
vt 0.033203 0.5 0
vt 0.009766 0.5 0
vt 0.009766 0.5 0
vt 0.009766 0.5 0
vt 0.009766 0.5 0
vt 0.068359 0.5 0
vt 0.064453 0.5 0
vt 0.068359 0.5 0
vt 0.064453 0.5 0
vt 0.064453 0.5 0
vt 0.068359 0.5 0
vt 0.064453 0.5 0
vt 0.068359 0.5 0
vt 0.009766 0.5 0
vt 0.033203 0.5 0
vt 0.009766 0.5 0
vt 0.033203 0.5 0
vt 0.009766 0.5 0
vt 0.033203 0.5 0
vt 0.009766 0.5 0
vt 0.033203 0.5 0
vt 0.068359 0.5 0
vt 0.064453 0.5 0
vt 0.068359 0.5 0
vt 0.064453 0.5 0
vt 0.064453 0.5 0
vt 0.068359 0.5 0
vt 0.064453 0.5 0
vt 0.068359 0.5 0
vt 0.033203 0.5 0
vt 0.009766 0.5 0
vt 0.033203 0.5 0
vt 0.009766 0.5 0
vt 0.033203 0.5 0
vt 0.009766 0.5 0
vt 0.009766 0.5 0
vt 0.033203 0.5 0
vt 0.068359 0.5 0
vt 0.064453 0.5 0
vt 0.068359 0.5 0
vt 0.064453 0.5 0
vt 0.064453 0.5 0
vt 0.068359 0.5 0
vt 0.064453 0.5 0
vt 0.068359 0.5 0
vt 0.033203 0.5 0
vt 0.033203 0.5 0
vt 0.033203 0.5 0
vt 0.033203 0.5 0
vt 0.009766 0.5 0
vt 0.009766 0.5 0
vt 0.009766 0.5 0
vt 0.009766 0.5 0
vt 0.064453 0.5 0
vt 0.068359 0.5 0
vt 0.064453 0.5 0
vt 0.068359 0.5 0
vt 0.068359 0.5 0
vt 0.064453 0.5 0
vt 0.068359 0.5 0
vt 0.064453 0.5 0
vt 0.033203 0.5 0
vt 0.009766 0.5 0
vt 0.009766 0.5 0
vt 0.033203 0.5 0
vt 0.033203 0.5 0
vt 0.009766 0.5 0
vt 0.033203 0.5 0
vt 0.009766 0.5 0
vt 0.033203 0.5 0
vt 0.009766 0.5 0
vt 0.033203 0.5 0
vt 0.009766 0.5 0
vt 0.068359 0.5 0
vt 0.064453 0.5 0
vt 0.068359 0.5 0
vt 0.064453 0.5 0
vt 0.068359 0.5 0
vt 0.068359 0.5 0
vt 0.068359 0.5 0
vt 0.068359 0.5 0
vt 0.033203 0.5 0
vt 0.009766 0.5 0
vt 0.009766 0.5 0
vt 0.033203 0.5 0
vt 0.009766 0.5 0
vt 0.033203 0.5 0
vt 0.033203 0.5 0
vt 0.009766 0.5 0
vt 0.009766 0.5 0
vt 0.009766 0.5 0
vt 0.033203 0.5 0
vt 0.009766 0.5 0
vt 0.033203 0.5 0
vt 0.009766 0.5 0
vt 0.033203 0.5 0
vt 0.009766 0.5 0
vt 0.033203 0.5 0
vt 0.033203 0.5 0
vt 0.033203 0.5 0
vt 0.009766 0.5 0
vt 0.033203 0.5 0
vt 0.033203 0.5 0
vt 0.033203 0.5 0
vt 0.033203 0.5 0
vt 0.009766 0.5 0
vt 0.009766 0.5 0
vt 0.033203 0.5 0
vt 0.033203 0.5 0
vt 0.009766 0.5 0
vt 0.009766 0.5 0
vt 0.033203 0.5 0
vt 0.009766 0.5 0
vt 0.033203 0.5 0
vt 0.009766 0.5 0
vt 0.033203 0.5 0
vt 0.033203 0.5 0
vt 0.033203 0.5 0
vt 0.033203 0.5 0
vt 0.033203 0.5 0
vt 0.033203 0.5 0
vt 0.033203 0.5 0
vt 0.033203 0.5 0
vt 0.013672 0.5 0
vt 0.033203 0.5 0
vt 0.013672 0.5 0
vt 0.013672 0.5 0
vt 0.033203 0.5 0
vt 0.013672 0.5 0
vt 0.033203 0.5 0
vt 0.033203 0.5 0
vt 0.033203 0.5 0
vt 0.033203 0.5 0
vt 0.033203 0.5 0
vt 0.001953 0.5 0
vt 0.001953 0.5 0
vt 0.001953 0.5 0
vt 0.001953 0.5 0
vt 0.033203 0.5 0
vt 0.033203 0.5 0
vt 0.013672 0.5 0
vt 0.013672 0.5 0
vt 0.033203 0.5 0
vt 0.001953 0.5 0
vt 0.001953 0.5 0
vt 0.001953 0.5 0
vt 0.001953 0.5 0
vt 0.001953 0.5 0
vt 0.001953 0.5 0
vt 0.001953 0.5 0
vt 0.001953 0.5 0
vt 0.001953 0.5 0
vt 0.001953 0.5 0
vt 0.001953 0.5 0
vt 0.001953 0.5 0
vt 0.033203 0.5 0
vt 0.033203 0.5 0
vt 0.033203 0.5 0
vt 0.033203 0.5 0
vt 0.033203 0.5 0
vt 0.013672 0.5 0
vt 0.033203 0.5 0
vt 0.033203 0.5 0
vt 0.033203 0.5 0
vt 0.033203 0.5 0
vt 0.013672 0.5 0
vt 0.033203 0.5 0
vt 0.033203 0.5 0
vt 0.033203 0.5 0
vt 0.033203 0.5 0
vt 0.033203 0.5 0
vt 0.033203 0.5 0
vt 0.033203 0.5 0
vt 0.033203 0.5 0
vt 0.033203 0.5 0
vt 0.013672 0.5 0
vt 0.013672 0.5 0
vt 0.013672 0.5 0
vt 0.013672 0.5 0
vt 0.013672 0.5 0
vt 0.013672 0.5 0
vt 0.013672 0.5 0
vt 0.013672 0.5 0
vt 0.013672 0.5 0
vt 0.013672 0.5 0
vt 0.013672 0.5 0
vt 0.013672 0.5 0
vt 0.013672 0.5 0
vt 0.013672 0.5 0
vt 0.013672 0.5 0
vt 0.013672 0.5 0
vt 0.033203 0.5 0
vt 0.033203 0.5 0
vt 0.033203 0.5 0
vt 0.033203 0.5 0
vt 0.013672 0.5 0
vt 0.033203 0.5 0
vt 0.033203 0.5 0
vt 0.033203 0.5 0
vt 0.033203 0.5 0
vt 0.033203 0.5 0
vt 0.033203 0.5 0
vt 0.033203 0.5 0
vt 0.013672 0.5 0
vt 0.033203 0.5 0
vt 0.033203 0.5 0
vt 0.033203 0.5 0
vt 0.033203 0.5 0
vt 0.033203 0.5 0
vt 0.033203 0.5 0
vt 0.033203 0.5 0
vt 0.001953 0.5 0
vt 0.001953 0.5 0
vt 0.001953 0.5 0
vt 0.001953 0.5 0
vt 0.033203 0.5 0
vt 0.001953 0.5 0
vt 0.001953 0.5 0
vt 0.001953 0.5 0
vt 0.001953 0.5 0
vt 0.001953 0.5 0
vt 0.001953 0.5 0
vt 0.001953 0.5 0
vt 0.001953 0.5 0
vt 0.013672 0.5 0
vt 0.033203 0.5 0
vt 0.013672 0.5 0
vt 0.033203 0.5 0
vt 0.033203 0.5 0
vt 0.033203 0.5 0
vt 0.033203 0.5 0
vt 0.033203 0.5 0
vt 0.001953 0.5 0
vt 0.001953 0.5 0
vt 0.001953 0.5 0
vt 0.001953 0.5 0
vt 0.033203 0.5 0
vt 0.033203 0.5 0
vt 0.013672 0.5 0
vt 0.013672 0.5 0
vt 0.033203 0.5 0
vt 0.033203 0.5 0
vt 0.013672 0.5 0
vt 0.013672 0.5 0
vt 0.033203 0.5 0
vt 0.033203 0.5 0
vt 0.001953 0.5 0
vt 0.001953 0.5 0
vt 0.033203 0.5 0
vt 0.033203 0.5 0
vt 0.033203 0.5 0
vt 0.033203 0.5 0
vt 0.001953 0.5 0
vt 0.001953 0.5 0
vt 0.033203 0.5 0
vt 0.013672 0.5 0
vt 0.033203 0.5 0
vt 0.013672 0.5 0
vt 0.001953 0.5 0
vt 0.001953 0.5 0
vt 0.001953 0.5 0
vt 0.001953 0.5 0
vt 0.033203 0.5 0
vt 0.033203 0.5 0
vt 0.033203 0.5 0
vt 0.033203 0.5 0
vt 0.033203 0.5 0
vt 0.033203 0.5 0
vt 0.033203 0.5 0
vt 0.033203 0.5 0
vt 0.033203 0.5 0
vt 0.033203 0.5 0
vt 0.033203 0.5 0
vt 0.033203 0.5 0
vt 0.033203 0.5 0
vt 0.033203 0.5 0
vt 0.033203 0.5 0
vt 0.033203 0.5 0
vt 0.033203 0.5 0
vt 0.033203 0.5 0
vt 0.033203 0.5 0
vt 0.033203 0.5 0
vt 0.033203 0.5 0
vt 0.033203 0.5 0
vt 0.001953 0.5 0
vt 0.001953 0.5 0
vt 0.033203 0.5 0
vt 0.033203 0.5 0
vt 0.001953 0.5 0
vt 0.001953 0.5 0
vt 0.013672 0.5 0
vt 0.033203 0.5 0
vt 0.013672 0.5 0
vt 0.033203 0.5 0
vt 0.001953 0.5 0
vt 0.001953 0.5 0
vt 0.033203 0.5 0
vt 0.033203 0.5 0
vt 0.013672 0.5 0
vt 0.013672 0.5 0
vt 0.033203 0.5 0
vt 0.033203 0.5 0
vt 0.001953 0.5 0
vt 0.001953 0.5 0
vt 0.033203 0.5 0
vt 0.033203 0.5 0
vt 0.013672 0.5 0
vt 0.013672 0.5 0
vt 0.033203 0.5 0
vt 0.033203 0.5 0
vt 0.033203 0.5 0
vt 0.033203 0.5 0
vt 0.013672 0.5 0
vt 0.033203 0.5 0
vt 0.013672 0.5 0
vt 0.033203 0.5 0
vt 0.013672 0.5 0
vt 0.033203 0.5 0
vt 0.033203 0.5 0
vt 0.033203 0.5 0
vt 0.033203 0.5 0
vt 0.033203 0.5 0
vt 0.033203 0.5 0
vt 0.033203 0.5 0
vt 0.033203 0.5 0
vt 0.033203 0.5 0
vt 0.033203 0.5 0
vt 0.033203 0.5 0
vt 0.033203 0.5 0
vt 0.033203 0.5 0
vt 0.033203 0.5 0
vt 0.033203 0.5 0
vt 0.033203 0.5 0
vt 0.033203 0.5 0
vt 0.033203 0.5 0
vt 0.013672 0.5 0
vt 0.013672 0.5 0
vt 0.033203 0.5 0
vt 0.013672 0.5 0
vt 0.033203 0.5 0
vt 0.013672 0.5 0
vt 0.013672 0.5 0
vt 0.033203 0.5 0
vt 0.033203 0.5 0
vt 0.033203 0.5 0
vt 0.033203 0.5 0
vt 0.033203 0.5 0
vt 0.033203 0.5 0
vt 0.033203 0.5 0
vt 0.033203 0.5 0
vt 0.033203 0.5 0
vt 0.033203 0.5 0
vt 0.033203 0.5 0
vt 0.033203 0.5 0
vt 0.033203 0.5 0
vt 0.033203 0.5 0
vt 0.033203 0.5 0
vt 0.033203 0.5 0
vt 0.033203 0.5 0
vt 0.033203 0.5 0
vt 0.033203 0.5 0
vt 0.033203 0.5 0
vt 0.033203 0.5 0
vt 0.033203 0.5 0
vt 0.033203 0.5 0
vt 0.033203 0.5 0
vt 0.013672 0.5 0
vt 0.033203 0.5 0
vt 0.013672 0.5 0
vt 0.033203 0.5 0
vt 0.013672 0.5 0
vt 0.033203 0.5 0
vt 0.013672 0.5 0
vt 0.033203 0.5 0
vt 0.013672 0.5 0
vt 0.033203 0.5 0
vt 0.013672 0.5 0
vt 0.033203 0.5 0
vt 0.017578 0.5 0
vt 0.013672 0.5 0
vt 0.017578 0.5 0
vt 0.013672 0.5 0
vt 0.017578 0.5 0
vt 0.033203 0.5 0
vt 0.017578 0.5 0
vt 0.033203 0.5 0
vt 0.017578 0.5 0
vt 0.017578 0.5 0
vt 0.033203 0.5 0
vt 0.017578 0.5 0
vt 0.033203 0.5 0
vt 0.017578 0.5 0
vt 0.013672 0.5 0
vt 0.017578 0.5 0
vt 0.013672 0.5 0
vt 0.017578 0.5 0
vt 0.013672 0.5 0
vt 0.033203 0.5 0
vt 0.013672 0.5 0
vt 0.033203 0.5 0
vt 0.021484 0.5 0
vt 0.013672 0.5 0
vt 0.021484 0.5 0
vt 0.013672 0.5 0
vt 0.013672 0.5 0
vt 0.021484 0.5 0
vt 0.013672 0.5 0
vt 0.021484 0.5 0
vt 0.009766 0.5 0
vt 0.013672 0.5 0
vt 0.009766 0.5 0
vt 0.013672 0.5 0
vt 0.033203 0.5 0
vt 0.013672 0.5 0
vt 0.033203 0.5 0
vt 0.013672 0.5 0
vt 0.013672 0.5 0
vt 0.009766 0.5 0
vt 0.013672 0.5 0
vt 0.009766 0.5 0
vt 0.017578 0.5 0
vt 0.033203 0.5 0
vt 0.017578 0.5 0
vt 0.033203 0.5 0
vt 0.017578 0.5 0
vt 0.013672 0.5 0
vt 0.017578 0.5 0
vt 0.013672 0.5 0
vt 0.017578 0.5 0
vt 0.033203 0.5 0
vt 0.017578 0.5 0
vt 0.033203 0.5 0
vt 0.017578 0.5 0
vt 0.017578 0.5 0
vt 0.013672 0.5 0
vt 0.013672 0.5 0
vt 0.033203 0.5 0
vt 0.033203 0.5 0
vt 0.013672 0.5 0
vt 0.017578 0.5 0
vt 0.013672 0.5 0
vt 0.017578 0.5 0
vt 0.033203 0.5 0
vt 0.013672 0.5 0
vt 0.033203 0.5 0
vt 0.013672 0.5 0
vt 0.033203 0.5 0
vt 0.013672 0.5 0
vt 0.033203 0.5 0
vt 0.013672 0.5 0
vt 0.033203 0.5 0
vt 0.033203 0.5 0
vt 0.033203 0.5 0
vt 0.033203 0.5 0
vt 0.013672 0.5 0
vt 0.013672 0.5 0
vt 0.013672 0.5 0
vt 0.013672 0.5 0
vt 0.013672 0.5 0
vt 0.013672 0.5 0
vt 0.013672 0.5 0
vt 0.013672 0.5 0
vt 0.013672 0.5 0
vt 0.013672 0.5 0
vt 0.013672 0.5 0
vt 0.013672 0.5 0
vt 0.013672 0.5 0
vt 0.013672 0.5 0
vt 0.013672 0.5 0
vt 0.013672 0.5 0
vt 0.013672 0.5 0
vt 0.013672 0.5 0
vt 0.033203 0.5 0
vt 0.033203 0.5 0
vt 0.033203 0.5 0
vt 0.033203 0.5 0
vt 0.013672 0.5 0
vt 0.013672 0.5 0
vt 0.013672 0.5 0
vt 0.013672 0.5 0
vt 0.001953 0.5 0
vt 0.001953 0.5 0
vt 0.001953 0.5 0
vt 0.001953 0.5 0
vt 0.001953 0.5 0
vt 0.001953 0.5 0
vt 0.001953 0.5 0
vt 0.001953 0.5 0
vt 0.001953 0.5 0
vt 0.001953 0.5 0
vt 0.001953 0.5 0
vt 0.001953 0.5 0
vt 0.001953 0.5 0
vt 0.001953 0.5 0
vt 0.001953 0.5 0
vt 0.001953 0.5 0
vt 0.001953 0.5 0
vt 0.001953 0.5 0
vt 0.001953 0.5 0
vt 0.001953 0.5 0
vt 0.001953 0.5 0
vt 0.001953 0.5 0
vt 0.001953 0.5 0
vt 0.001953 0.5 0
vt 0.001953 0.5 0
vt 0.001953 0.5 0
vt 0.001953 0.5 0
vt 0.001953 0.5 0
vt 0.001953 0.5 0
vt 0.001953 0.5 0
vt 0.001953 0.5 0
vt 0.001953 0.5 0
vt 0.001953 0.5 0
vt 0.001953 0.5 0
vt 0.001953 0.5 0
vt 0.001953 0.5 0
vt 0.001953 0.5 0
vt 0.001953 0.5 0
vt 0.001953 0.5 0
vt 0.001953 0.5 0
vt 0.001953 0.5 0
vt 0.001953 0.5 0
vt 0.001953 0.5 0
vt 0.001953 0.5 0
vt 0.001953 0.5 0
vt 0.001953 0.5 0
vt 0.001953 0.5 0
vt 0.001953 0.5 0
vt 0.009766 0.5 0
vt 0.009766 0.5 0
vt 0.009766 0.5 0
vt 0.009766 0.5 0
vt 0.009766 0.5 0
vt 0.009766 0.5 0
vt 0.009766 0.5 0
vt 0.009766 0.5 0
vt 0.001953 0.5 0
vt 0.001953 0.5 0
vt 0.013672 0.5 0
vt 0.013672 0.5 0
vt 0.001953 0.5 0
vt 0.001953 0.5 0
vt 0.001953 0.5 0
vt 0.001953 0.5 0
vt 0.013672 0.5 0
vt 0.013672 0.5 0
vt 0.001953 0.5 0
vt 0.001953 0.5 0
vt 0.013672 0.5 0
vt 0.013672 0.5 0
vt 0.013672 0.5 0
vt 0.013672 0.5 0
vt 0.001953 0.5 0
vt 0.001953 0.5 0
vt 0.009766 0.5 0
vt 0.009766 0.5 0
vt 0.001953 0.5 0
vt 0.001953 0.5 0
vt 0.001953 0.5 0
vt 0.001953 0.5 0
vt 0.009766 0.5 0
vt 0.009766 0.5 0
vt 0.001953 0.5 0
vt 0.001953 0.5 0
vt 0.009766 0.5 0
vt 0.009766 0.5 0
vt 0.033203 0.5 0
vt 0.033203 0.5 0
vt 0.009766 0.5 0
vt 0.009766 0.5 0
vt 0.009766 0.5 0
vt 0.033203 0.5 0
vt 0.009766 0.5 0
vt 0.033203 0.5 0
vt 0.033203 0.5 0
vt 0.009766 0.5 0
vt 0.033203 0.5 0
vt 0.009766 0.5 0
vt 0.009766 0.5 0
vt 0.009766 0.5 0
vt 0.009766 0.5 0
vt 0.009766 0.5 0
vt 0.033203 0.5 0
vt 0.033203 0.5 0
vt 0.001953 0.5 0
vt 0.001953 0.5 0
vt 0.009766 0.5 0
vt 0.009766 0.5 0
vt 0.001953 0.5 0
vt 0.001953 0.5 0
vt 0.001953 0.5 0
vt 0.001953 0.5 0
vt 0.009766 0.5 0
vt 0.009766 0.5 0
vt 0.001953 0.5 0
vt 0.001953 0.5 0
vt 0.013672 0.5 0
vt 0.013672 0.5 0
vt 0.001953 0.5 0
vt 0.001953 0.5 0
vt 0.013672 0.5 0
vt 0.013672 0.5 0
vt 0.001953 0.5 0
vt 0.001953 0.5 0
vt 0.013672 0.5 0
vt 0.013672 0.5 0
vt 0.001953 0.5 0
vt 0.001953 0.5 0
vt 0.013672 0.5 0
vt 0.013672 0.5 0
vt 0.001953 0.5 0
vt 0.001953 0.5 0
vt 0.001953 0.5 0
vt 0.001953 0.5 0
vt 0.001953 0.5 0
vt 0.001953 0.5 0
vt 0.001953 0.5 0
vt 0.001953 0.5 0
vt 0.001953 0.5 0
vt 0.001953 0.5 0
vt 0.001953 0.5 0
vt 0.001953 0.5 0
vt 0.001953 0.5 0
vt 0.001953 0.5 0
vt 0.068359 0.5 0
vt 0.068359 0.5 0
vt 0.068359 0.5 0
vt 0.068359 0.5 0
vt 0.064453 0.5 0
vt 0.068359 0.5 0
vt 0.064453 0.5 0
vt 0.068359 0.5 0
vt 0.064453 0.5 0
vt 0.068359 0.5 0
vt 0.064453 0.5 0
vt 0.068359 0.5 0
vt 0.068359 0.5 0
vt 0.064453 0.5 0
vt 0.068359 0.5 0
vt 0.064453 0.5 0
vt 0.068359 0.5 0
vt 0.064453 0.5 0
vt 0.068359 0.5 0
vt 0.064453 0.5 0
vt 0.064453 0.5 0
vt 0.068359 0.5 0
vt 0.064453 0.5 0
vt 0.068359 0.5 0
vt 0.064453 0.5 0
vt 0.068359 0.5 0
vt 0.064453 0.5 0
vt 0.068359 0.5 0
vt 0.068359 0.5 0
vt 0.064453 0.5 0
vt 0.068359 0.5 0
vt 0.064453 0.5 0
vt 0.068359 0.5 0
vt 0.064453 0.5 0
vt 0.068359 0.5 0
vt 0.064453 0.5 0
vt 0.064453 0.5 0
vt 0.068359 0.5 0
vt 0.064453 0.5 0
vt 0.068359 0.5 0
vt 0.064453 0.5 0
vt 0.068359 0.5 0
vt 0.064453 0.5 0
vt 0.068359 0.5 0
vt 0.068359 0.5 0
vt 0.064453 0.5 0
vt 0.068359 0.5 0
vt 0.064453 0.5 0
vt 0.068359 0.5 0
vt 0.064453 0.5 0
vt 0.068359 0.5 0
vt 0.064453 0.5 0
vt 0.068359 0.5 0
vt 0.068359 0.5 0
vt 0.068359 0.5 0
vt 0.068359 0.5 0
vt 0.001953 0.5 0
vt 0.001953 0.5 0
vt 0.001953 0.5 0
vt 0.001953 0.5 0
vt 0.001953 0.5 0
vt 0.001953 0.5 0
vt 0.001953 0.5 0
vt 0.001953 0.5 0
vt 0.001953 0.5 0
vt 0.001953 0.5 0
vt 0.001953 0.5 0
vt 0.001953 0.5 0
vt 0.013672 0.5 0
vt 0.013672 0.5 0
vt 0.001953 0.5 0
vt 0.001953 0.5 0
vt 0.001953 0.5 0
vt 0.001953 0.5 0
vt 0.013672 0.5 0
vt 0.013672 0.5 0
vt 0.013672 0.5 0
vt 0.001953 0.5 0
vt 0.001953 0.5 0
vt 0.001953 0.5 0
vt 0.001953 0.5 0
vt 0.013672 0.5 0
vt 0.013672 0.5 0
vt 0.001953 0.5 0
vt 0.001953 0.5 0
vt 0.001953 0.5 0
vt 0.001953 0.5 0
vt 0.013672 0.5 0
vt 0.013672 0.5 0
vt 0.013672 0.5 0
vt 0.001953 0.5 0
vt 0.001953 0.5 0
vt 0.001953 0.5 0
vt 0.001953 0.5 0
vt 0.013672 0.5 0
vt 0.013672 0.5 0
vt 0.013672 0.5 0
vt 0.013672 0.5 0
vt 0.013672 0.5 0
vt 0.033203 0.5 0
vt 0.013672 0.5 0
vt 0.033203 0.5 0
vt 0.033203 0.5 0
vt 0.033203 0.5 0
vt 0.033203 0.5 0
vt 0.033203 0.5 0
vt 0.013672 0.5 0
vt 0.033203 0.5 0
vt 0.033203 0.5 0
vt 0.013672 0.5 0
vt 0.013672 0.5 0
vt 0.013672 0.5 0
vt 0.033203 0.5 0
vt 0.033203 0.5 0
vt 0.009766 0.5 0
vt 0.009766 0.5 0
vt 0.009766 0.5 0
vt 0.009766 0.5 0
vt 0.033203 0.5 0
vt 0.033203 0.5 0
vt 0.033203 0.5 0
vt 0.009766 0.5 0
vt 0.033203 0.5 0
vt 0.009766 0.5 0
vt 0.009766 0.5 0
vt 0.033203 0.5 0
vt 0.009766 0.5 0
vt 0.033203 0.5 0
vt 0.033203 0.5 0
vt 0.033203 0.5 0
vt 0.013672 0.5 0
vt 0.033203 0.5 0
vt 0.013672 0.5 0
vt 0.033203 0.5 0
vt 0.021484 0.5 0
vt 0.013672 0.5 0
vt 0.021484 0.5 0
vt 0.013672 0.5 0
vt 0.013672 0.5 0
vt 0.021484 0.5 0
vt 0.013672 0.5 0
vt 0.021484 0.5 0
vt 0.033203 0.5 0
vt 0.013672 0.5 0
vt 0.033203 0.5 0
vt 0.013672 0.5 0
vt 0.033203 0.5 0
vt 0.033203 0.5 0
vt 0.033203 0.5 0
vt 0.033203 0.5 0
vt 0.009766 0.5 0
vt 0.009766 0.5 0
vt 0.009766 0.5 0
vt 0.009766 0.5 0
vt 0.033203 0.5 0
vt 0.033203 0.5 0
vt 0.033203 0.5 0
vt 0.009766 0.5 0
vt 0.033203 0.5 0
vt 0.009766 0.5 0
vt 0.009766 0.5 0
vt 0.033203 0.5 0
vt 0.009766 0.5 0
vt 0.033203 0.5 0
vt 0.033203 0.5 0
vt 0.033203 0.5 0
vt 0.037109 0.5 0
vt 0.037109 0.5 0
vt 0.033203 0.5 0
vt 0.033203 0.5 0
vt 0.033203 0.5 0
vt 0.033203 0.5 0
vt 0.033203 0.5 0
vt 0.033203 0.5 0
vt 0.037109 0.5 0
vt 0.037109 0.5 0
vt 0.033203 0.5 0
vt 0.033203 0.5 0
vt 0.033203 0.5 0
vt 0.033203 0.5 0
vt 0.033203 0.5 0
vt 0.037109 0.5 0
vt 0.033203 0.5 0
vt 0.033203 0.5 0
vt 0.037109 0.5 0
vt 0.033203 0.5 0
vt 0.033203 0.5 0
vt 0.033203 0.5 0
vt 0.033203 0.5 0
vt 0.037109 0.5 0
vt 0.033203 0.5 0
vt 0.033203 0.5 0
vt 0.037109 0.5 0
vt 0.033203 0.5 0
vt 0.033203 0.5 0
vt 0.033203 0.5 0
vt 0.033203 0.5 0
vt 0.033203 0.5 0
vt 0.033203 0.5 0
vt 0.033203 0.5 0
vt 0.033203 0.5 0
vt 0.033203 0.5 0
vt 0.033203 0.5 0
vt 0.013672 0.5 0
vt 0.013672 0.5 0
vt 0.033203 0.5 0
vt 0.033203 0.5 0
vt 0.033203 0.5 0
vt 0.017578 0.5 0
vt 0.033203 0.5 0
vt 0.013672 0.5 0
vt 0.017578 0.5 0
vt 0.013672 0.5 0
vt 0.013672 0.5 0
vt 0.033203 0.5 0
vt 0.017578 0.5 0
vt 0.013672 0.5 0
vt 0.017578 0.5 0
vt 0.021484 0.5 0
vt 0.033203 0.5 0
vt 0.013672 0.5 0
vt 0.021484 0.5 0
vt 0.013672 0.5 0
vt 0.013672 0.5 0
vt 0.033203 0.5 0
vt 0.021484 0.5 0
vt 0.013672 0.5 0
vt 0.021484 0.5 0
vt 0.033203 0.5 0
vt 0.017578 0.5 0
vt 0.013672 0.5 0
vt 0.017578 0.5 0
vt 0.013672 0.5 0
vt 0.033203 0.5 0
vt 0.033203 0.5 0
vt 0.033203 0.5 0
vt 0.013672 0.5 0
vt 0.017578 0.5 0
vt 0.013672 0.5 0
vt 0.017578 0.5 0
vt 0.033203 0.5 0
vt 0.033203 0.5 0
vt 0.033203 0.5 0
vt 0.033203 0.5 0
vt 0.033203 0.5 0
vt 0.013672 0.5 0
vt 0.033203 0.5 0
vt 0.013672 0.5 0
vt 0.033203 0.5 0
vt 0.033203 0.5 0
vt 0.033203 0.5 0
vt 0.033203 0.5 0
vt 0.037109 0.5 0
vt 0.037109 0.5 0
vt 0.033203 0.5 0
vt 0.033203 0.5 0
vt 0.033203 0.5 0
vt 0.033203 0.5 0
vt 0.033203 0.5 0
vt 0.033203 0.5 0
vt 0.037109 0.5 0
vt 0.033203 0.5 0
vt 0.037109 0.5 0
vt 0.033203 0.5 0
vt 0.033203 0.5 0
vt 0.033203 0.5 0
vt 0.033203 0.5 0
vt 0.033203 0.5 0
vt 0.033203 0.5 0
vt 0.037109 0.5 0
vt 0.033203 0.5 0
vt 0.033203 0.5 0
vt 0.037109 0.5 0
vt 0.033203 0.5 0
vt 0.033203 0.5 0
vt 0.033203 0.5 0
vt 0.033203 0.5 0
vt 0.037109 0.5 0
vt 0.033203 0.5 0
vt 0.033203 0.5 0
vt 0.037109 0.5 0
vt 0.033203 0.5 0
vt 0.009766 0.5 0
vt 0.009766 0.5 0
vt 0.013672 0.5 0
vt 0.013672 0.5 0
vt 0.033203 0.5 0
vt 0.033203 0.5 0
vt 0.037109 0.5 0
vt 0.033203 0.5 0
vt 0.037109 0.5 0
vt 0.033203 0.5 0
vt 0.009766 0.5 0
vt 0.033203 0.5 0
vt 0.009766 0.5 0
vt 0.033203 0.5 0
vt 0.013672 0.5 0
vt 0.033203 0.5 0
vt 0.013672 0.5 0
vt 0.033203 0.5 0
vt 0.037109 0.5 0
vt 0.037109 0.5 0
vt 0.033203 0.5 0
vt 0.033203 0.5 0
vt 0.009766 0.5 0
vt 0.009766 0.5 0
vt 0.033203 0.5 0
vt 0.033203 0.5 0
vt 0.033203 0.5 0
vt 0.033203 0.5 0
vt 0.033203 0.5 0
vt 0.033203 0.5 0
vt 0.037109 0.5 0
vt 0.033203 0.5 0
vt 0.033203 0.5 0
vt 0.037109 0.5 0
vt 0.037109 0.5 0
vt 0.033203 0.5 0
vt 0.033203 0.5 0
vt 0.037109 0.5 0
vt 0.033203 0.5 0
vt 0.009766 0.5 0
vt 0.033203 0.5 0
vt 0.033203 0.5 0
vt 0.009766 0.5 0
vt 0.033203 0.5 0
vt 0.033203 0.5 0
vt 0.033203 0.5 0
vt 0.033203 0.5 0
vt 0.033203 0.5 0
vt 0.033203 0.5 0
vt 0.033203 0.5 0
vt 0.033203 0.5 0
vt 0.033203 0.5 0
vt 0.033203 0.5 0
vt 0.033203 0.5 0
vt 0.033203 0.5 0
vt 0.033203 0.5 0
vt 0.033203 0.5 0
vt 0.033203 0.5 0
vt 0.033203 0.5 0
vt 0.033203 0.5 0
vt 0.033203 0.5 0
vt 0.033203 0.5 0
vt 0.033203 0.5 0
vt 0.033203 0.5 0
vt 0.033203 0.5 0
vt 0.033203 0.5 0
vt 0.033203 0.5 0
vt 0.033203 0.5 0
vt 0.033203 0.5 0
vt 0.033203 0.5 0
vt 0.033203 0.5 0
vt 0.033203 0.5 0
vt 0.033203 0.5 0
vt 0.037109 0.5 0
vt 0.037109 0.5 0
vt 0.033203 0.5 0
vt 0.033203 0.5 0
vt 0.037109 0.5 0
vt 0.033203 0.5 0
vt 0.037109 0.5 0
vt 0.033203 0.5 0
vt 0.033203 0.5 0
vt 0.009766 0.5 0
vt 0.033203 0.5 0
vt 0.009766 0.5 0
vt 0.033203 0.5 0
vt 0.033203 0.5 0
vt 0.033203 0.5 0
vt 0.033203 0.5 0
vt 0.037109 0.5 0
vt 0.033203 0.5 0
vt 0.033203 0.5 0
vt 0.037109 0.5 0
vt 0.009766 0.5 0
vt 0.033203 0.5 0
vt 0.009766 0.5 0
vt 0.033203 0.5 0
vt 0.013672 0.5 0
vt 0.033203 0.5 0
vt 0.013672 0.5 0
vt 0.033203 0.5 0
vt 0.037109 0.5 0
vt 0.033203 0.5 0
vt 0.033203 0.5 0
vt 0.037109 0.5 0
vt 0.009766 0.5 0
vt 0.033203 0.5 0
vt 0.033203 0.5 0
vt 0.009766 0.5 0
vt 0.033203 0.5 0
vt 0.009766 0.5 0
vt 0.009766 0.5 0
vt 0.013672 0.5 0
vt 0.013672 0.5 0
vt 0.033203 0.5 0
vt 0.033203 0.5 0
vt 0.013672 0.5 0
vt 0.013672 0.5 0
vt 0.013672 0.5 0
vt 0.013672 0.5 0
vt 0.033203 0.5 0
vt 0.033203 0.5 0
vt 0.033203 0.5 0
vt 0.033203 0.5 0
vt 0.033203 0.5 0
vt 0.033203 0.5 0
vt 0.033203 0.5 0
vt 0.013672 0.5 0
vt 0.013672 0.5 0
vt 0.033203 0.5 0
vt 0.033203 0.5 0
vt 0.013672 0.5 0
vt 0.033203 0.5 0
vt 0.013672 0.5 0
vt 0.013672 0.5 0
vt 0.013672 0.5 0
vt 0.013672 0.5 0
vt 0.033203 0.5 0
vt 0.013672 0.5 0
vt 0.033203 0.5 0
vt 0.033203 0.5 0
vt 0.033203 0.5 0
vt 0.033203 0.5 0
vt 0.033203 0.5 0
vt 0.013672 0.5 0
vt 0.013672 0.5 0
vt 0.013672 0.5 0
vt 0.033203 0.5 0
vt 0.013672 0.5 0
vt 0.033203 0.5 0
vt 0.033203 0.5 0
vt 0.013672 0.5 0
vt 0.013672 0.5 0
vt 0.033203 0.5 0
vt 0.013672 0.5 0
vt 0.033203 0.5 0
vt 0.033203 0.5 0
vt 0.033203 0.5 0
vt 0.033203 0.5 0
vt 0.013672 0.5 0
vt 0.033203 0.5 0
vt 0.013672 0.5 0
vt 0.005859 0.5 0
vt 0.033203 0.5 0
vt 0.005859 0.5 0
vt 0.013672 0.5 0
vt 0.033203 0.5 0
vt 0.033203 0.5 0
vt 0.013672 0.5 0
vt 0.005859 0.5 0
vt 0.005859 0.5 0
vt 0.013672 0.5 0
vt 0.005859 0.5 0
vt 0.005859 0.5 0
vt 0.033203 0.5 0
vt 0.013672 0.5 0
vt 0.033203 0.5 0
vt 0.013672 0.5 0
vt 0.005859 0.5 0
vt 0.013672 0.5 0
vt 0.005859 0.5 0
vt 0.033203 0.5 0
vt 0.033203 0.5 0
vt 0.033203 0.5 0
vt 0.033203 0.5 0
vt 0.033203 0.5 0
vt 0.013672 0.5 0
vt 0.033203 0.5 0
vt 0.013672 0.5 0
vt 0.013672 0.5 0
vt 0.033203 0.5 0
vt 0.033203 0.5 0
vt 0.013672 0.5 0
vt 0.013672 0.5 0
vt 0.013672 0.5 0
vt 0.033203 0.5 0
vt 0.033203 0.5 0
vt 0.013672 0.5 0
vt 0.033203 0.5 0
vt 0.033203 0.5 0
vt 0.033203 0.5 0
vt 0.013672 0.5 0
vt 0.033203 0.5 0
vt 0.013672 0.5 0
vt 0.033203 0.5 0
vt 0.013672 0.5 0
vt 0.033203 0.5 0
vt 0.013672 0.5 0
vt 0.013672 0.5 0
vt 0.013672 0.5 0
vt 0.013672 0.5 0
vt 0.033203 0.5 0
vt 0.033203 0.5 0
vt 0.013672 0.5 0
vt 0.033203 0.5 0
vt 0.033203 0.5 0
vt 0.033203 0.5 0
vt 0.013672 0.5 0
vt 0.033203 0.5 0
vt 0.013672 0.5 0
vt 0.013672 0.5 0
vt 0.033203 0.5 0
vt 0.013672 0.5 0
vt 0.033203 0.5 0
vt 0.013672 0.5 0
vt 0.013672 0.5 0
vt 0.013672 0.5 0
vt 0.013672 0.5 0
vt 0.005859 0.5 0
vt 0.005859 0.5 0
vt 0.013672 0.5 0
vt 0.013672 0.5 0
vt 0.005859 0.5 0
vt 0.005859 0.5 0
vt 0.013672 0.5 0
vt 0.005859 0.5 0
vt 0.013672 0.5 0
vt 0.005859 0.5 0
vt 0.005859 0.5 0
vt 0.005859 0.5 0
vt 0.005859 0.5 0
vt 0.005859 0.5 0
vt 0.005859 0.5 0
vt 0.005859 0.5 0
vt 0.005859 0.5 0
vt 0.005859 0.5 0
vt 0.005859 0.5 0
vt 0.005859 0.5 0
vt 0.005859 0.5 0
vt 0.005859 0.5 0
vt 0.005859 0.5 0
vt 0.005859 0.5 0
vt 0.005859 0.5 0
vt 0.005859 0.5 0
vt 0.005859 0.5 0
vt 0.005859 0.5 0
vt 0.005859 0.5 0
vt 0.005859 0.5 0
vt 0.013672 0.5 0
vt 0.013672 0.5 0
vt 0.005859 0.5 0
vt 0.005859 0.5 0
vt 0.005859 0.5 0
vt 0.005859 0.5 0
vt 0.013672 0.5 0
vt 0.013672 0.5 0
vt 0.013672 0.5 0
vt 0.013672 0.5 0
vt 0.013672 0.5 0
vt 0.013672 0.5 0
vt 0.005859 0.5 0
vt 0.005859 0.5 0
vt 0.013672 0.5 0
vt 0.013672 0.5 0
vt 0.013672 0.5 0
vt 0.013672 0.5 0
vt 0.005859 0.5 0
vt 0.005859 0.5 0
vt 0.013672 0.5 0
vt 0.005859 0.5 0
vt 0.013672 0.5 0
vt 0.005859 0.5 0
vt 0.005859 0.5 0
vt 0.013672 0.5 0
vt 0.005859 0.5 0
vt 0.013672 0.5 0
vt 0.005859 0.5 0
vt 0.005859 0.5 0
vt 0.005859 0.5 0
vt 0.005859 0.5 0
vt 0.005859 0.5 0
vt 0.005859 0.5 0
vt 0.005859 0.5 0
vt 0.005859 0.5 0
vt 0.005859 0.5 0
vt 0.005859 0.5 0
vt 0.005859 0.5 0
vt 0.013672 0.5 0
vt 0.005859 0.5 0
vt 0.013672 0.5 0
vt 0.005859 0.5 0
vt 0.005859 0.5 0
vt 0.005859 0.5 0
vt 0.005859 0.5 0
vt 0.013672 0.5 0
vt 0.013672 0.5 0
vt 0.005859 0.5 0
vt 0.005859 0.5 0
vt 0.013672 0.5 0
vt 0.013672 0.5 0
vt 0.005859 0.5 0
vt 0.005859 0.5 0
vt 0.005859 0.5 0
vt 0.005859 0.5 0
vt 0.013672 0.5 0
vt 0.013672 0.5 0
vt 0.005859 0.5 0
vt 0.005859 0.5 0
vt 0.013672 0.5 0
vt 0.013672 0.5 0
vt 0.013672 0.5 0
vt 0.013672 0.5 0
vt 0.005859 0.5 0
vt 0.005859 0.5 0
vt 0.013672 0.5 0
vt 0.005859 0.5 0
vt 0.013672 0.5 0
vt 0.005859 0.5 0
vt 0.005859 0.5 0
vt 0.013672 0.5 0
vt 0.005859 0.5 0
vt 0.013672 0.5 0
vt 0.005859 0.5 0
vt 0.005859 0.5 0
vt 0.005859 0.5 0
vt 0.005859 0.5 0
vt 0.005859 0.5 0
vt 0.005859 0.5 0
vt 0.005859 0.5 0
vt 0.005859 0.5 0
vt 0.005859 0.5 0
vt 0.013672 0.5 0
vt 0.005859 0.5 0
vt 0.013672 0.5 0
vt 0.005859 0.5 0
vt 0.005859 0.5 0
vt 0.005859 0.5 0
vt 0.005859 0.5 0
vt 0.013672 0.5 0
vt 0.013672 0.5 0
vt 0.005859 0.5 0
vt 0.005859 0.5 0
vt 0.013672 0.5 0
vt 0.013672 0.5 0
vt 0.005859 0.5 0
vt 0.005859 0.5 0
vt 0.005859 0.5 0
vt 0.005859 0.5 0
vt 0.013672 0.5 0
vt 0.013672 0.5 0
vt 0.005859 0.5 0
vt 0.005859 0.5 0
vt 0.013672 0.5 0
vt 0.013672 0.5 0
vt 0.005859 0.5 0
vt 0.005859 0.5 0
vt 0.013672 0.5 0
vt 0.013672 0.5 0
vt 0.005859 0.5 0
vt 0.005859 0.5 0
vt 0.013672 0.5 0
vt 0.013672 0.5 0
vt 0.033203 0.5 0
vt 0.033203 0.5 0
vt 0.013672 0.5 0
vt 0.013672 0.5 0
vt 0.005859 0.5 0
vt 0.013672 0.5 0
vt 0.005859 0.5 0
vt 0.005859 0.5 0
vt 0.013672 0.5 0
vt 0.013672 0.5 0
vt 0.005859 0.5 0
vt 0.005859 0.5 0
vt 0.013672 0.5 0
vt 0.013672 0.5 0
vt 0.005859 0.5 0
vt 0.033203 0.5 0
vt 0.013672 0.5 0
vt 0.013672 0.5 0
vt 0.033203 0.5 0
vt 0.005859 0.5 0
vt 0.013672 0.5 0
vt 0.005859 0.5 0
vt 0.005859 0.5 0
vt 0.005859 0.5 0
vt 0.005859 0.5 0
vt 0.005859 0.5 0
vt 0.005859 0.5 0
vt 0.005859 0.5 0
vt 0.005859 0.5 0
vt 0.005859 0.5 0
vt 0.005859 0.5 0
vt 0.005859 0.5 0
vt 0.005859 0.5 0
vt 0.005859 0.5 0
vt 0.013672 0.5 0
vt 0.013672 0.5 0
vt 0.005859 0.5 0
vt 0.005859 0.5 0
vt 0.013672 0.5 0
vt 0.013672 0.5 0
vt 0.005859 0.5 0
vt 0.005859 0.5 0
vt 0.013672 0.5 0
vt 0.013672 0.5 0
vt 0.033203 0.5 0
vt 0.033203 0.5 0
vt 0.013672 0.5 0
vt 0.013672 0.5 0
vt 0.005859 0.5 0
vt 0.005859 0.5 0
vt 0.005859 0.5 0
vt 0.013672 0.5 0
vt 0.005859 0.5 0
vt 0.005859 0.5 0
vt 0.013672 0.5 0
vt 0.013672 0.5 0
vt 0.005859 0.5 0
vt 0.005859 0.5 0
vt 0.013672 0.5 0
vt 0.013672 0.5 0
vt 0.005859 0.5 0
vt 0.033203 0.5 0
vt 0.013672 0.5 0
vt 0.013672 0.5 0
vt 0.033203 0.5 0
vt 0.013672 0.5 0
vt 0.013672 0.5 0
vt 0.013672 0.5 0
vt 0.033203 0.5 0
vt 0.033203 0.5 0
vt 0.013672 0.5 0
vt 0.013672 0.5 0
vt 0.033203 0.5 0
vt 0.033203 0.5 0
vt 0.013672 0.5 0
vt 0.013672 0.5 0
vt 0.005859 0.5 0
vt 0.013672 0.5 0
vt 0.005859 0.5 0
vt 0.033203 0.5 0
vt 0.013672 0.5 0
vt 0.033203 0.5 0
vt 0.013672 0.5 0
vt 0.033203 0.5 0
vt 0.033203 0.5 0
vt 0.013672 0.5 0
vt 0.013672 0.5 0
vt 0.033203 0.5 0
vt 0.005859 0.5 0
vt 0.013672 0.5 0
vt 0.005859 0.5 0
vt 0.005859 0.5 0
vt 0.005859 0.5 0
vt 0.013672 0.5 0
vt 0.005859 0.5 0
vt 0.013672 0.5 0
vt 0.033203 0.5 0
vt 0.005859 0.5 0
vt 0.033203 0.5 0
vt 0.033203 0.5 0
vt 0.013672 0.5 0
vt 0.013672 0.5 0
vt 0.033203 0.5 0
vt 0.033203 0.5 0
vt 0.013672 0.5 0
vt 0.013672 0.5 0
vt 0.005859 0.5 0
vt 0.005859 0.5 0
vt 0.013672 0.5 0
vt 0.033203 0.5 0
vt 0.013672 0.5 0
vt 0.013672 0.5 0
vt 0.033203 0.5 0
vt 0.033203 0.5 0
vt 0.013672 0.5 0
vt 0.013672 0.5 0
vt 0.033203 0.5 0
vt 0.013672 0.5 0
vt 0.013672 0.5 0
vt 0.013672 0.5 0
vt 0.013672 0.5 0
vt 0.013672 0.5 0
vt 0.013672 0.5 0
vt 0.013672 0.5 0
vt 0.033203 0.5 0
vt 0.033203 0.5 0
vt 0.013672 0.5 0
vt 0.013672 0.5 0
vt 0.013672 0.5 0
vt 0.033203 0.5 0
vt 0.013672 0.5 0
vt 0.005859 0.5 0
vt 0.033203 0.5 0
vt 0.005859 0.5 0
vt 0.013672 0.5 0
vt 0.033203 0.5 0
vt 0.013672 0.5 0
vt 0.033203 0.5 0
vt 0.013672 0.5 0
vt 0.005859 0.5 0
vt 0.013672 0.5 0
vt 0.005859 0.5 0
vt 0.013672 0.5 0
vt 0.033203 0.5 0
vt 0.013672 0.5 0
vt 0.013672 0.5 0
vt 0.033203 0.5 0
vt 0.013672 0.5 0

f 9/15 4/7 3/5 
f 9/16 5/8 4/6 
f 10/17 6/10 5/9 
f 10/18 5/8 9/16 
f 11/20 6/10 10/17 
f 12/21 2/2 1/1 
f 13/22 3/4 2/3 
f 13/23 2/2 12/21 
f 14/24 9/15 3/5 
f 14/25 3/4 13/22 
f 14/24 10/17 9/15 
f 15/26 11/19 10/18 
f 15/27 10/17 14/24 
f 16/28 6/10 11/20 
f 16/29 11/19 15/26 
f 17/30 7/12 6/11 
f 17/31 6/10 16/28 
f 18/32 8/14 7/13 
f 18/33 7/12 17/30 
f 19/34 8/14 18/32 
f 24/39 21/36 20/35 
f 25/40 21/36 24/39 
f 26/41 23/38 22/37 
f 27/42 23/38 26/41 
f 32/47 29/44 28/43 
f 39/54 31/46 30/45 
f 40/55 38/53 37/52 
f 40/55 39/54 38/53 
f 40/55 32/47 28/43 
f 40/55 33/48 32/47 
f 40/55 37/52 36/51 
f 40/55 36/51 35/50 
f 40/55 35/50 34/49 
f 40/55 34/49 33/48 
f 41/56 31/46 39/54 
f 41/56 39/54 40/55 
f 44/59 43/58 42/57 
f 45/60 43/58 44/59 
f 52/69 47/62 46/61 
f 53/71 48/64 47/63 
f 53/70 47/62 52/69 
f 54/73 48/64 53/71 
f 57/76 50/66 49/65 
f 58/78 51/68 50/67 
f 58/79 50/66 57/76 
f 59/80 51/68 58/78 
f 60/81 54/72 53/70 
f 61/83 55/74 54/73 
f 61/82 54/72 60/81 
f 62/85 55/74 61/83 
f 63/87 57/76 56/75 
f 64/88 58/78 57/77 
f 64/89 57/76 63/87 
f 65/90 58/78 64/88 
f 66/91 62/84 61/82 
f 67/92 62/84 66/91 
f 70/95 64/88 63/86 
f 71/96 64/88 70/95 
f 72/97 69/94 68/93 
f 73/98 69/94 72/97 
f 80/107 75/100 74/99 
f 81/108 76/102 75/101 
f 81/109 75/100 80/107 
f 82/111 76/102 81/108 
f 91/129 78/104 77/103 
f 92/130 79/106 78/105 
f 92/131 78/104 91/129 
f 93/132 79/106 92/130 
f 94/133 83/112 82/110 
f 95/135 84/114 83/113 
f 95/136 83/112 94/133 
f 96/138 85/116 84/115 
f 96/139 84/114 95/135 
f 97/140 86/118 85/117 
f 97/141 85/116 96/138 
f 98/142 87/120 86/119 
f 98/143 86/118 97/140 
f 99/144 88/122 87/121 
f 99/145 87/120 98/142 
f 100/146 89/124 88/123 
f 100/147 88/122 99/144 
f 101/149 90/126 89/125 
f 101/150 89/124 100/146 
f 102/152 91/128 90/127 
f 102/153 90/126 101/149 
f 103/154 91/128 102/152 
f 104/156 96/137 95/134 
f 105/158 96/137 104/156 
f 106/160 102/151 101/148 
f 107/162 102/151 106/160 
f 108/164 105/157 104/155 
f 108/164 106/159 105/157 
f 108/164 107/161 106/159 
f 109/166 107/161 108/164 
f 110/168 107/161 109/166 
f 111/170 107/161 110/168 
f 112/171 109/165 108/163 
f 113/172 109/165 112/171 
f 114/173 111/169 110/167 
f 115/174 111/169 114/173 
f 120/179 117/176 116/175 
f 121/180 117/176 120/179 
f 122/181 119/178 118/177 
f 123/182 119/178 122/181 
f 130/193 125/184 124/183 
f 131/194 126/186 125/185 
f 131/195 125/184 130/193 
f 132/196 127/188 126/187 
f 132/197 126/186 131/194 
f 133/198 127/188 132/196 
f 134/199 127/188 133/198 
f 135/200 127/188 134/199 
f 136/201 127/188 135/200 
f 137/202 128/190 127/189 
f 137/203 127/188 136/201 
f 138/204 129/192 128/191 
f 138/205 128/190 137/202 
f 139/206 129/192 138/204 
f 146/215 141/208 140/207 
f 146/215 142/209 141/208 
f 147/216 143/212 142/210 
f 147/217 142/209 146/215 
f 148/218 145/214 144/213 
f 148/219 143/212 147/216 
f 148/218 144/213 143/211 
f 149/220 145/214 148/218 
f 158/229 151/222 150/221 
f 159/230 151/222 158/229 
f 160/231 153/224 152/223 
f 161/232 153/224 160/231 
f 162/233 155/226 154/225 
f 163/234 155/226 162/233 
f 164/235 157/228 156/227 
f 165/236 157/228 164/235 
f 172/243 167/238 166/237 
f 173/244 167/238 172/243 
f 174/245 169/240 168/239 
f 175/246 169/240 174/245 
f 176/247 171/242 170/241 
f 177/248 171/242 176/247 
f 182/253 179/250 178/249 
f 183/254 179/250 182/253 
f 184/255 181/252 180/251 
f 185/256 181/252 184/255 
f 190/261 187/258 186/257 
f 191/262 187/258 190/261 
f 192/263 189/260 188/259 
f 193/264 189/260 192/263 
f 198/269 195/266 194/265 
f 199/270 195/266 198/269 
f 200/271 197/268 196/267 
f 201/272 197/268 200/271 
f 206/277 203/274 202/273 
f 207/278 203/274 206/277 
f 208/279 205/276 204/275 
f 209/280 205/276 208/279 
f 214/285 211/282 210/281 
f 215/286 211/282 214/285 
f 216/287 213/284 212/283 
f 217/288 213/284 216/287 
f 222/293 219/290 218/289 
f 223/294 219/290 222/293 
f 226/297 221/292 220/291 
f 227/298 221/292 226/297 
f 228/299 225/296 224/295 
f 229/300 225/296 228/299 
f 234/305 231/302 230/301 
f 235/306 231/302 234/305 
f 236/307 233/304 232/303 
f 237/308 233/304 236/307 
f 240/311 239/310 238/309 
f 241/312 239/310 240/311 
f 242/313 239/310 241/312 
f 243/314 239/310 242/313 
f 250/321 246/317 245/316 
f 250/321 245/316 244/315 
f 251/322 246/317 250/321 
f 252/323 246/317 251/322 
f 253/324 249/320 248/319 
f 253/324 248/319 247/318 
f 254/325 249/320 253/324 
f 255/326 249/320 254/325 
f 256/327 252/323 251/322 
f 256/327 254/325 253/324 
f 256/327 253/324 252/323 
f 257/328 254/325 256/327 
f 262/333 259/330 258/329 
f 263/334 259/330 262/333 
f 264/335 261/332 260/331 
f 265/336 261/332 264/335 
f 274/345 269/340 268/339 
f 275/346 269/340 274/345 
f 276/347 271/342 270/341 
f 277/348 271/342 276/347 
f 278/349 267/338 266/337 
f 279/350 267/338 278/349 
f 280/351 274/345 268/339 
f 281/352 274/345 280/351 
f 282/353 271/342 277/348 
f 283/354 271/342 282/353 
f 284/355 273/344 272/343 
f 285/356 273/344 284/355 
f 292/365 288/360 287/358 
f 295/368 290/362 289/361 
f 296/369 287/359 286/357 
f 297/370 293/366 292/365 
f 297/371 287/359 296/369 
f 297/370 292/365 287/358 
f 298/372 293/366 297/370 
f 299/373 293/366 298/372 
f 300/374 295/368 294/367 
f 301/375 290/362 295/368 
f 301/375 295/368 300/374 
f 302/376 291/364 290/363 
f 302/377 290/362 301/375 
f 303/378 291/364 302/376 
f 304/379 299/373 298/372 
f 304/379 301/375 300/374 
f 304/379 300/374 299/373 
f 305/380 301/375 304/379 
f 312/389 307/382 306/381 
f 313/390 308/384 307/383 
f 313/391 307/382 312/389 
f 314/392 308/384 313/390 
f 315/393 310/386 309/385 
f 316/394 311/388 310/387 
f 316/395 310/386 315/393 
f 317/396 311/388 316/394 
f 318/397 315/393 314/392 
f 319/398 315/393 318/397 
f 324/403 321/400 320/399 
f 325/404 321/400 324/403 
f 326/405 323/402 322/401 
f 327/406 323/402 326/405 
f 332/411 329/408 328/407 
f 333/412 329/408 332/411 
f 334/413 331/410 330/409 
f 335/414 331/410 334/413 
f 342/423 338/418 337/416 
f 343/424 340/420 339/419 
f 344/425 337/417 336/415 
f 345/426 343/424 342/423 
f 345/427 337/417 344/425 
f 345/426 342/423 337/416 
f 346/428 341/422 340/421 
f 346/429 343/424 345/426 
f 346/429 340/420 343/424 
f 347/430 341/422 346/428 
f 352/435 349/432 348/431 
f 353/436 349/432 352/435 
f 354/437 351/434 350/433 
f 355/438 351/434 354/437 
f 358/441 357/440 356/439 
f 359/442 357/440 358/441 
f 368/453 361/444 360/443 
f 369/454 362/446 361/445 
f 369/455 361/444 368/453 
f 369/454 363/447 362/446 
f 370/456 363/447 369/454 
f 371/457 366/450 365/449 
f 371/457 365/449 364/448 
f 372/458 367/452 366/451 
f 372/459 366/450 371/457 
f 373/460 367/452 372/458 
f 378/465 375/462 374/461 
f 379/466 375/462 378/465 
f 380/467 377/464 376/463 
f 381/468 377/464 380/467 
f 390/477 383/470 382/469 
f 391/479 387/474 386/473 
f 392/480 389/476 388/475 
f 393/482 385/472 384/471 
f 394/483 390/477 382/469 
f 395/484 391/479 390/478 
f 395/485 390/477 394/483 
f 396/486 387/474 391/479 
f 396/486 391/479 395/484 
f 397/487 392/480 388/475 
f 397/487 393/481 392/480 
f 398/488 385/472 393/482 
f 398/489 393/481 397/487 
f 399/490 385/472 398/488 
f 404/495 401/492 400/491 
f 405/496 401/492 404/495 
f 406/497 403/494 402/493 
f 407/498 403/494 406/497 
f 412/503 409/500 408/499 
f 413/504 409/500 412/503 
f 414/505 411/502 410/501 
f 415/506 411/502 414/505 
f 420/511 417/508 416/507 
f 421/512 417/508 420/511 
f 422/513 419/510 418/509 
f 423/514 419/510 422/513 
f 428/519 425/516 424/515 
f 429/520 425/516 428/519 
f 430/521 427/518 426/517 
f 431/522 427/518 430/521 
f 437/528 433/524 432/523 
f 438/529 433/524 437/528 
f 439/530 435/526 434/525 
f 440/531 435/526 439/530 
f 442/533 437/528 436/527 
f 443/534 437/528 442/533 
f 444/535 441/532 440/531 
f 445/536 441/532 444/535 
f 448/539 447/538 446/537 
f 449/540 447/538 448/539 
f 454/545 451/542 450/541 
f 455/546 451/542 454/545 
f 456/547 453/544 452/543 
f 457/548 453/544 456/547 
f 462/553 459/550 458/549 
f 463/554 459/550 462/553 
f 464/555 461/552 460/551 
f 465/556 461/552 464/555 
f 470/561 467/558 466/557 
f 471/562 467/558 470/561 
f 472/563 469/560 468/559 
f 473/564 469/560 472/563 
f 478/569 475/566 474/565 
f 479/570 475/566 478/569 
f 480/571 477/568 476/567 
f 481/572 477/568 480/571 
f 484/575 483/574 482/573 
f 485/576 483/574 484/575 
f 490/581 487/578 486/577 
f 491/582 487/578 490/581 
f 492/583 489/580 488/579 
f 493/584 489/580 492/583 
f 498/589 495/586 494/585 
f 499/590 495/586 498/589 
f 500/591 497/588 496/587 
f 501/592 497/588 500/591 
f 510/601 505/596 504/595 
f 511/602 505/596 510/601 
f 512/603 505/596 511/602 
f 513/604 507/598 506/597 
f 514/605 507/598 513/604 
f 515/606 507/598 514/605 
f 516/607 503/594 502/593 
f 517/608 503/594 516/607 
f 518/609 510/601 504/595 
f 519/610 510/601 518/609 
f 520/611 507/598 515/606 
f 521/612 507/598 520/611 
f 522/613 509/600 508/599 
f 523/614 509/600 522/613 
f 528/619 525/616 524/615 
f 529/620 525/616 528/619 
f 530/621 527/618 526/617 
f 531/622 527/618 530/621 
f 536/627 533/624 532/623 
f 537/628 533/624 536/627 
f 538/629 535/626 534/625 
f 539/630 535/626 538/629 
f 544/635 541/632 540/631 
f 545/636 541/632 544/635 
f 546/637 543/634 542/633 
f 547/638 543/634 546/637 
f 552/643 549/640 548/639 
f 553/644 549/640 552/643 
f 554/645 551/642 550/641 
f 555/646 551/642 554/645 
f 562/653 557/648 556/647 
f 562/653 558/649 557/648 
f 563/654 558/649 562/653 
f 564/655 561/652 560/651 
f 564/655 560/651 559/650 
f 565/656 561/652 564/655 
f 570/661 567/658 566/657 
f 570/661 569/660 568/659 
f 570/661 568/659 567/658 
f 571/662 569/660 570/661 
f 580/671 573/664 572/663 
f 580/671 579/670 578/669 
f 580/671 578/669 577/668 
f 580/671 577/668 576/667 
f 580/671 576/667 575/666 
f 580/671 575/666 574/665 
f 580/671 574/665 573/664 
f 581/672 579/670 580/671 
f 586/677 583/674 582/673 
f 587/678 583/674 586/677 
f 588/679 585/676 584/675 
f 589/680 585/676 588/679 
f 598/695 591/682 590/681 
f 599/696 592/684 591/683 
f 599/697 591/682 598/695 
f 600/698 593/686 592/685 
f 600/699 592/684 599/696 
f 601/700 594/688 593/687 
f 601/701 593/686 600/698 
f 602/702 595/690 594/689 
f 602/703 594/688 601/700 
f 603/704 596/692 595/691 
f 603/705 595/690 602/702 
f 604/706 597/694 596/693 
f 604/707 596/692 603/704 
f 605/708 597/694 604/706 
f 606/709 607/710 614/723 
f 607/711 608/712 615/724 
f 614/723 607/710 615/725 
f 608/713 609/714 616/726 
f 615/724 608/712 616/727 
f 609/715 610/716 617/728 
f 616/726 609/714 617/729 
f 610/717 611/718 618/730 
f 617/728 610/716 618/731 
f 611/719 612/720 619/732 
f 618/730 611/718 619/733 
f 612/721 613/722 620/734 
f 619/732 612/720 620/735 
f 620/734 613/722 621/736 
f 622/737 623/738 626/741 
f 626/741 623/738 627/742 
f 624/739 625/740 628/743 
f 628/743 625/740 629/744 
f 630/745 631/746 636/753 
f 631/747 632/748 637/754 
f 636/753 631/746 637/755 
f 637/754 632/748 638/756 
f 633/749 634/750 639/757 
f 634/751 635/752 640/758 
f 639/757 634/750 640/759 
f 640/758 635/752 641/760 
f 642/761 643/762 650/769 
f 643/762 644/763 650/769 
f 644/763 645/764 650/769 
f 650/769 645/764 651/770 
f 648/767 649/768 652/771 
f 647/766 648/767 652/771 
f 646/765 647/766 652/771 
f 652/771 649/768 653/772 
f 654/773 655/774 658/777 
f 658/777 655/774 659/778 
f 656/775 657/776 660/779 
f 660/779 657/776 661/780 
f 662/781 663/782 670/789 
f 670/789 663/782 671/790 
f 664/783 665/784 672/791 
f 672/791 665/784 673/792 
f 666/785 667/786 674/793 
f 674/793 667/786 675/794 
f 668/787 669/788 676/795 
f 676/795 669/788 677/796 
f 678/797 679/798 682/801 
f 682/801 679/798 683/802 
f 680/799 681/800 684/803 
f 684/803 681/800 685/804 
f 686/805 687/806 690/809 
f 690/809 687/806 691/810 
f 688/807 689/808 692/811 
f 692/811 689/808 693/812 
f 694/813 695/814 698/817 
f 698/817 695/814 699/818 
f 696/815 697/816 700/819 
f 700/819 697/816 701/820 
f 704/823 705/824 710/829 
f 710/829 705/824 711/830 
f 706/825 707/826 712/831 
f 712/831 707/826 713/832 
f 702/821 703/822 714/833 
f 714/833 703/822 715/834 
f 704/823 710/829 716/835 
f 716/835 710/829 717/836 
f 713/832 707/826 718/837 
f 718/837 707/826 719/838 
f 708/827 709/828 720/839 
f 720/839 709/828 721/840 
f 722/841 723/842 726/845 
f 726/845 723/842 727/846 
f 724/843 725/844 728/847 
f 728/847 725/844 729/848 
f 730/849 731/850 732/851 
f 732/851 731/850 733/852 
f 733/852 731/850 734/853 
f 734/853 731/850 735/854 
f 736/855 737/856 740/859 
f 740/859 737/856 741/860 
f 738/857 739/858 742/861 
f 742/861 739/858 743/862 
f 744/863 745/864 748/867 
f 748/867 745/864 749/868 
f 746/865 747/866 750/869 
f 750/869 747/866 751/870 
f 752/871 753/872 756/875 
f 756/875 753/872 757/876 
f 754/873 755/874 758/877 
f 758/877 755/874 759/878 
f 760/879 761/880 764/883 
f 764/883 761/880 765/884 
f 762/881 763/882 766/885 
f 766/885 763/882 767/886 
f 768/887 769/888 772/891 
f 772/891 769/888 773/892 
f 770/889 771/890 774/893 
f 774/893 771/890 775/894 
f 776/895 777/896 781/900 
f 781/900 777/896 782/901 
f 778/897 779/898 783/902 
f 783/902 779/898 784/903 
f 780/899 781/900 786/905 
f 786/905 781/900 787/906 
f 784/903 785/904 788/907 
f 788/907 785/904 789/908 
f 790/909 791/910 794/913 
f 794/913 791/910 795/914 
f 792/911 793/912 798/917 
f 798/917 793/912 799/918 
f 795/914 796/915 800/919 
f 800/919 796/915 801/920 
f 797/916 798/917 804/925 
f 804/925 798/917 805/926 
f 801/920 802/921 806/927 
f 802/922 803/923 807/928 
f 806/927 802/921 807/929 
f 803/924 804/925 808/930 
f 807/928 803/923 808/931 
f 808/930 804/925 809/932 
f 810/933 811/934 814/937 
f 814/937 811/934 815/939 
f 812/935 813/936 818/943 
f 818/943 813/936 819/944 
f 815/938 816/940 820/945 
f 820/945 816/940 821/946 
f 817/941 818/942 822/947 
f 822/947 818/942 823/948 
f 821/946 822/947 824/949 
f 824/949 822/947 825/950 
f 826/951 827/952 830/955 
f 830/955 827/952 831/957 
f 828/953 829/954 834/961 
f 834/961 829/954 835/962 
f 831/956 832/958 836/963 
f 836/963 832/958 837/964 
f 833/959 834/960 838/965 
f 838/965 834/960 839/966 
f 837/964 838/965 840/967 
f 840/967 838/965 841/968 
f 842/969 843/970 846/973 
f 846/973 843/970 847/975 
f 844/971 845/972 850/979 
f 850/979 845/972 851/980 
f 847/974 848/976 852/981 
f 852/981 848/976 853/982 
f 849/977 850/978 854/983 
f 854/983 850/978 855/984 
f 853/982 854/983 856/985 
f 856/985 854/983 857/986 
f 858/987 859/988 862/991 
f 862/991 859/988 863/992 
f 860/989 861/990 864/993 
f 864/993 861/990 865/994 
f 863/992 864/993 866/995 
f 866/995 864/993 867/996 
f 868/997 869/998 872/1001 
f 872/1001 869/998 873/1002 
f 870/999 871/1000 874/1003 
f 874/1003 871/1000 875/1004 
f 876/1005 877/1006 878/1007 
f 878/1007 877/1006 879/1008 
f 880/1009 881/1010 884/1013 
f 884/1013 881/1010 885/1014 
f 882/1011 883/1012 886/1015 
f 886/1015 883/1012 887/1016 
f 888/1017 889/1018 894/1023 
f 889/1018 890/1019 894/1023 
f 894/1023 890/1019 895/1024 
f 892/1021 893/1022 896/1025 
f 891/1020 892/1021 896/1025 
f 896/1025 893/1022 897/1026 
f 898/1027 899/1028 900/1029 
f 900/1029 899/1028 901/1030 
f 902/1031 903/1032 908/1037 
f 903/1032 904/1033 908/1037 
f 908/1037 904/1033 909/1038 
f 906/1035 907/1036 910/1039 
f 905/1034 906/1035 910/1039 
f 910/1039 907/1036 911/1040 
f 912/1041 913/1042 916/1045 
f 916/1045 913/1042 917/1046 
f 914/1043 915/1044 918/1047 
f 918/1047 915/1044 919/1048 
f 920/1049 921/1050 926/1055 
f 921/1050 922/1051 926/1055 
f 926/1055 922/1051 927/1056 
f 924/1053 925/1054 928/1057 
f 923/1052 924/1053 928/1057 
f 928/1057 925/1054 929/1058 
f 930/1059 931/1060 934/1063 
f 934/1063 931/1060 935/1064 
f 932/1061 933/1062 936/1065 
f 936/1065 933/1062 937/1066 
f 938/1067 939/1068 942/1071 
f 942/1071 939/1068 943/1072 
f 940/1069 941/1070 944/1073 
f 944/1073 941/1070 945/1074 
f 946/1075 947/1076 950/1079 
f 950/1079 947/1076 951/1080 
f 948/1077 949/1078 952/1081 
f 952/1081 949/1078 953/1082 
f 954/1083 955/1084 958/1087 
f 958/1087 955/1084 959/1088 
f 956/1085 957/1086 960/1089 
f 960/1089 957/1086 961/1090 
f 962/1091 963/1092 966/1095 
f 966/1095 963/1092 967/1096 
f 964/1093 965/1094 968/1097 
f 968/1097 965/1094 969/1098 
f 972/1101 973/1102 978/1107 
f 978/1107 973/1102 979/1108 
f 979/1108 973/1102 980/1109 
f 974/1103 975/1104 981/1110 
f 981/1110 975/1104 982/1111 
f 982/1111 975/1104 983/1112 
f 970/1099 971/1100 984/1113 
f 984/1113 971/1100 985/1114 
f 972/1101 978/1107 986/1115 
f 986/1115 978/1107 987/1116 
f 983/1112 975/1104 988/1117 
f 988/1117 975/1104 989/1118 
f 976/1105 977/1106 990/1119 
f 990/1119 977/1106 991/1120 
f 992/1121 993/1122 996/1125 
f 996/1125 993/1122 997/1126 
f 994/1123 995/1124 998/1127 
f 998/1127 995/1124 999/1128 
f 1000/1129 1001/1130 1004/1133 
f 1004/1133 1001/1130 1005/1134 
f 1002/1131 1003/1132 1006/1135 
f 1006/1135 1003/1132 1007/1136 
f 1008/1137 1009/1138 1012/1141 
f 1012/1141 1009/1138 1013/1142 
f 1010/1139 1011/1140 1014/1143 
f 1014/1143 1011/1140 1015/1144 
f 1016/1145 1017/1146 1020/1149 
f 1020/1149 1017/1146 1021/1150 
f 1018/1147 1019/1148 1022/1151 
f 1022/1151 1019/1148 1023/1152 
f 1024/1153 1025/1154 1026/1155 
f 1026/1155 1025/1154 1027/1156 
f 1032/1161 1033/1162 1036/1165 
f 1036/1165 1033/1162 1037/1166 
f 1028/1157 1029/1158 1038/1167 
f 1029/1158 1030/1159 1038/1167 
f 1030/1159 1031/1160 1038/1167 
f 1038/1167 1031/1160 1039/1168 
f 1034/1163 1035/1164 1040/1169 
f 1040/1169 1035/1164 1041/1170 
f 1042/1171 1043/1172 1046/1175 
f 1046/1175 1043/1172 1047/1176 
f 1044/1173 1045/1174 1050/1179 
f 1050/1179 1045/1174 1051/1180 
f 1048/1177 1049/1178 1052/1181 
f 1052/1181 1049/1178 1053/1182 
f 1054/1183 1055/1184 1058/1187 
f 1058/1187 1055/1184 1059/1188 
f 1056/1185 1057/1186 1060/1189 
f 1060/1189 1057/1186 1061/1190 
f 1062/1191 1063/1192 1066/1195 
f 1066/1195 1063/1192 1067/1196 
f 1064/1193 1065/1194 1068/1197 
f 1068/1197 1065/1194 1069/1198 
f 1070/1199 1071/1200 1074/1203 
f 1074/1203 1071/1200 1075/1204 
f 1072/1201 1073/1202 1076/1205 
f 1076/1205 1073/1202 1077/1206 
f 1078/1207 1079/1208 1082/1211 
f 1082/1211 1079/1208 1083/1212 
f 1080/1209 1081/1210 1084/1213 
f 1084/1213 1081/1210 1085/1214 
f 1086/1215 1087/1216 1088/1217 
f 1088/1217 1087/1216 1089/1218 
f 1090/1219 1091/1221 1096/1229 
f 1091/1220 1092/1222 1096/1231 
f 1096/1231 1092/1222 1097/1234 
f 1097/1234 1092/1222 1098/1237 
f 1092/1223 1093/1224 1099/1239 
f 1098/1237 1092/1222 1099/1240 
f 1093/1225 1094/1226 1100/1242 
f 1099/1239 1093/1224 1100/1243 
f 1100/1242 1094/1226 1101/1246 
f 1101/1246 1094/1226 1102/1249 
f 1094/1227 1095/1228 1103/1251 
f 1102/1249 1094/1226 1103/1252 
f 1090/1219 1096/1229 1104/1253 
f 1104/1253 1096/1229 1105/1254 
f 1096/1230 1097/1232 1106/1255 
f 1105/1254 1096/1229 1106/1256 
f 1097/1233 1098/1235 1107/1257 
f 1106/1255 1097/1232 1107/1258 
f 1098/1236 1099/1238 1108/1259 
f 1107/1257 1098/1235 1108/1260 
f 1099/1238 1100/1241 1108/1259 
f 1100/1241 1101/1244 1108/1259 
f 1108/1259 1101/1244 1109/1261 
f 1109/1261 1101/1244 1110/1262 
f 1110/1262 1101/1244 1111/1263 
f 1111/1263 1101/1244 1112/1264 
f 1101/1245 1102/1247 1113/1265 
f 1112/1264 1101/1244 1113/1266 
f 1102/1248 1103/1250 1114/1267 
f 1113/1265 1102/1247 1114/1268 
f 1103/1251 1095/1228 1115/1269 
f 1114/1267 1103/1250 1115/1270 
f 1115/1269 1095/1228 1116/1271 
f 1116/1271 1095/1228 1117/1272 
f 1118/1273 1119/1274 1120/1275 
f 1120/1275 1119/1274 1121/1276 
f 1122/1277 1123/1278 1132/1295 
f 1123/1279 1124/1280 1133/1297 
f 1132/1295 1123/1278 1133/1296 
f 1124/1281 1125/1282 1134/1300 
f 1133/1297 1124/1280 1134/1299 
f 1134/1300 1125/1282 1135/1302 
f 1135/1302 1125/1282 1136/1303 
f 1125/1283 1126/1284 1137/1305 
f 1136/1303 1125/1282 1137/1306 
f 1137/1305 1126/1284 1138/1307 
f 1138/1307 1126/1284 1139/1310 
f 1126/1285 1127/1286 1140/1312 
f 1139/1310 1126/1284 1140/1311 
f 1127/1287 1128/1288 1141/1313 
f 1140/1312 1127/1286 1141/1314 
f 1128/1289 1129/1290 1142/1316 
f 1141/1313 1128/1288 1142/1315 
f 1142/1316 1129/1290 1143/1318 
f 1143/1318 1129/1290 1144/1319 
f 1129/1291 1130/1292 1145/1321 
f 1144/1319 1129/1290 1145/1323 
f 1130/1293 1131/1294 1146/1324 
f 1145/1321 1130/1292 1146/1325 
f 1146/1324 1131/1294 1147/1326 
f 1133/1296 1134/1298 1148/1327 
f 1134/1299 1135/1301 1149/1328 
f 1148/1327 1134/1298 1149/1329 
f 1135/1302 1136/1303 1150/1330 
f 1149/1328 1135/1301 1150/1331 
f 1136/1304 1137/1305 1151/1332 
f 1150/1330 1136/1303 1151/1333 
f 1137/1305 1138/1307 1151/1332 
f 1138/1308 1139/1309 1152/1334 
f 1151/1332 1138/1307 1152/1335 
f 1139/1310 1140/1311 1153/1336 
f 1152/1334 1139/1309 1153/1337 
f 1140/1311 1141/1313 1153/1336 
f 1141/1313 1142/1315 1153/1336 
f 1142/1315 1143/1317 1153/1336 
f 1143/1318 1144/1319 1154/1338 
f 1153/1336 1143/1317 1154/1339 
f 1144/1320 1145/1321 1155/1340 
f 1154/1338 1144/1319 1155/1341 
f 1145/1322 1146/1324 1156/1342 
f 1155/1340 1145/1321 1156/1343 
f 1156/1342 1146/1324 1157/1344 
f 1158/1345 1159/1346 1162/1349 
f 1160/1347 1161/1348 1169/1356 
f 1167/1354 1168/1355 1170/1357 
f 1168/1355 1169/1356 1170/1357 
f 1158/1345 1162/1349 1170/1357 
f 1162/1349 1163/1350 1170/1357 
f 1166/1353 1167/1354 1170/1357 
f 1165/1352 1166/1353 1170/1357 
f 1164/1351 1165/1352 1170/1357 
f 1163/1350 1164/1351 1170/1357 
f 1169/1356 1161/1348 1171/1358 
f 1170/1357 1169/1356 1171/1358 
f 1174/1363 1175/1364 1180/1373 
f 1175/1365 1176/1366 1181/1375 
f 1180/1373 1175/1364 1181/1376 
f 1176/1367 1177/1369 1182/1377 
f 1181/1375 1176/1366 1182/1378 
f 1172/1359 1173/1360 1183/1379 
f 1173/1361 1174/1362 1184/1380 
f 1183/1379 1173/1360 1184/1381 
f 1174/1363 1180/1373 1185/1382 
f 1184/1380 1174/1362 1185/1383 
f 1180/1374 1181/1375 1186/1384 
f 1185/1382 1180/1373 1186/1385 
f 1181/1376 1182/1377 1187/1386 
f 1186/1384 1181/1375 1187/1387 
f 1182/1377 1177/1369 1188/1389 
f 1187/1386 1182/1377 1188/1389 
f 1177/1368 1178/1370 1188/1388 
f 1178/1371 1179/1372 1189/1390 
f 1188/1388 1178/1370 1189/1391 
f 1189/1390 1179/1372 1190/1392 
f 1193/1395 1192/1394 1191/1393 
f 1194/1396 1192/1394 1193/1395 
f 1197/1399 1196/1398 1195/1397 
f 1201/1403 1198/1400 1197/1399 
f 1202/1405 1200/1402 1199/1401 
f 1203/1408 1200/1402 1202/1405 
f 1204/1410 1197/1399 1195/1397 
f 1204/1410 1201/1403 1197/1399 
f 1205/1412 1201/1403 1204/1410 
f 1207/1414 1205/1411 1204/1409 
f 1208/1415 1207/1414 1206/1413 
f 1209/1416 1205/1411 1207/1414 
f 1209/1416 1207/1414 1208/1415 
f 1210/1417 1203/1407 1202/1406 
f 1212/1420 1205/1411 1209/1416 
f 1213/1421 1205/1411 1212/1420 
f 1214/1422 1205/1411 1213/1421 
f 1215/1423 1201/1403 1205/1412 
f 1215/1424 1205/1411 1214/1422 
f 1217/1426 1201/1403 1215/1423 
f 1218/1428 1202/1405 1201/1404 
f 1218/1429 1201/1403 1217/1426 
f 1220/1431 1217/1426 1216/1425 
f 1221/1433 1218/1428 1217/1427 
f 1221/1434 1217/1426 1220/1431 
f 1222/1436 1220/1431 1219/1430 
f 1223/1437 1221/1433 1220/1432 
f 1223/1438 1220/1431 1222/1436 
f 1224/1440 1222/1436 1219/1430 
f 1224/1441 1223/1437 1222/1435 
f 1225/1443 1210/1417 1202/1406 
f 1225/1444 1223/1437 1224/1441 
f 1225/1444 1202/1405 1218/1428 
f 1225/1444 1221/1433 1223/1437 
f 1225/1444 1218/1428 1221/1433 
f 1226/1446 1211/1419 1210/1418 
f 1226/1447 1210/1417 1225/1443 
f 1227/1449 1211/1419 1226/1446 
f 1228/1451 1224/1440 1219/1430 
f 1228/1452 1225/1442 1224/1439 
f 1228/1452 1227/1448 1226/1445 
f 1228/1452 1226/1445 1225/1442 
f 1229/1455 1227/1448 1228/1452 
f 1230/1458 1227/1448 1229/1455 
f 1231/1460 1227/1448 1230/1458 
f 1232/1461 1230/1457 1229/1454 
f 1232/1463 1231/1459 1230/1456 
f 1233/1466 1231/1459 1232/1463 
f 1235/1470 1233/1464 1232/1462 
f 1235/1468 1232/1461 1229/1454 
f 1236/1471 1234/1467 1233/1465 
f 1236/1473 1233/1464 1235/1470 
f 1237/1474 1236/1472 1235/1469 
f 1237/1475 1234/1467 1236/1471 
f 1238/1476 1234/1467 1237/1475 
f 1239/1478 1237/1474 1235/1469 
f 1241/1480 1239/1478 1235/1469 
f 1241/1481 1240/1479 1239/1477 
f 1242/1482 1240/1479 1241/1481 
f 1243/1484 1228/1451 1219/1430 
f 1243/1485 1229/1453 1228/1450 
f 1244/1487 1235/1468 1229/1454 
f 1244/1488 1229/1453 1243/1485 
f 1245/1490 1241/1480 1235/1469 
f 1245/1491 1235/1468 1244/1487 
f 1246/1493 1241/1480 1245/1490 
f 1247/1494 1243/1484 1219/1430 
f 1247/1496 1244/1486 1243/1483 
f 1247/1496 1246/1492 1245/1489 
f 1247/1496 1245/1489 1244/1486 
f 1248/1499 1246/1492 1247/1496 
f 1249/1502 1246/1492 1248/1499 
f 1250/1504 1246/1492 1249/1502 
f 1251/1505 1248/1497 1247/1495 
f 1252/1508 1248/1497 1251/1505 
f 1253/1509 1247/1494 1219/1430 
f 1254/1510 1251/1505 1247/1495 
f 1254/1511 1247/1494 1253/1509 
f 1255/1513 1252/1507 1251/1506 
f 1255/1512 1251/1505 1254/1510 
f 1256/1514 1248/1497 1252/1508 
f 1256/1515 1252/1507 1255/1513 
f 1257/1516 1255/1512 1254/1510 
f 1257/1516 1256/1514 1255/1512 
f 1258/1517 1256/1514 1257/1516 
f 1260/1520 1256/1514 1258/1517 
f 1261/1521 1256/1514 1260/1520 
f 1263/1523 1260/1519 1259/1518 
f 1264/1524 1260/1519 1263/1523 
f 1265/1526 1256/1514 1261/1521 
f 1266/1527 1248/1497 1256/1514 
f 1266/1527 1256/1514 1265/1526 
f 1268/1529 1265/1525 1264/1524 
f 1268/1529 1264/1524 1263/1523 
f 1268/1529 1263/1523 1262/1522 
f 1269/1530 1265/1525 1268/1529 
f 1270/1531 1265/1525 1269/1530 
f 1271/1532 1265/1525 1270/1531 
f 1272/1534 1248/1497 1266/1527 
f 1273/1535 1248/1497 1272/1534 
f 1275/1537 1268/1529 1267/1528 
f 1275/1537 1269/1530 1268/1529 
f 1276/1538 1269/1530 1275/1537 
f 1277/1540 1269/1530 1276/1538 
f 1278/1542 1271/1532 1270/1531 
f 1278/1542 1272/1533 1271/1532 
f 1279/1543 1272/1533 1278/1542 
f 1280/1544 1272/1533 1279/1543 
f 1281/1546 1248/1497 1273/1535 
f 1282/1547 1276/1538 1275/1537 
f 1282/1547 1275/1537 1274/1536 
f 1283/1548 1276/1538 1282/1547 
f 1284/1549 1276/1538 1283/1548 
f 1285/1551 1278/1541 1277/1539 
f 1286/1553 1278/1541 1285/1551 
f 1287/1554 1281/1545 1280/1544 
f 1287/1554 1280/1544 1279/1543 
f 1288/1555 1281/1545 1287/1554 
f 1289/1556 1248/1497 1281/1546 
f 1289/1557 1281/1545 1288/1555 
f 1290/1558 1249/1501 1248/1498 
f 1290/1559 1250/1503 1249/1500 
f 1291/1560 1250/1503 1290/1559 
f 1292/1561 1285/1550 1284/1549 
f 1292/1561 1284/1549 1283/1548 
f 1293/1562 1285/1550 1292/1561 
f 1294/1563 1285/1550 1293/1562 
f 1295/1564 1288/1555 1287/1554 
f 1295/1564 1287/1554 1286/1552 
f 1296/1565 1288/1555 1295/1564 
f 1297/1567 1288/1555 1296/1565 
f 1298/1568 1248/1497 1289/1556 
f 1299/1569 1294/1563 1293/1562 
f 1299/1569 1295/1564 1294/1563 
f 1299/1569 1296/1565 1295/1564 
f 1300/1570 1296/1565 1299/1569 
f 1301/1571 1296/1565 1300/1570 
f 1302/1573 1296/1565 1301/1571 
f 1303/1574 1298/1568 1297/1566 
f 1304/1575 1301/1571 1300/1570 
f 1305/1577 1301/1571 1304/1575 
f 1306/1578 1303/1574 1302/1572 
f 1308/1580 1306/1578 1305/1576 
f 1309/1582 1308/1580 1307/1579 
f 1310/1583 1303/1574 1306/1578 
f 1310/1583 1308/1580 1309/1582 
f 1310/1583 1298/1568 1303/1574 
f 1310/1583 1306/1578 1308/1580 
f 1311/1586 1290/1558 1248/1498 
f 1311/1585 1298/1568 1310/1583 
f 1311/1585 1248/1497 1298/1568 
f 1312/1588 1290/1558 1311/1586 
f 1313/1589 1310/1584 1309/1581 
f 1313/1590 1311/1585 1310/1583 
f 1313/1590 1312/1587 1311/1585 
f 1314/1591 1312/1587 1313/1590 
f 1315/1592 1313/1589 1309/1581 
f 1316/1593 1313/1589 1315/1592 
f 1317/1594 1312/1587 1314/1591 
f 1318/1595 1312/1587 1317/1594 
f 1319/1596 1313/1589 1316/1593 
f 1320/1597 1313/1589 1319/1596 
f 1323/1600 1322/1599 1321/1598 
f 1324/1601 1322/1599 1323/1600 
f 1326/1603 1324/1601 1323/1600 
f 1326/1603 1325/1602 1324/1601 
f 1327/1604 1325/1602 1326/1603 
f 1331/1608 1329/1606 1328/1605 
f 1332/1609 1329/1606 1331/1608 
f 1335/1612 1331/1608 1330/1607 
f 1335/1612 1333/1610 1332/1609 
f 1335/1612 1332/1609 1331/1608 
f 1336/1613 1333/1610 1335/1612 
f 1337/1614 1333/1610 1336/1613 
f 1338/1615 1333/1610 1337/1614 
f 1341/1618 1335/1612 1334/1611 
f 1341/1618 1336/1613 1335/1612 
f 1342/1619 1336/1613 1341/1618 
f 1343/1621 1336/1613 1342/1619 
f 1344/1623 1338/1615 1337/1614 
f 1344/1623 1339/1616 1338/1615 
f 1345/1624 1339/1616 1344/1623 
f 1346/1625 1342/1619 1341/1618 
f 1346/1625 1341/1618 1340/1617 
f 1347/1626 1342/1619 1346/1625 
f 1348/1627 1342/1619 1347/1626 
f 1349/1629 1344/1622 1343/1620 
f 1350/1631 1344/1622 1349/1629 
f 1351/1632 1339/1616 1345/1624 
f 1352/1633 1348/1627 1347/1626 
f 1352/1633 1349/1628 1348/1627 
f 1353/1634 1349/1628 1352/1633 
f 1354/1635 1349/1628 1353/1634 
f 1355/1636 1351/1632 1350/1630 
f 1356/1637 1339/1616 1351/1632 
f 1356/1637 1351/1632 1355/1636 
f 1357/1638 1339/1616 1356/1637 
f 1358/1639 1354/1635 1353/1634 
f 1358/1639 1355/1636 1354/1635 
f 1358/1639 1356/1637 1355/1636 
f 1359/1640 1356/1637 1358/1639 
f 1360/1641 1356/1637 1359/1640 
f 1361/1642 1356/1637 1360/1641 
f 1362/1643 1360/1641 1359/1640 
f 1363/1644 1360/1641 1362/1643 
f 1364/1646 1325/1602 1327/1604 
f 1365/1648 1325/1602 1364/1646 
f 1366/1650 1365/1647 1364/1645 
f 1367/1652 1365/1647 1366/1650 
f 1368/1653 1367/1651 1366/1649 
f 1369/1654 1367/1651 1368/1653 
f 1372/1657 1371/1656 1370/1655 
f 1373/1658 1371/1656 1372/1657 
f 1376/1662 1375/1660 1374/1659 
f 1377/1664 1375/1660 1376/1662 
f 1378/1666 1377/1663 1376/1661 
f 1379/1668 1377/1663 1378/1666 
f 1380/1670 1379/1667 1378/1665 
f 1381/1672 1379/1667 1380/1670 
f 1382/1674 1381/1671 1380/1669 
f 1383/1676 1381/1671 1382/1674 
f 1387/1680 1385/1678 1384/1677 
f 1388/1681 1385/1678 1387/1680 
f 1390/1683 1387/1680 1386/1679 
f 1391/1684 1387/1680 1390/1683 
f 1392/1685 1389/1682 1388/1681 
f 1393/1686 1389/1682 1392/1685 
f 1395/1688 1383/1675 1382/1673 
f 1396/1689 1392/1685 1391/1684 
f 1397/1690 1392/1685 1396/1689 
f 1398/1691 1395/1688 1394/1687 
f 1398/1691 1383/1675 1395/1688 
f 1399/1692 1383/1675 1398/1691 
f 1400/1693 1398/1691 1394/1687 
f 1401/1694 1398/1691 1400/1693 
f 1402/1695 1398/1691 1401/1694 
f 1405/1698 1404/1697 1403/1696 
f 1406/1699 1404/1697 1405/1698 
f 1412/1705 1410/1703 1409/1702 
f 1413/1706 1410/1703 1412/1705 
f 1415/1708 1412/1705 1411/1704 
f 1416/1709 1412/1705 1415/1708 
f 1417/1710 1414/1707 1413/1706 
f 1418/1711 1414/1707 1417/1710 
f 1419/1713 1408/1701 1407/1700 
f 1420/1715 1408/1701 1419/1713 
f 1421/1716 1417/1710 1416/1709 
f 1422/1717 1417/1710 1421/1716 
f 1423/1719 1420/1714 1419/1712 
f 1425/1721 1424/1720 1423/1718 
f 1427/1723 1426/1722 1425/1721 
f 1429/1725 1428/1724 1427/1723 
f 1431/1727 1423/1719 1419/1712 
f 1432/1729 1430/1726 1429/1725 
f 1432/1728 1423/1719 1431/1727 
f 1432/1729 1425/1721 1423/1718 
f 1432/1729 1429/1725 1427/1723 
f 1432/1729 1427/1723 1425/1721 
f 1433/1731 1430/1726 1432/1729 
f 1434/1732 1432/1728 1431/1727 
f 1434/1732 1433/1730 1432/1728 
f 1435/1734 1433/1730 1434/1732 
f 1436/1736 1433/1730 1435/1734 
f 1437/1737 1435/1734 1434/1732 
f 1437/1738 1436/1735 1435/1733 
f 1438/1740 1436/1735 1437/1738 
f 1439/1742 1437/1737 1434/1732 
f 1439/1742 1438/1739 1437/1737 
f 1440/1744 1438/1739 1439/1742 
f 1441/1745 1440/1743 1439/1741 
f 1442/1748 1440/1743 1441/1745 
f 1443/1749 1441/1745 1439/1741 
f 1444/1751 1442/1747 1441/1746 
f 1444/1753 1441/1745 1443/1749 
f 1445/1755 1442/1747 1444/1751 
f 1446/1756 1443/1749 1439/1741 
f 1447/1758 1444/1751 1443/1750 
f 1447/1760 1443/1749 1446/1756 
f 1448/1761 1445/1754 1444/1752 
f 1448/1762 1444/1751 1447/1758 
f 1449/1764 1445/1754 1448/1761 
f 1450/1765 1439/1742 1434/1732 
f 1450/1766 1446/1756 1439/1741 
f 1451/1767 1447/1758 1446/1757 
f 1451/1769 1446/1756 1450/1766 
f 1452/1770 1448/1761 1447/1759 
f 1452/1771 1447/1758 1451/1767 
f 1453/1772 1449/1763 1448/1762 
f 1453/1773 1448/1761 1452/1770 
f 1454/1774 1449/1763 1453/1772 
f 1455/1775 1450/1765 1434/1732 
f 1455/1775 1451/1767 1450/1765 
f 1456/1777 1452/1770 1451/1768 
f 1456/1778 1451/1767 1455/1775 
f 1457/1779 1453/1772 1452/1771 
f 1457/1780 1452/1770 1456/1777 
f 1458/1781 1453/1772 1457/1779 
f 1459/1783 1455/1775 1434/1732 
f 1460/1784 1456/1777 1455/1776 
f 1460/1785 1455/1775 1459/1783 
f 1461/1786 1457/1779 1456/1778 
f 1461/1787 1456/1777 1460/1784 
f 1462/1788 1457/1779 1461/1786 
f 1463/1790 1460/1784 1459/1782 
f 1464/1791 1461/1786 1460/1785 
f 1464/1792 1460/1784 1463/1790 
f 1465/1793 1461/1786 1464/1791 
f 1466/1795 1464/1791 1463/1789 
f 1467/1797 1464/1791 1466/1795 
f 1468/1798 1467/1796 1466/1794 
f 1469/1799 1467/1796 1468/1798 
f 1471/1802 1469/1799 1468/1798 
f 1472/1804 1470/1801 1469/1800 
f 1472/1803 1469/1799 1471/1802 
f 1473/1805 1470/1801 1472/1804 
f 1474/1806 1472/1803 1471/1802 
f 1475/1807 1472/1803 1474/1806 
f 1478/1810 1477/1809 1476/1808 
f 1479/1811 1477/1809 1478/1810 
f 1482/1814 1481/1813 1480/1812 
f 1483/1815 1481/1813 1482/1814 
f 1486/1819 1485/1817 1484/1816 
f 1487/1821 1485/1817 1486/1819 
f 1489/1823 1487/1820 1486/1818 
f 1490/1825 1488/1822 1487/1821 
f 1490/1824 1487/1820 1489/1823 
f 1491/1827 1488/1822 1490/1825 
f 1493/1830 1490/1824 1489/1823 
f 1493/1830 1491/1826 1490/1824 
f 1494/1832 1491/1826 1493/1830 
f 1495/1834 1492/1828 1491/1827 
f 1495/1833 1491/1826 1494/1832 
f 1496/1836 1492/1828 1495/1834 
f 1497/1837 1494/1831 1493/1829 
f 1498/1839 1495/1833 1494/1832 
f 1498/1838 1494/1831 1497/1837 
f 1498/1839 1496/1835 1495/1833 
f 1499/1841 1496/1835 1498/1839 
f 1500/1842 1499/1840 1498/1838 
f 1501/1844 1496/1835 1499/1841 
f 1501/1843 1499/1840 1500/1842 
f 1502/1846 1496/1835 1501/1844 
f 1503/1847 1502/1845 1501/1843 
f 1504/1849 1496/1835 1502/1846 
f 1504/1848 1502/1845 1503/1847 
f 1505/1851 1496/1835 1504/1849 
f 1506/1852 1505/1850 1504/1848 
f 1507/1854 1496/1835 1505/1851 
f 1507/1853 1505/1850 1506/1852 
f 1508/1856 1496/1835 1507/1854 
f 1509/1857 1508/1855 1507/1853 
f 1510/1858 1508/1855 1509/1857 
f 1511/1859 1508/1855 1510/1858 
f 1512/1860 1508/1855 1511/1859 
f 1513/1862 1508/1855 1512/1860 
f 1514/1864 1508/1855 1513/1862 
f 1515/1865 1514/1863 1513/1861 
f 1516/1867 1514/1863 1515/1865 
f 1517/1869 1514/1863 1516/1867 
f 1519/1872 1517/1868 1516/1866 
f 1520/1873 1517/1868 1519/1872 
f 1522/1875 1519/1871 1518/1870 
f 1523/1876 1519/1871 1522/1875 
f 1525/1878 1522/1875 1521/1874 
f 1526/1879 1522/1875 1525/1878 
f 1528/1881 1525/1878 1524/1877 
f 1529/1882 1525/1878 1528/1881 
f 1530/1883 1528/1881 1527/1880 
f 1531/1884 1528/1881 1530/1883 
f 1534/1887 1533/1886 1532/1885 
f 1535/1888 1533/1886 1534/1887 
f 1538/1891 1537/1890 1536/1889 
f 1539/1892 1537/1890 1538/1891 
f 1542/1895 1541/1894 1540/1893 
f 1543/1896 1541/1894 1542/1895 
f 1546/1900 1545/1898 1544/1897 
f 1547/1902 1545/1898 1546/1900 
f 1548/1903 1547/1901 1546/1899 
f 1549/1904 1547/1901 1548/1903 
f 1550/1906 1547/1901 1549/1904 
f 1551/1908 1547/1901 1550/1906 
f 1553/1911 1551/1907 1550/1905 
f 1554/1912 1551/1907 1553/1911 
f 1556/1914 1553/1910 1552/1909 
f 1557/1915 1553/1910 1556/1914 
f 1559/1917 1556/1914 1555/1913 
f 1560/1918 1556/1914 1559/1917 
f 1562/1920 1559/1917 1558/1916 
f 1563/1921 1559/1917 1562/1920 
f 1565/1923 1562/1920 1561/1919 
f 1566/1924 1562/1920 1565/1923 
f 1567/1925 1565/1923 1564/1922 
f 1568/1926 1565/1923 1567/1925 
f 1571/1929 1570/1928 1569/1927 
f 1573/1931 1571/1929 1569/1927 
f 1573/1931 1572/1930 1571/1929 
f 1574/1932 1572/1930 1573/1931 
f 1575/1933 1572/1930 1574/1932 
f 1578/1936 1577/1935 1576/1934 
f 1579/1937 1577/1935 1578/1936 
f 1582/1940 1581/1939 1580/1938 
f 1583/1941 1581/1939 1582/1940 
f 1585/1943 1584/1942 1583/1941 
f 1586/1944 1584/1942 1585/1943 
f 1589/1947 1588/1946 1587/1945 
f 1590/1948 1588/1946 1589/1947 
f 1593/1951 1592/1950 1591/1949 
f 1595/1953 1594/1952 1593/1951 
f 1597/1955 1596/1954 1595/1953 
f 1599/1957 1593/1951 1591/1949 
f 1599/1957 1598/1956 1597/1955 
f 1599/1957 1597/1955 1595/1953 
f 1599/1957 1595/1953 1593/1951 
f 1600/1958 1598/1956 1599/1957 
f 1602/1960 1598/1956 1600/1958 
f 1603/1961 1598/1956 1602/1960 
f 1603/1961 1602/1960 1601/1959 
f 1604/1962 1598/1956 1603/1961 
f 1605/1963 1598/1956 1604/1962 
f 1606/1964 1603/1961 1601/1959 
f 1607/1965 1606/1964 1601/1959 
f 1608/1966 1606/1964 1607/1965 
f 1611/1969 1610/1968 1609/1967 
f 1612/1970 1610/1968 1611/1969 
f 1615/1974 1614/1972 1613/1971 
f 1616/1976 1614/1972 1615/1974 
f 1618/1978 1616/1975 1615/1973 
f 1618/1978 1617/1977 1616/1975 
f 1622/1982 1619/1979 1618/1978 
f 1622/1982 1618/1978 1615/1973 
f 1623/1983 1619/1979 1622/1982 
f 1624/1984 1621/1981 1620/1980 
f 1625/1985 1621/1981 1624/1984 
f 1627/1987 1619/1979 1623/1983 
f 1628/1988 1619/1979 1627/1987 
f 1628/1988 1627/1987 1626/1986 
f 1629/1989 1619/1979 1628/1988 
f 1630/1990 1628/1988 1626/1986 
f 1631/1991 1628/1988 1630/1990 
f 1634/1994 1633/1993 1632/1992 
f 1635/1995 1633/1993 1634/1994 
f 1638/1998 1637/1997 1636/1996 
f 1639/1999 1637/1997 1638/1998 
f 1640/2000 1637/1997 1639/1999 
f 1643/2003 1642/2002 1641/2001 
f 1644/2004 1642/2002 1643/2003 
f 1648/2008 1646/2006 1645/2005 
f 1648/2008 1647/2007 1646/2006 
f 1649/2009 1647/2007 1648/2008 
f 1652/2012 1651/2011 1650/2010 
f 1653/2013 1651/2011 1652/2012 
f 1656/2016 1655/2015 1654/2014 
f 1657/2017 1655/2015 1656/2016 
f 1660/2020 1659/2019 1658/2018 
f 1661/2021 1659/2019 1660/2020 
f 1664/2024 1663/2023 1662/2022 
f 1665/2025 1663/2023 1664/2024 
f 1668/2028 1667/2027 1666/2026 
f 1669/2029 1667/2027 1668/2028 
f 1672/2032 1671/2031 1670/2030 
f 1674/2034 1672/2032 1670/2030 
f 1674/2034 1673/2033 1672/2032 
f 1675/2035 1673/2033 1674/2034 
f 1676/2036 1673/2033 1675/2035 
f 1679/2039 1678/2038 1677/2037 
f 1680/2040 1678/2038 1679/2039 
f 1684/2044 1682/2042 1681/2041 
f 1685/2045 1682/2042 1684/2044 
f 1688/2048 1684/2044 1683/2043 
f 1688/2048 1686/2046 1685/2045 
f 1688/2048 1685/2045 1684/2044 
f 1689/2049 1686/2046 1688/2048 
f 1692/2052 1688/2048 1687/2047 
f 1692/2052 1690/2050 1689/2049 
f 1692/2052 1689/2049 1688/2048 
f 1693/2053 1690/2050 1692/2052 
f 1694/2054 1690/2050 1693/2053 
f 1695/2055 1692/2052 1691/2051 
f 1695/2055 1693/2053 1692/2052 
f 1696/2056 1693/2053 1695/2055 
f 1697/2057 1693/2053 1696/2056 
f 1698/2058 1690/2050 1694/2054 
f 1699/2059 1697/2057 1696/2056 
f 1699/2059 1698/2058 1697/2057 
f 1700/2060 1698/2058 1699/2059 
f 1701/2061 1690/2050 1698/2058 
f 1701/2061 1698/2058 1700/2060 
f 1702/2062 1690/2050 1701/2061 
f 1703/2063 1701/2061 1700/2060 
f 1704/2064 1701/2061 1703/2063 
f 1705/2065 1701/2061 1704/2064 
f 1706/2066 1701/2061 1705/2065 
f 1707/2067 1705/2065 1704/2064 
f 1708/2068 1705/2065 1707/2067 
f 1709/2069 1705/2065 1708/2068 
f 1713/2074 1711/2071 1710/2070 
f 1714/2075 1712/2073 1711/2072 
f 1714/2076 1711/2071 1713/2074 
f 1715/2077 1712/2073 1714/2075 
f 1719/2081 1717/2079 1716/2078 
f 1720/2082 1717/2079 1719/2081 
f 1723/2085 1719/2081 1718/2080 
f 1723/2085 1721/2083 1720/2082 
f 1723/2085 1720/2082 1719/2081 
f 1724/2086 1721/2083 1723/2085 
f 1727/2089 1723/2085 1722/2084 
f 1727/2089 1725/2087 1724/2086 
f 1727/2089 1724/2086 1723/2085 
f 1728/2090 1725/2087 1727/2089 
f 1729/2091 1725/2087 1728/2090 
f 1730/2092 1725/2087 1729/2091 
f 1732/2094 1727/2089 1726/2088 
f 1732/2094 1728/2090 1727/2089 
f 1733/2095 1728/2090 1732/2094 
f 1734/2096 1728/2090 1733/2095 
f 1735/2097 1731/2093 1730/2092 
f 1735/2097 1730/2092 1729/2091 
f 1736/2098 1731/2093 1735/2097 
f 1737/2099 1731/2093 1736/2098 
f 1738/2100 1734/2096 1733/2095 
f 1738/2100 1736/2098 1735/2097 
f 1738/2100 1735/2097 1734/2096 
f 1739/2101 1736/2098 1738/2100 
f 1740/2102 1736/2098 1739/2101 
f 1741/2103 1736/2098 1740/2102 
f 1742/2104 1740/2102 1739/2101 
f 1743/2105 1740/2102 1742/2104 
f 1744/2106 1740/2102 1743/2105 
f 1745/2107 1740/2102 1744/2106 
f 1746/2108 1744/2106 1743/2105 
f 1747/2109 1744/2106 1746/2108 
f 1751/2113 1749/2111 1748/2110 
f 1752/2114 1749/2111 1751/2113 
f 1753/2115 1751/2113 1750/2112 
f 1754/2116 1751/2113 1753/2115 
f 1757/2119 1756/2118 1755/2117 
f 1758/2120 1756/2118 1757/2119 
f 1761/2123 1760/2122 1759/2121 
f 1762/2124 1760/2122 1761/2123 
f 1763/2125 1764/2126 1765/2127 
f 1765/2127 1764/2126 1766/2128 
f 1767/2129 1768/2130 1769/2131 
f 1769/2131 1768/2130 1770/2132 
f 1771/2133 1772/2134 1774/2136 
f 1774/2136 1772/2134 1775/2137 
f 1773/2135 1774/2136 1776/2138 
f 1776/2138 1774/2136 1777/2139 
f 1778/2140 1779/2141 1781/2144 
f 1779/2142 1780/2143 1782/2145 
f 1781/2144 1779/2141 1782/2146 
f 1782/2145 1780/2143 1783/2147 
f 1784/2148 1785/2149 1788/2152 
f 1788/2152 1785/2149 1789/2153 
f 1786/2150 1787/2151 1791/2155 
f 1791/2155 1787/2151 1792/2156 
f 1790/2154 1791/2155 1795/2159 
f 1792/2156 1793/2157 1795/2159 
f 1791/2155 1792/2156 1795/2159 
f 1795/2159 1793/2157 1796/2160 
f 1794/2158 1795/2159 1799/2163 
f 1796/2160 1797/2161 1799/2163 
f 1795/2159 1796/2160 1799/2163 
f 1799/2163 1797/2161 1800/2164 
f 1800/2164 1797/2161 1801/2165 
f 1801/2165 1797/2161 1802/2166 
f 1798/2162 1799/2163 1804/2168 
f 1799/2163 1800/2164 1804/2168 
f 1804/2168 1800/2164 1805/2169 
f 1805/2169 1800/2164 1806/2170 
f 1802/2166 1803/2167 1807/2171 
f 1801/2165 1802/2166 1807/2171 
f 1807/2171 1803/2167 1808/2172 
f 1808/2172 1803/2167 1809/2173 
f 1805/2169 1806/2170 1810/2174 
f 1807/2171 1808/2172 1810/2174 
f 1806/2170 1807/2171 1810/2174 
f 1810/2174 1808/2172 1811/2175 
f 1811/2175 1808/2172 1812/2176 
f 1812/2176 1808/2172 1813/2177 
f 1811/2175 1812/2176 1814/2178 
f 1814/2178 1812/2176 1815/2179 
f 1815/2179 1812/2176 1816/2180 
f 1816/2180 1812/2176 1817/2181 
f 1815/2179 1816/2180 1818/2182 
f 1818/2182 1816/2180 1819/2183 
f 1820/2184 1821/2185 1823/2187 
f 1823/2187 1821/2185 1824/2188 
f 1822/2186 1823/2187 1827/2191 
f 1824/2188 1825/2189 1827/2191 
f 1823/2187 1824/2188 1827/2191 
f 1827/2191 1825/2189 1828/2192 
f 1826/2190 1827/2191 1831/2195 
f 1828/2192 1829/2193 1831/2195 
f 1827/2191 1828/2192 1831/2195 
f 1831/2195 1829/2193 1832/2196 
f 1832/2196 1829/2193 1833/2197 
f 1830/2194 1831/2195 1834/2198 
f 1831/2195 1832/2196 1834/2198 
f 1834/2198 1832/2196 1835/2199 
f 1835/2199 1832/2196 1836/2200 
f 1833/2197 1829/2193 1837/2201 
f 1835/2199 1836/2200 1838/2202 
f 1836/2200 1837/2201 1838/2202 
f 1838/2202 1837/2201 1839/2203 
f 1837/2201 1829/2193 1840/2204 
f 1839/2203 1837/2201 1840/2204 
f 1840/2204 1829/2193 1841/2205 
f 1839/2203 1840/2204 1842/2206 
f 1842/2206 1840/2204 1843/2207 
f 1843/2207 1840/2204 1844/2208 
f 1844/2208 1840/2204 1845/2209 
f 1843/2207 1844/2208 1846/2210 
f 1846/2210 1844/2208 1847/2211 
f 1847/2211 1844/2208 1848/2212 
f 1849/2213 1850/2214 1851/2215 
f 1851/2215 1850/2214 1852/2216 
f 1853/2217 1854/2218 1855/2219 
f 1853/2217 1855/2219 1857/2221 
f 1855/2219 1856/2220 1857/2221 
f 1857/2221 1856/2220 1858/2222 
f 1858/2222 1856/2220 1859/2223 
f 1860/2224 1861/2225 1862/2226 
f 1862/2226 1861/2225 1863/2227 
f 1864/2228 1865/2229 1866/2230 
f 1866/2230 1865/2229 1867/2231 
f 1868/2232 1869/2233 1870/2234 
f 1870/2234 1869/2233 1871/2235 
f 1872/2236 1873/2237 1874/2238 
f 1874/2238 1873/2237 1875/2239 
f 1876/2240 1877/2241 1878/2242 
f 1878/2242 1877/2241 1879/2243 
f 1880/2244 1881/2245 1882/2246 
f 1882/2246 1881/2245 1883/2247 
f 1883/2247 1881/2245 1884/2248 
f 1885/2249 1886/2250 1887/2251 
f 1887/2251 1886/2250 1888/2252 
f 1889/2253 1890/2254 1892/2256 
f 1890/2254 1891/2255 1892/2256 
f 1892/2256 1891/2255 1893/2257 
f 1894/2258 1895/2259 1896/2260 
f 1896/2260 1895/2259 1897/2261 
f 1898/2262 1899/2263 1900/2264 
f 1900/2264 1899/2263 1901/2265 
f 1902/2266 1903/2267 1904/2269 
f 1904/2269 1903/2267 1905/2271 
f 1904/2268 1905/2270 1907/2273 
f 1905/2270 1906/2272 1907/2273 
f 1907/2273 1908/2274 1911/2277 
f 1904/2268 1907/2273 1911/2277 
f 1911/2277 1908/2274 1912/2278 
f 1909/2275 1910/2276 1913/2279 
f 1913/2279 1910/2276 1914/2280 
f 1912/2278 1908/2274 1916/2282 
f 1916/2282 1908/2274 1917/2283 
f 1915/2281 1916/2282 1917/2283 
f 1917/2283 1908/2274 1918/2284 
f 1915/2281 1917/2283 1919/2285 
f 1919/2285 1917/2283 1920/2286 
f 1921/2287 1922/2288 1923/2289 
f 1923/2289 1924/2290 1925/2291 
f 1925/2291 1926/2292 1927/2293 
f 1921/2287 1923/2289 1929/2295 
f 1927/2293 1928/2294 1929/2295 
f 1925/2291 1927/2293 1929/2295 
f 1923/2289 1925/2291 1929/2295 
f 1929/2295 1928/2294 1930/2296 
f 1930/2296 1928/2294 1932/2298 
f 1932/2298 1928/2294 1933/2299 
f 1931/2297 1932/2298 1933/2299 
f 1933/2299 1928/2294 1934/2300 
f 1934/2300 1928/2294 1935/2301 
f 1931/2297 1933/2299 1936/2302 
f 1931/2297 1936/2302 1937/2303 
f 1937/2303 1936/2302 1938/2304 
f 1939/2305 1940/2306 1941/2307 
f 1939/2305 1941/2307 1943/2309 
f 1941/2307 1942/2308 1943/2309 
f 1943/2309 1942/2308 1944/2310 
f 1944/2310 1942/2308 1945/2311 
f 1946/2312 1947/2313 1948/2314 
f 1948/2314 1947/2313 1949/2315 
f 1950/2316 1951/2317 1952/2318 
f 1952/2318 1951/2317 1953/2319 
f 1953/2319 1954/2320 1955/2321 
f 1955/2321 1954/2320 1956/2322 
f 1957/2323 1958/2324 1959/2325 
f 1959/2325 1958/2324 1960/2326 
f 1961/2327 1962/2328 1963/2329 
f 1963/2329 1962/2328 1964/2330 
f 1965/2331 1966/2332 1967/2334 
f 1967/2334 1966/2332 1968/2336 
f 1967/2333 1968/2335 1969/2337 
f 1969/2337 1968/2335 1970/2338 
f 1970/2338 1968/2335 1971/2340 
f 1971/2340 1968/2335 1972/2342 
f 1971/2339 1972/2341 1974/2345 
f 1974/2345 1972/2341 1975/2346 
f 1973/2343 1974/2344 1977/2348 
f 1977/2348 1974/2344 1978/2349 
f 1976/2347 1977/2348 1980/2351 
f 1980/2351 1977/2348 1981/2352 
f 1979/2350 1980/2351 1983/2354 
f 1983/2354 1980/2351 1984/2355 
f 1982/2353 1983/2354 1986/2357 
f 1986/2357 1983/2354 1987/2358 
f 1985/2356 1986/2357 1988/2359 
f 1988/2359 1986/2357 1989/2360 
f 1990/2361 1991/2362 1992/2363 
f 1992/2363 1991/2362 1993/2364 
f 1994/2365 1995/2366 1996/2368 
f 1996/2368 1995/2366 1997/2370 
f 1996/2367 1997/2369 1999/2372 
f 1997/2370 1998/2371 2000/2374 
f 1999/2372 1997/2369 2000/2373 
f 2000/2374 1998/2371 2001/2376 
f 1999/2372 2000/2373 2003/2379 
f 2000/2373 2001/2375 2003/2379 
f 2003/2379 2001/2375 2004/2381 
f 2001/2376 2002/2377 2005/2383 
f 2004/2381 2001/2375 2005/2382 
f 2005/2383 2002/2377 2006/2385 
f 2003/2378 2004/2380 2007/2386 
f 2004/2381 2005/2382 2008/2388 
f 2007/2386 2004/2380 2008/2387 
f 2005/2382 2006/2384 2008/2388 
f 2008/2388 2006/2384 2009/2390 
f 2008/2387 2009/2389 2010/2391 
f 2009/2390 2006/2384 2011/2393 
f 2010/2391 2009/2389 2011/2392 
f 2011/2393 2006/2384 2012/2395 
f 2011/2392 2012/2394 2013/2396 
f 2012/2395 2006/2384 2014/2398 
f 2013/2396 2012/2394 2014/2397 
f 2014/2398 2006/2384 2015/2400 
f 2014/2397 2015/2399 2016/2401 
f 2015/2400 2006/2384 2017/2403 
f 2016/2401 2015/2399 2017/2402 
f 2017/2403 2006/2384 2018/2405 
f 2017/2402 2018/2404 2019/2406 
f 2019/2406 2018/2404 2020/2407 
f 2020/2407 2018/2404 2021/2408 
f 2021/2408 2018/2404 2022/2409 
f 2022/2409 2018/2404 2023/2411 
f 2023/2411 2018/2404 2024/2413 
f 2023/2410 2024/2412 2025/2414 
f 2025/2414 2024/2412 2026/2416 
f 2026/2416 2024/2412 2027/2418 
f 2026/2415 2027/2417 2029/2421 
f 2029/2421 2027/2417 2030/2422 
f 2028/2419 2029/2420 2032/2424 
f 2032/2424 2029/2420 2033/2425 
f 2031/2423 2032/2424 2035/2427 
f 2035/2427 2032/2424 2036/2428 
f 2034/2426 2035/2427 2038/2430 
f 2038/2430 2035/2427 2039/2431 
f 2037/2429 2038/2430 2040/2432 
f 2040/2432 2038/2430 2041/2433 
f 2042/2434 2043/2435 2044/2436 
f 2044/2436 2043/2435 2045/2437 
f 2046/2438 2047/2439 2048/2440 
f 2048/2440 2047/2439 2049/2441 
f 2050/2442 2051/2443 2052/2444 
f 2052/2444 2051/2443 2053/2445 
f 2056/2448 2057/2449 2059/2451 
f 2059/2451 2057/2449 2060/2452 
f 2058/2450 2059/2451 2062/2454 
f 2062/2454 2059/2451 2063/2455 
f 2060/2452 2061/2453 2064/2456 
f 2064/2456 2061/2453 2065/2457 
f 2054/2446 2055/2447 2066/2459 
f 2066/2459 2055/2447 2067/2461 
f 2063/2455 2064/2456 2068/2462 
f 2068/2462 2064/2456 2069/2463 
f 2066/2458 2067/2460 2070/2465 
f 2070/2464 2071/2466 2072/2467 
f 2072/2467 2073/2468 2074/2469 
f 2074/2469 2075/2470 2076/2471 
f 2066/2458 2070/2465 2078/2473 
f 2076/2471 2077/2472 2079/2475 
f 2078/2473 2070/2465 2079/2474 
f 2070/2464 2072/2467 2079/2475 
f 2074/2469 2076/2471 2079/2475 
f 2072/2467 2074/2469 2079/2475 
f 2079/2475 2077/2472 2080/2477 
f 2078/2473 2079/2474 2081/2478 
f 2079/2474 2080/2476 2081/2478 
f 2081/2478 2080/2476 2082/2480 
f 2082/2480 2080/2476 2083/2482 
f 2081/2478 2082/2480 2084/2483 
f 2082/2479 2083/2481 2084/2484 
f 2084/2484 2083/2481 2085/2486 
f 2081/2478 2084/2483 2086/2488 
f 2084/2483 2085/2485 2086/2488 
f 2086/2488 2085/2485 2087/2490 
f 2086/2487 2087/2489 2088/2491 
f 2088/2491 2087/2489 2089/2494 
f 2086/2487 2088/2491 2090/2495 
f 2088/2492 2089/2493 2091/2497 
f 2090/2495 2088/2491 2091/2499 
f 2091/2497 2089/2493 2092/2501 
f 2086/2487 2090/2495 2093/2502 
f 2090/2496 2091/2497 2094/2504 
f 2093/2502 2090/2495 2094/2506 
f 2091/2498 2092/2500 2095/2507 
f 2094/2504 2091/2497 2095/2508 
f 2095/2507 2092/2500 2096/2510 
f 2081/2478 2086/2488 2097/2511 
f 2086/2487 2093/2502 2097/2512 
f 2093/2503 2094/2504 2098/2513 
f 2097/2512 2093/2502 2098/2515 
f 2094/2505 2095/2507 2099/2516 
f 2098/2513 2094/2504 2099/2517 
f 2095/2508 2096/2509 2100/2518 
f 2099/2516 2095/2507 2100/2519 
f 2100/2518 2096/2509 2101/2520 
f 2081/2478 2097/2511 2102/2521 
f 2097/2511 2098/2513 2102/2521 
f 2098/2514 2099/2516 2103/2523 
f 2102/2521 2098/2513 2103/2524 
f 2099/2517 2100/2518 2104/2525 
f 2103/2523 2099/2516 2104/2526 
f 2104/2525 2100/2518 2105/2527 
f 2081/2478 2102/2521 2106/2529 
f 2102/2522 2103/2523 2107/2530 
f 2106/2529 2102/2521 2107/2531 
f 2103/2524 2104/2525 2108/2532 
f 2107/2530 2103/2523 2108/2533 
f 2108/2532 2104/2525 2109/2534 
f 2106/2528 2107/2530 2110/2536 
f 2107/2531 2108/2532 2111/2537 
f 2110/2536 2107/2530 2111/2538 
f 2111/2537 2108/2532 2112/2539 
f 2110/2535 2111/2537 2113/2541 
f 2113/2541 2111/2537 2114/2543 
f 2113/2540 2114/2542 2115/2544 
f 2115/2544 2114/2542 2116/2545 
f 2116/2545 2114/2542 2117/2546 
f 2117/2546 2114/2542 2118/2547 
f 2119/2548 2120/2549 2121/2550 
f 2121/2550 2120/2549 2122/2551 
f 2123/2552 2124/2553 2125/2554 
f 2125/2554 2124/2553 2126/2555 
f 2125/2554 2126/2555 2128/2557 
f 2126/2555 2127/2556 2128/2557 
f 2128/2557 2127/2556 2129/2558 
f 2130/2559 2131/2560 2133/2562 
f 2133/2562 2131/2560 2134/2563 
f 2132/2561 2133/2562 2137/2566 
f 2134/2563 2135/2564 2137/2566 
f 2133/2562 2134/2563 2137/2566 
f 2137/2566 2135/2564 2138/2567 
f 2138/2567 2135/2564 2139/2568 
f 2139/2568 2135/2564 2140/2569 
f 2136/2565 2137/2566 2143/2572 
f 2137/2566 2138/2567 2143/2572 
f 2143/2572 2138/2567 2144/2573 
f 2144/2573 2138/2567 2145/2575 
f 2139/2568 2140/2569 2146/2577 
f 2140/2569 2141/2570 2146/2577 
f 2146/2577 2141/2570 2147/2578 
f 2143/2572 2144/2573 2148/2579 
f 2142/2571 2143/2572 2148/2579 
f 2148/2579 2144/2573 2149/2580 
f 2149/2580 2144/2573 2150/2581 
f 2145/2574 2146/2576 2151/2583 
f 2151/2583 2146/2576 2152/2585 
f 2147/2578 2141/2570 2153/2586 
f 2149/2580 2150/2581 2154/2587 
f 2150/2581 2151/2582 2154/2587 
f 2154/2587 2151/2582 2155/2588 
f 2155/2588 2151/2582 2156/2589 
f 2152/2584 2153/2586 2157/2590 
f 2153/2586 2141/2570 2158/2591 
f 2157/2590 2153/2586 2158/2591 
f 2158/2591 2141/2570 2159/2592 
f 2155/2588 2156/2589 2160/2593 
f 2156/2589 2157/2590 2160/2593 
f 2157/2590 2158/2591 2160/2593 
f 2160/2593 2158/2591 2161/2594 
f 2161/2594 2158/2591 2162/2595 
f 2162/2595 2158/2591 2163/2596 
f 2161/2594 2162/2595 2164/2597 
f 2164/2597 2162/2595 2165/2598 
f 2129/2558 2127/2556 2166/2600 
f 2166/2600 2127/2556 2167/2602 
f 2166/2599 2167/2601 2168/2604 
f 2168/2604 2167/2601 2169/2606 
f 2168/2603 2169/2605 2170/2607 
f 2170/2607 2169/2605 2171/2608 
f 2172/2609 2173/2610 2174/2611 
f 2174/2611 2173/2610 2175/2612 
f 2176/2613 2177/2614 2178/2616 
f 2178/2616 2177/2614 2179/2618 
f 2178/2615 2179/2617 2180/2620 
f 2180/2620 2179/2617 2181/2622 
f 2180/2619 2181/2621 2182/2624 
f 2182/2624 2181/2621 2183/2626 
f 2182/2623 2183/2625 2184/2628 
f 2184/2628 2183/2625 2185/2630 
f 2186/2631 2187/2632 2189/2634 
f 2189/2634 2187/2632 2190/2635 
f 2188/2633 2189/2634 2192/2637 
f 2192/2637 2189/2634 2193/2638 
f 2190/2635 2191/2636 2194/2639 
f 2194/2639 2191/2636 2195/2640 
f 2184/2627 2185/2629 2197/2642 
f 2193/2638 2194/2639 2198/2643 
f 2198/2643 2194/2639 2199/2644 
f 2196/2641 2197/2642 2200/2645 
f 2197/2642 2185/2629 2200/2645 
f 2200/2645 2185/2629 2201/2646 
f 2196/2641 2200/2645 2202/2647 
f 2202/2647 2200/2645 2203/2648 
f 2203/2648 2200/2645 2204/2649 
f 2205/2650 2206/2651 2207/2652 
f 2207/2652 2208/2653 2211/2656 
f 2209/2654 2210/2655 2212/2658 
f 2212/2658 2210/2655 2213/2661 
f 2205/2650 2207/2652 2214/2663 
f 2207/2652 2211/2656 2214/2663 
f 2214/2663 2211/2656 2215/2665 
f 2214/2662 2215/2664 2217/2667 
f 2216/2666 2217/2667 2218/2668 
f 2217/2667 2215/2664 2219/2669 
f 2218/2668 2217/2667 2219/2669 
f 2212/2659 2213/2660 2220/2670 
f 2219/2669 2215/2664 2222/2673 
f 2222/2673 2215/2664 2223/2674 
f 2223/2674 2215/2664 2224/2675 
f 2215/2665 2211/2656 2225/2676 
f 2224/2675 2215/2664 2225/2677 
f 2225/2676 2211/2656 2227/2679 
f 2211/2657 2212/2658 2228/2681 
f 2227/2679 2211/2656 2228/2682 
f 2226/2678 2227/2679 2230/2684 
f 2227/2680 2228/2681 2231/2686 
f 2230/2684 2227/2679 2231/2687 
f 2229/2683 2230/2684 2232/2689 
f 2230/2685 2231/2686 2233/2690 
f 2232/2689 2230/2684 2233/2691 
f 2229/2683 2232/2689 2234/2693 
f 2232/2688 2233/2690 2234/2694 
f 2212/2659 2220/2670 2235/2696 
f 2234/2694 2233/2690 2235/2697 
f 2228/2681 2212/2658 2235/2697 
f 2233/2690 2231/2686 2235/2697 
f 2231/2686 2228/2681 2235/2697 
f 2220/2671 2221/2672 2236/2699 
f 2235/2696 2220/2670 2236/2700 
f 2236/2699 2221/2672 2237/2702 
f 2229/2683 2234/2693 2238/2704 
f 2234/2692 2235/2695 2238/2705 
f 2236/2698 2237/2701 2238/2705 
f 2235/2695 2236/2698 2238/2705 
f 2238/2705 2237/2701 2239/2708 
f 2239/2708 2237/2701 2240/2711 
f 2240/2711 2237/2701 2241/2713 
f 2239/2707 2240/2710 2242/2714 
f 2240/2709 2241/2712 2242/2716 
f 2242/2716 2241/2712 2243/2719 
f 2242/2715 2243/2717 2245/2723 
f 2239/2707 2242/2714 2245/2721 
f 2243/2718 2244/2720 2246/2724 
f 2245/2723 2243/2717 2246/2726 
f 2245/2722 2246/2725 2247/2727 
f 2246/2724 2244/2720 2247/2728 
f 2247/2728 2244/2720 2248/2729 
f 2245/2722 2247/2727 2249/2731 
f 2245/2722 2249/2731 2251/2733 
f 2249/2730 2250/2732 2251/2734 
f 2251/2734 2250/2732 2252/2735 
f 2229/2683 2238/2704 2253/2737 
f 2238/2703 2239/2706 2253/2738 
f 2239/2707 2245/2721 2254/2740 
f 2253/2738 2239/2706 2254/2741 
f 2245/2722 2251/2733 2255/2743 
f 2254/2740 2245/2721 2255/2744 
f 2255/2743 2251/2733 2256/2746 
f 2229/2683 2253/2737 2257/2747 
f 2253/2736 2254/2739 2257/2749 
f 2255/2742 2256/2745 2257/2749 
f 2254/2739 2255/2742 2257/2749 
f 2257/2749 2256/2745 2258/2752 
f 2258/2752 2256/2745 2259/2755 
f 2259/2755 2256/2745 2260/2757 
f 2257/2748 2258/2750 2261/2758 
f 2261/2758 2258/2750 2262/2761 
f 2229/2683 2257/2747 2263/2762 
f 2257/2748 2261/2758 2264/2763 
f 2263/2762 2257/2747 2264/2764 
f 2261/2759 2262/2760 2265/2766 
f 2264/2763 2261/2758 2265/2765 
f 2262/2761 2258/2750 2266/2767 
f 2265/2766 2262/2760 2266/2768 
f 2264/2763 2265/2765 2267/2769 
f 2265/2765 2266/2767 2267/2769 
f 2267/2769 2266/2767 2268/2770 
f 2268/2770 2266/2767 2270/2773 
f 2270/2773 2266/2767 2271/2774 
f 2269/2771 2270/2772 2273/2776 
f 2273/2776 2270/2772 2274/2777 
f 2271/2774 2266/2767 2275/2779 
f 2266/2767 2258/2750 2276/2780 
f 2275/2779 2266/2767 2276/2780 
f 2274/2777 2275/2778 2278/2782 
f 2273/2776 2274/2777 2278/2782 
f 2272/2775 2273/2776 2278/2782 
f 2278/2782 2275/2778 2279/2783 
f 2279/2783 2275/2778 2280/2784 
f 2280/2784 2275/2778 2281/2785 
f 2276/2780 2258/2750 2282/2787 
f 2282/2787 2258/2750 2283/2788 
f 2277/2781 2278/2782 2285/2790 
f 2278/2782 2279/2783 2285/2790 
f 2285/2790 2279/2783 2286/2791 
f 2286/2791 2279/2783 2287/2793 
f 2280/2784 2281/2785 2288/2795 
f 2281/2785 2282/2786 2288/2795 
f 2288/2795 2282/2786 2289/2796 
f 2289/2796 2282/2786 2290/2797 
f 2283/2788 2258/2750 2291/2799 
f 2285/2790 2286/2791 2292/2800 
f 2284/2789 2285/2790 2292/2800 
f 2292/2800 2286/2791 2293/2801 
f 2293/2801 2286/2791 2294/2802 
f 2287/2792 2288/2794 2295/2804 
f 2295/2804 2288/2794 2296/2806 
f 2290/2797 2291/2798 2297/2807 
f 2289/2796 2290/2797 2297/2807 
f 2297/2807 2291/2798 2298/2808 
f 2291/2799 2258/2750 2299/2809 
f 2298/2808 2291/2798 2299/2810 
f 2258/2751 2259/2754 2300/2811 
f 2259/2753 2260/2756 2300/2812 
f 2300/2812 2260/2756 2301/2813 
f 2294/2802 2295/2803 2302/2814 
f 2293/2801 2294/2802 2302/2814 
f 2302/2814 2295/2803 2303/2815 
f 2303/2815 2295/2803 2304/2816 
f 2297/2807 2298/2808 2305/2817 
f 2296/2805 2297/2807 2305/2817 
f 2305/2817 2298/2808 2306/2818 
f 2306/2818 2298/2808 2307/2820 
f 2299/2809 2258/2750 2308/2821 
f 2303/2815 2304/2816 2309/2822 
f 2304/2816 2305/2817 2309/2822 
f 2305/2817 2306/2818 2309/2822 
f 2309/2822 2306/2818 2310/2823 
f 2310/2823 2306/2818 2311/2824 
f 2311/2824 2306/2818 2312/2826 
f 2307/2819 2308/2821 2313/2827 
f 2310/2823 2311/2824 2314/2828 
f 2314/2828 2311/2824 2315/2830 
f 2312/2825 2313/2827 2316/2831 
f 2315/2829 2316/2831 2318/2833 
f 2317/2832 2318/2833 2319/2835 
f 2316/2831 2313/2827 2320/2836 
f 2319/2835 2318/2833 2320/2836 
f 2313/2827 2308/2821 2320/2836 
f 2318/2833 2316/2831 2320/2836 
f 2258/2751 2300/2811 2321/2839 
f 2320/2836 2308/2821 2321/2838 
f 2308/2821 2258/2750 2321/2838 
f 2321/2839 2300/2811 2322/2841 
f 2319/2834 2320/2837 2323/2842 
f 2320/2836 2321/2838 2323/2843 
f 2321/2838 2322/2840 2323/2843 
f 2323/2843 2322/2840 2324/2844 
f 2319/2834 2323/2842 2325/2845 
f 2325/2845 2323/2842 2326/2846 
f 2324/2844 2322/2840 2327/2847 
f 2327/2847 2322/2840 2328/2848 
f 2326/2846 2323/2842 2329/2849 
f 2329/2849 2323/2842 2330/2850 
f 2331/2851 2332/2852 2333/2853 
f 2333/2853 2332/2852 2334/2854 
f 2339/2859 2336/2856 2335/2855 
f 2340/2860 2336/2856 2339/2859 
f 2341/2861 2338/2858 2337/2857 
f 2342/2862 2338/2858 2341/2861 
f 2347/2867 2344/2864 2343/2863 
f 2348/2868 2344/2864 2347/2867 
f 2349/2869 2346/2866 2345/2865 
f 2350/2870 2346/2866 2349/2869 
f 2359/2879 2352/2872 2351/2871 
f 2360/2880 2352/2872 2359/2879 
f 2361/2881 2354/2874 2353/2873 
f 2362/2882 2354/2874 2361/2881 
f 2363/2883 2356/2876 2355/2875 
f 2364/2884 2356/2876 2363/2883 
f 2365/2885 2358/2878 2357/2877 
f 2366/2886 2358/2878 2365/2885 
f 2375/2895 2368/2888 2367/2887 
f 2376/2896 2368/2888 2375/2895 
f 2377/2897 2370/2890 2369/2889 
f 2378/2898 2370/2890 2377/2897 
f 2379/2899 2372/2892 2371/2891 
f 2380/2900 2372/2892 2379/2899 
f 2381/2901 2374/2894 2373/2893 
f 2382/2902 2374/2894 2381/2901 
f 2391/2911 2384/2904 2383/2903 
f 2392/2912 2384/2904 2391/2911 
f 2393/2913 2386/2906 2385/2905 
f 2394/2914 2386/2906 2393/2913 
f 2395/2915 2388/2908 2387/2907 
f 2396/2916 2388/2908 2395/2915 
f 2397/2917 2390/2910 2389/2909 
f 2398/2918 2390/2910 2397/2917 
f 2407/2927 2400/2920 2399/2919 
f 2408/2928 2400/2920 2407/2927 
f 2409/2929 2402/2922 2401/2921 
f 2410/2930 2402/2922 2409/2929 
f 2411/2931 2404/2924 2403/2923 
f 2412/2932 2404/2924 2411/2931 
f 2413/2933 2406/2926 2405/2925 
f 2414/2934 2406/2926 2413/2933 
f 2428/2949 2416/2936 2415/2935 
f 2429/2950 2416/2936 2428/2949 
f 2430/2951 2420/2940 2419/2939 
f 2431/2952 2420/2940 2430/2951 
f 2432/2953 2426/2946 2425/2945 
f 2433/2954 2426/2946 2432/2953 
f 2434/2955 2418/2938 2417/2937 
f 2435/2956 2418/2938 2434/2955 
f 2438/2959 2422/2942 2421/2941 
f 2439/2960 2422/2942 2438/2959 
f 2440/2961 2424/2944 2423/2943 
f 2441/2962 2424/2944 2440/2961 
f 2444/2965 2428/2948 2427/2947 
f 2445/2966 2428/2948 2444/2965 
f 2448/2969 2447/2968 2446/2967 
f 2449/2970 2447/2968 2448/2969 
f 2451/2972 2443/2964 2442/2963 
f 2452/2973 2443/2964 2451/2972 
f 2455/2976 2437/2958 2436/2957 
f 2456/2977 2437/2958 2455/2976 
f 2458/2979 2452/2973 2451/2972 
f 2458/2979 2453/2974 2452/2973 
f 2458/2979 2451/2972 2450/2971 
f 2459/2980 2453/2974 2458/2979 
f 2460/2981 2453/2974 2459/2980 
f 2461/2982 2453/2974 2460/2981 
f 2462/2983 2457/2978 2456/2977 
f 2462/2983 2456/2977 2455/2976 
f 2462/2983 2455/2976 2454/2975 
f 2463/2984 2457/2978 2462/2983 
f 2464/2985 2457/2978 2463/2984 
f 2465/2986 2457/2978 2464/2985 
f 2468/2989 2467/2988 2466/2987 
f 2469/2990 2467/2988 2468/2989 
f 2472/2993 2460/2981 2459/2980 
f 2473/2994 2460/2981 2472/2993 
f 2478/2999 2464/2985 2463/2984 
f 2479/3000 2464/2985 2478/2999 
f 2484/3005 2471/2992 2470/2991 
f 2485/3006 2471/2992 2484/3005 
f 2486/3007 2483/3004 2482/3003 
f 2487/3008 2483/3004 2486/3007 
f 2488/3009 2475/2996 2474/2995 
f 2489/3011 2475/2996 2488/3009 
f 2493/3015 2490/3012 2489/3010 
f 2494/3016 2490/3012 2493/3015 
f 2495/3017 2477/2998 2476/2997 
f 2496/3018 2477/2998 2495/3017 
f 2497/3019 2492/3014 2491/3013 
f 2498/3020 2492/3014 2497/3019 
f 2499/3021 2481/3002 2480/3001 
f 2500/3022 2481/3002 2499/3021 
f 2509/3032 2504/3026 2503/3025 
f 2511/3035 2502/3024 2501/3023 
f 2512/3037 2502/3024 2511/3035 
f 2513/3038 2509/3032 2508/3031 
f 2514/3039 2511/3034 2510/3033 
f 2514/3039 2512/3036 2511/3034 
f 2515/3041 2502/3024 2512/3037 
f 2515/3040 2512/3036 2514/3039 
f 2516/3043 2502/3024 2515/3041 
f 2517/3044 2515/3040 2514/3039 
f 2517/3044 2516/3042 2515/3040 
f 2518/3045 2504/3026 2509/3032 
f 2518/3045 2509/3032 2513/3038 
f 2521/3048 2506/3028 2505/3027 
f 2522/3049 2516/3042 2517/3044 
f 2523/3051 2516/3042 2522/3049 
f 2524/3052 2516/3042 2523/3051 
f 2525/3054 2516/3042 2524/3052 
f 2529/3059 2519/3046 2518/3045 
f 2529/3059 2518/3045 2513/3038 
f 2530/3061 2527/3057 2526/3056 
f 2530/3060 2526/3055 2525/3054 
f 2530/3060 2525/3054 2524/3052 
f 2531/3062 2527/3057 2530/3061 
f 2534/3066 2524/3053 2523/3050 
f 2534/3067 2530/3060 2524/3052 
f 2534/3067 2531/3063 2530/3060 
f 2535/3068 2531/3063 2534/3067 
f 2538/3073 2533/3065 2532/3064 
f 2539/3075 2533/3065 2538/3073 
f 2540/3076 2535/3069 2534/3066 
f 2540/3077 2531/3063 2535/3068 
f 2541/3079 2531/3063 2540/3077 
f 2542/3080 2529/3059 2528/3058 
f 2542/3080 2519/3046 2529/3059 
f 2543/3083 2519/3046 2542/3080 
f 2544/3085 2521/3048 2520/3047 
f 2545/3087 2521/3048 2544/3085 
f 2546/3089 2537/3071 2536/3070 
f 2547/3091 2537/3071 2546/3089 
f 2548/3093 2539/3074 2538/3072 
f 2549/3095 2539/3074 2548/3093 
f 2550/3096 2527/3057 2531/3062 
f 2551/3097 2527/3057 2550/3096 
f 2552/3098 2542/3080 2528/3058 
f 2553/3099 2542/3080 2552/3098 
f 2554/3100 2543/3082 2542/3081 
f 2555/3101 2543/3082 2554/3100 
f 2556/3102 2545/3086 2544/3084 
f 2557/3103 2545/3086 2556/3102 
f 2558/3105 2547/3090 2546/3088 
f 2559/3107 2547/3090 2558/3105 
f 2560/3109 2549/3094 2548/3092 
f 2561/3111 2549/3094 2560/3109 
f 2562/3112 2531/3063 2541/3079 
f 2562/3113 2550/3096 2531/3062 
f 2563/3115 2550/3096 2562/3113 
f 2564/3117 2542/3080 2553/3099 
f 2565/3118 2554/3100 2542/3081 
f 2565/3119 2542/3080 2564/3117 
f 2566/3121 2561/3110 2560/3108 
f 2567/3123 2561/3110 2566/3121 
f 2568/3125 2559/3106 2558/3104 
f 2569/3127 2559/3106 2568/3125 
f 2570/3129 2563/3114 2562/3112 
f 2570/3129 2562/3112 2541/3079 
f 2571/3131 2563/3114 2570/3129 
f 2572/3133 2565/3118 2564/3116 
f 2573/3134 2554/3100 2565/3118 
f 2573/3134 2565/3118 2572/3133 
f 2574/3137 2569/3126 2568/3124 
f 2575/3139 2569/3126 2574/3137 
f 2576/3141 2567/3122 2566/3120 
f 2577/3143 2567/3122 2576/3141 
f 2578/3144 2571/3130 2570/3128 
f 2581/3147 2573/3135 2572/3132 
f 2582/3148 2554/3100 2573/3134 
f 2585/3151 2545/3086 2557/3103 
f 2586/3153 2575/3138 2574/3136 
f 2587/3155 2575/3138 2586/3153 
f 2588/3157 2577/3142 2576/3140 
f 2589/3159 2577/3142 2588/3157 
f 2590/3160 2541/3078 2540/3076 
f 2590/3160 2540/3076 2534/3066 
f 2591/3162 2570/3129 2541/3079 
f 2591/3163 2541/3078 2590/3160 
f 2592/3165 2583/3149 2582/3148 
f 2592/3164 2581/3147 2580/3146 
f 2592/3164 2573/3135 2581/3147 
f 2592/3165 2582/3148 2573/3134 
f 2593/3167 2583/3149 2592/3165 
f 2594/3169 2585/3151 2584/3150 
f 2595/3170 2521/3048 2545/3087 
f 2595/3171 2585/3151 2594/3169 
f 2595/3171 2545/3086 2585/3151 
f 2596/3173 2587/3154 2586/3152 
f 2597/3175 2587/3154 2596/3173 
f 2598/3176 2589/3158 2588/3156 
f 2599/3177 2589/3158 2598/3176 
f 2600/3178 2597/3174 2596/3172 
f 2601/3179 2597/3174 2600/3178 
f 2602/3180 2534/3066 2523/3050 
f 2602/3180 2590/3160 2534/3066 
f 2603/3182 2591/3162 2590/3161 
f 2603/3183 2590/3160 2602/3180 
f 2604/3184 2570/3129 2591/3162 
f 2604/3184 2591/3162 2603/3182 
f 2605/3186 2579/3145 2578/3144 
f 2605/3187 2570/3129 2604/3184 
f 2605/3186 2578/3144 2570/3128 
f 2607/3190 2602/3180 2523/3050 
f 2608/3191 2603/3182 2602/3181 
f 2608/3191 2604/3184 2603/3182 
f 2608/3192 2602/3180 2607/3190 
f 2609/3193 2604/3184 2608/3191 
f 2610/3194 2605/3186 2604/3185 
f 2610/3195 2604/3184 2609/3193 
f 2611/3196 2579/3145 2605/3186 
f 2611/3196 2605/3186 2610/3194 
f 2612/3197 2593/3166 2592/3164 
f 2612/3197 2592/3164 2580/3146 
f 2613/3198 2593/3166 2612/3197 
f 2614/3199 2607/3189 2606/3188 
f 2614/3199 2609/3193 2608/3191 
f 2614/3199 2608/3191 2607/3189 
f 2615/3200 2593/3166 2613/3198 
f 2616/3201 2593/3166 2615/3200 
f 2617/3202 2595/3170 2594/3168 
f 2618/3203 2506/3028 2521/3048 
f 2618/3203 2595/3170 2617/3202 
f 2618/3203 2521/3048 2595/3170 
f 2619/3204 2609/3193 2614/3199 
f 2620/3205 2609/3193 2619/3204 
f 2621/3208 2609/3193 2620/3205 
f 2622/3209 2620/3205 2619/3204 
f 2623/3211 2620/3205 2622/3209 
f 2624/3212 2621/3207 2620/3206 
f 2624/3213 2620/3205 2623/3211 
f 2625/3214 2615/3200 2613/3198 
f 2626/3215 2615/3200 2625/3214 
f 2627/3216 2615/3200 2626/3215 
f 2628/3217 2624/3212 2623/3210 
f 2629/3218 2621/3207 2624/3212 
f 2629/3218 2624/3212 2628/3217 
f 2630/3219 2615/3200 2627/3216 
f 2631/3220 2615/3200 2630/3219 
f 2632/3221 2506/3028 2618/3203 
f 2633/3222 2507/3030 2506/3029 
f 2633/3223 2506/3028 2632/3221 
f 2634/3224 2507/3030 2633/3222 
f 2650/3241 2639/3230 2638/3229 
f 2655/3246 2643/3234 2642/3233 
f 2656/3247 2643/3234 2655/3246 
f 2657/3248 2645/3236 2644/3235 
f 2658/3249 2645/3236 2657/3248 
f 2659/3250 2652/3243 2651/3242 
f 2660/3251 2652/3243 2659/3250 
f 2661/3252 2654/3245 2653/3244 
f 2662/3253 2654/3245 2661/3252 
f 2663/3254 2641/3232 2640/3231 
f 2664/3255 2647/3238 2646/3237 
f 2665/3256 2637/3228 2636/3226 
f 2666/3257 2637/3228 2665/3256 
f 2667/3258 2650/3241 2638/3229 
f 2668/3259 2636/3227 2635/3225 
f 2668/3260 2665/3256 2636/3226 
f 2669/3261 2665/3256 2668/3260 
f 2670/3262 2667/3258 2638/3229 
f 2671/3264 2668/3259 2635/3225 
f 2673/3266 2663/3254 2640/3231 
f 2674/3267 2663/3254 2673/3266 
f 2675/3268 2647/3238 2664/3255 
f 2676/3269 2647/3238 2675/3268 
f 2677/3270 2672/3265 2671/3263 
f 2679/3272 2667/3258 2670/3262 
f 2680/3273 2667/3258 2679/3272 
f 2681/3274 2671/3264 2635/3225 
f 2682/3275 2649/3240 2648/3239 
f 2683/3276 2671/3264 2681/3274 
f 2684/3277 2682/3275 2648/3239 
f 2685/3278 2671/3264 2683/3276 
f 2686/3279 2684/3277 2648/3239 
f 2687/3280 2671/3264 2685/3278 
f 2688/3281 2671/3264 2687/3280 
f 2689/3282 2686/3279 2648/3239 
f 2690/3283 2689/3282 2648/3239 
f 2691/3284 2671/3264 2688/3281 
f 2692/3285 2690/3283 2648/3239 
f 2693/3286 2671/3264 2691/3284 
f 2694/3287 2692/3285 2648/3239 
f 2695/3288 2671/3264 2693/3286 
f 2696/3289 2694/3287 2648/3239 
f 2697/3290 2678/3271 2677/3270 
f 2697/3290 2677/3270 2671/3263 
f 2698/3291 2678/3271 2697/3290 
f 2701/3294 2671/3264 2695/3288 
f 2701/3295 2697/3290 2671/3263 
f 2702/3296 2697/3290 2701/3295 
f 2707/3302 2701/3294 2695/3288 
f 2709/3304 2700/3293 2699/3292 
f 2710/3305 2708/3303 2707/3301 
f 2712/3307 2700/3293 2709/3304 
f 2713/3308 2704/3298 2703/3297 
f 2714/3309 2706/3300 2705/3299 
f 2719/3314 2712/3307 2709/3304 
f 2720/3315 2716/3311 2715/3310 
f 2721/3316 2716/3311 2720/3315 
f 2722/3317 2718/3313 2717/3312 
f 2723/3318 2718/3313 2722/3317 
f 2728/3323 2707/3302 2695/3288 
f 2729/3324 2711/3306 2710/3305 
f 2729/3325 2707/3302 2728/3323 
f 2729/3324 2710/3305 2707/3301 
f 2730/3326 2711/3306 2729/3324 
f 2731/3327 2719/3314 2709/3304 
f 2732/3328 2719/3314 2731/3327 
f 2733/3329 2713/3308 2703/3297 
f 2734/3330 2713/3308 2733/3329 
f 2735/3331 2725/3320 2724/3319 
f 2736/3332 2725/3320 2735/3331 
f 2737/3333 2727/3322 2726/3321 
f 2738/3334 2727/3322 2737/3333 
f 2739/3335 2706/3300 2714/3309 
f 2740/3336 2706/3300 2739/3335 
f 2741/3337 2696/3289 2648/3239 
f 2742/3338 2696/3289 2741/3337 
f 2753/3349 2744/3340 2743/3339 
f 2754/3350 2744/3340 2753/3349 
f 2757/3354 2746/3342 2745/3341 
f 2758/3356 2746/3342 2757/3354 
f 2759/3357 2750/3346 2749/3345 
f 2760/3358 2750/3346 2759/3357 
f 2761/3359 2756/3352 2755/3351 
f 2762/3360 2756/3352 2761/3359 
f 2763/3361 2748/3344 2747/3343 
f 2764/3362 2752/3348 2751/3347 
f 2765/3363 2753/3349 2743/3339 
f 2767/3365 2758/3355 2757/3353 
f 2768/3366 2763/3361 2747/3343 
f 2769/3367 2763/3361 2768/3366 
f 2770/3368 2766/3364 2765/3363 
f 2770/3368 2765/3363 2743/3339 
f 2771/3369 2766/3364 2770/3368 
f 2772/3370 2758/3355 2767/3365 
f 2773/3371 2758/3355 2772/3370 
f 2780/3378 2775/3373 2774/3372 
f 2781/3379 2775/3373 2780/3378 
f 2782/3380 2777/3375 2776/3374 
f 2783/3381 2779/3377 2778/3376 
f 2784/3382 2752/3348 2764/3362 
f 2787/3385 2780/3378 2774/3372 
f 2789/3387 2786/3384 2785/3383 
f 2790/3388 2786/3384 2789/3387 
f 2791/3390 2777/3375 2782/3380 
f 2792/3392 2777/3375 2791/3390 
f 2795/3395 2788/3386 2787/3385 
f 2795/3395 2787/3385 2774/3372 
f 2796/3396 2788/3386 2795/3395 
f 2797/3397 2792/3391 2791/3389 
f 2798/3398 2792/3391 2797/3397 
f 2799/3399 2783/3381 2778/3376 
f 2800/3400 2783/3381 2799/3399 
f 2801/3401 2794/3394 2793/3393 
f 2802/3402 2794/3394 2801/3401 
f 2803/3403 2752/3348 2784/3382 
f 2804/3404 2752/3348 2803/3403 
f 2811/3411 2806/3406 2805/3405 
f 2812/3413 2806/3406 2811/3411 
f 2813/3415 2806/3406 2812/3413 
f 2814/3416 2808/3408 2807/3407 
f 2815/3417 2810/3410 2809/3409 
f 2817/3419 2813/3414 2812/3412 
f 2818/3420 2814/3416 2807/3407 
f 2819/3421 2814/3416 2818/3420 
f 2820/3422 2810/3410 2815/3417 
f 2821/3423 2817/3419 2816/3418 
f 2822/3424 2813/3414 2817/3419 
f 2822/3424 2817/3419 2821/3423 
f 2827/3429 2810/3410 2820/3422 
f 2828/3430 2824/3426 2823/3425 
f 2829/3431 2824/3426 2828/3430 
f 2830/3432 2826/3428 2825/3427 
f 2831/3433 2810/3410 2827/3429 
f 2833/3436 2824/3426 2829/3431 
f 2834/3438 2824/3426 2833/3436 
f 2835/3439 2833/3435 2832/3434 
f 2835/3439 2834/3437 2833/3435 
f 2836/3440 2834/3437 2835/3439 
f 2837/3441 2830/3432 2825/3427 
f 2838/3442 2830/3432 2837/3441 
f 2839/3443 2810/3410 2831/3433 
f 2840/3444 2810/3410 2839/3443 
f 2845/3449 2842/3446 2841/3445 
f 2846/3450 2844/3448 2843/3447 
f 2847/3451 2845/3449 2841/3445 
f 2847/3451 2846/3450 2845/3449 
f 2848/3452 2844/3448 2846/3450 
f 2848/3452 2846/3450 2847/3451 
f 2851/3455 2850/3454 2849/3453 
f 2852/3456 2850/3454 2851/3455 
f 2853/3457 2851/3455 2849/3453 
f 2854/3458 2851/3455 2853/3457 
f 2855/3459 2850/3454 2852/3456 
f 2856/3460 2850/3454 2855/3459 
f 2861/3466 2858/3462 2857/3461 
f 2862/3468 2858/3462 2861/3466 
f 2863/3470 2860/3464 2859/3463 
f 2864/3472 2860/3464 2863/3470 
f 2865/3473 2862/3467 2861/3465 
f 2866/3475 2862/3467 2865/3473 
f 2868/3478 2864/3471 2863/3469 
f 2869/3480 2864/3471 2868/3478 
f 2870/3482 2867/3476 2866/3474 
f 2871/3484 2867/3476 2870/3482 
f 2872/3485 2869/3479 2868/3477 
f 2873/3486 2869/3479 2872/3485 
f 2874/3488 2871/3483 2870/3481 
f 2875/3490 2871/3483 2874/3488 
f 2876/3492 2869/3479 2873/3486 
f 2877/3494 2869/3479 2876/3492 
f 2878/3496 2875/3489 2874/3487 
f 2879/3498 2875/3489 2878/3496 
f 2880/3500 2879/3497 2878/3495 
f 2881/3502 2879/3497 2880/3500 
f 2882/3504 2881/3501 2880/3499 
f 2883/3506 2881/3501 2882/3504 
f 2884/3508 2877/3493 2876/3491 
f 2885/3510 2877/3493 2884/3508 
f 2886/3512 2883/3505 2882/3503 
f 2887/3514 2883/3505 2886/3512 
f 2888/3516 2885/3509 2884/3507 
f 2889/3518 2885/3509 2888/3516 
f 2890/3520 2887/3513 2886/3511 
f 2891/3522 2887/3513 2890/3520 
f 2892/3524 2889/3517 2888/3515 
f 2893/3526 2889/3517 2892/3524 
f 2894/3527 2893/3525 2892/3523 
f 2895/3529 2891/3521 2890/3519 
f 2896/3531 2891/3521 2895/3529 
f 2897/3532 2893/3525 2894/3527 
f 2899/3535 2896/3530 2895/3528 
f 2900/3536 2896/3530 2899/3535 
f 2901/3538 2893/3525 2897/3532 
f 2902/3540 2893/3525 2901/3538 
f 2903/3542 2899/3534 2898/3533 
f 2904/3544 2899/3534 2903/3542 
f 2905/3546 2902/3539 2901/3537 
f 2906/3548 2902/3539 2905/3546 
f 2907/3549 2904/3543 2903/3541 
f 2908/3550 2904/3543 2907/3549 
f 2909/3551 2906/3547 2905/3545 
f 2910/3552 2906/3547 2909/3551 
f 2913/3555 2912/3554 2911/3553 
f 2914/3556 2912/3554 2913/3555 
f 2917/3559 2916/3558 2915/3557 
f 2918/3560 2916/3558 2917/3559 
f 2921/3563 2920/3562 2919/3561 
f 2922/3564 2921/3563 2919/3561 
f 2923/3565 2922/3564 2919/3561 
f 2924/3566 2922/3564 2923/3565 
f 2927/3569 2926/3568 2925/3567 
f 2928/3570 2926/3568 2927/3569 
f 2931/3573 2930/3572 2929/3571 
f 2932/3574 2930/3572 2931/3573 
f 2935/3577 2934/3576 2933/3575 
f 2936/3578 2934/3576 2935/3577 
f 2937/3579 2938/3580 2941/3583 
f 2941/3583 2938/3580 2942/3584 
f 2939/3581 2940/3582 2943/3585 
f 2943/3585 2940/3582 2944/3586 
f 2945/3587 2946/3588 2947/3589 
f 2947/3589 2946/3588 2948/3590 
f 2949/3591 2950/3592 2951/3593 
f 2951/3593 2950/3592 2952/3594 
f 2953/3595 2954/3596 2961/3603 
f 2961/3603 2954/3596 2962/3604 
f 2955/3597 2956/3598 2963/3605 
f 2963/3605 2956/3598 2964/3606 
f 2957/3599 2958/3600 2965/3607 
f 2965/3607 2958/3600 2966/3608 
f 2959/3601 2960/3602 2967/3609 
f 2967/3609 2960/3602 2968/3610 
f 2969/3611 2970/3612 2973/3615 
f 2973/3615 2970/3612 2974/3616 
f 2971/3613 2972/3614 2975/3617 
f 2975/3617 2972/3614 2976/3618 
f 2977/3619 2978/3620 2981/3623 
f 2981/3623 2978/3620 2982/3624 
f 2979/3621 2980/3622 2983/3625 
f 2983/3625 2980/3622 2984/3626 
f 2985/3627 2986/3628 2987/3629 
f 2987/3629 2986/3628 2988/3630 
f 2989/3631 2990/3632 2991/3633 
f 2991/3633 2990/3632 2992/3634 
f 2995/3637 2996/3638 3005/3647 
f 3005/3647 2996/3638 3006/3648 
f 3001/3643 3002/3644 3007/3649 
f 3007/3649 3002/3644 3008/3650 
f 2993/3635 2994/3636 3009/3651 
f 3009/3651 2994/3636 3010/3652 
f 2997/3639 2998/3640 3013/3655 
f 3013/3655 2998/3640 3014/3656 
f 2999/3641 3000/3642 3015/3657 
f 3015/3657 3000/3642 3016/3658 
f 3003/3645 3004/3646 3019/3661 
f 3019/3661 3004/3646 3020/3662 
f 3011/3653 3012/3654 3021/3663 
f 3021/3663 3012/3654 3022/3664 
f 3017/3659 3018/3660 3025/3667 
f 3025/3667 3018/3660 3026/3668 
f 3023/3665 3024/3666 3027/3670 
f 3027/3670 3024/3666 3028/3672 
f 3027/3669 3028/3671 3029/3674 
f 3029/3674 3028/3671 3030/3676 
f 3029/3673 3030/3675 3035/3681 
f 3035/3681 3030/3675 3036/3682 
f 3031/3677 3032/3678 3039/3685 
f 3039/3685 3032/3678 3040/3686 
f 3033/3679 3034/3680 3045/3691 
f 3045/3691 3034/3680 3046/3692 
f 3037/3683 3038/3684 3051/3697 
f 3051/3697 3038/3684 3052/3698 
f 3049/3695 3050/3696 3053/3699 
f 3053/3699 3050/3696 3054/3700 
f 3041/3687 3042/3688 3055/3701 
f 3055/3701 3042/3688 3056/3702 
f 3043/3689 3044/3690 3059/3705 
f 3059/3705 3044/3690 3060/3706 
f 3057/3703 3058/3704 3061/3707 
f 3061/3707 3058/3704 3062/3708 
f 3047/3693 3048/3694 3063/3709 
f 3063/3709 3048/3694 3064/3710 
f 3065/3711 3066/3712 3071/3717 
f 3071/3717 3066/3712 3072/3718 
f 3067/3713 3068/3714 3073/3719 
f 3073/3719 3068/3714 3074/3720 
f 3069/3715 3070/3716 3075/3721 
f 3075/3721 3070/3716 3076/3722 
f 3077/3723 3078/3724 3081/3728 
f 3081/3728 3078/3724 3082/3730 
f 3079/3725 3080/3726 3083/3732 
f 3083/3732 3080/3726 3084/3734 
f 3081/3727 3082/3729 3085/3736 
f 3085/3736 3082/3729 3086/3738 
f 3083/3731 3084/3733 3087/3740 
f 3087/3740 3084/3733 3088/3742 
f 3087/3739 3088/3741 3089/3744 
f 3089/3744 3088/3741 3090/3746 
f 3085/3735 3086/3737 3091/3748 
f 3091/3748 3086/3737 3092/3750 
f 3089/3743 3090/3745 3093/3752 
f 3093/3752 3090/3745 3094/3754 
f 3091/3747 3092/3749 3095/3756 
f 3095/3756 3092/3749 3096/3758 
f 3095/3755 3096/3757 3097/3760 
f 3097/3760 3096/3757 3098/3762 
f 3093/3751 3094/3753 3099/3764 
f 3099/3764 3094/3753 3100/3766 
f 3097/3759 3098/3761 3101/3768 
f 3101/3768 3098/3761 3102/3770 
f 3099/3763 3100/3765 3103/3772 
f 3103/3772 3100/3765 3104/3774 
f 3101/3767 3102/3769 3105/3775 
f 3105/3775 3102/3769 3106/3776 
f 3103/3771 3104/3773 3107/3777 
f 3107/3777 3104/3773 3108/3778 
f 3109/3779 3110/3780 3115/3785 
f 3115/3785 3110/3780 3116/3786 
f 3111/3781 3112/3782 3117/3787 
f 3117/3787 3112/3782 3118/3788 
f 3113/3783 3114/3784 3119/3789 
f 3119/3789 3114/3784 3120/3790 
f 3127/3797 3128/3798 3129/3799 
f 3123/3793 3124/3794 3130/3800 
f 3130/3800 3124/3794 3131/3801 
f 3125/3795 3126/3796 3132/3802 
f 3132/3802 3126/3796 3133/3803 
f 3129/3799 3128/3798 3134/3804 
f 3134/3804 3128/3798 3135/3805 
f 3135/3805 3128/3798 3140/3810 
f 3121/3791 3122/3792 3141/3811 
f 3141/3811 3122/3792 3142/3812 
f 3136/3806 3137/3807 3143/3813 
f 3143/3813 3137/3807 3144/3814 
f 3138/3808 3139/3809 3145/3815 
f 3145/3815 3139/3809 3146/3816 
f 3140/3810 3128/3798 3147/3817 
f 3147/3817 3128/3798 3148/3818 
f 3149/3819 3150/3820 3151/3821 
f 3149/3819 3151/3821 3152/3823 
f 3152/3822 3153/3824 3154/3825 
f 3152/3822 3154/3825 3155/3826 
f 3152/3822 3155/3826 3156/3827 
f 3152/3822 3156/3827 3157/3828 
f 3149/3819 3152/3823 3158/3829 
f 3152/3822 3157/3828 3158/3830 
f 3158/3830 3157/3828 3159/3831 
f 3149/3819 3158/3829 3160/3832 
f 3149/3819 3160/3832 3161/3833 
f 3161/3833 3160/3832 3162/3834 
f 3163/3835 3164/3836 3169/3843 
f 3164/3837 3165/3838 3170/3844 
f 3169/3843 3164/3836 3170/3845 
f 3170/3844 3165/3838 3171/3846 
f 3166/3839 3167/3840 3172/3847 
f 3167/3841 3168/3842 3173/3848 
f 3172/3847 3167/3840 3173/3849 
f 3173/3848 3168/3842 3174/3850 
f 3175/3851 3176/3852 3177/3854 
f 3177/3854 3176/3852 3178/3856 
f 3177/3853 3178/3855 3179/3858 
f 3179/3858 3178/3855 3180/3860 
f 3179/3857 3180/3859 3181/3862 
f 3181/3862 3180/3859 3182/3864 
f 3181/3861 3182/3863 3183/3866 
f 3183/3866 3182/3863 3184/3868 
f 3183/3865 3184/3867 3185/3869 
f 3185/3869 3184/3867 3186/3870 
f 3187/3871 3188/3872 3193/3879 
f 3188/3873 3189/3874 3194/3880 
f 3193/3879 3188/3872 3194/3881 
f 3194/3880 3189/3874 3195/3882 
f 3190/3875 3191/3876 3196/3883 
f 3191/3877 3192/3878 3197/3884 
f 3196/3883 3191/3876 3197/3885 
f 3197/3884 3192/3878 3198/3886 
f 3199/3887 3200/3888 3211/3903 
f 3200/3889 3201/3890 3212/3904 
f 3211/3903 3200/3888 3212/3905 
f 3201/3891 3202/3892 3213/3906 
f 3212/3904 3201/3890 3213/3907 
f 3213/3906 3202/3892 3214/3908 
f 3203/3893 3204/3894 3215/3909 
f 3215/3909 3204/3894 3216/3910 
f 3205/3895 3206/3896 3217/3911 
f 3206/3897 3207/3898 3218/3912 
f 3217/3911 3206/3896 3218/3913 
f 3207/3899 3208/3900 3219/3914 
f 3218/3912 3207/3898 3219/3915 
f 3219/3914 3208/3900 3220/3916 
f 3220/3916 3208/3900 3221/3917 
f 3221/3917 3208/3900 3222/3918 
f 3209/3901 3210/3902 3225/3921 
f 3225/3921 3210/3902 3226/3922 
f 3223/3919 3224/3920 3227/3923 
f 3227/3923 3224/3920 3228/3924 
f 3228/3924 3224/3920 3229/3925 
f 3229/3925 3224/3920 3230/3928 
f 3228/3924 3229/3925 3231/3929 
f 3231/3929 3229/3925 3232/3930 
f 3229/3926 3230/3927 3233/3933 
f 3232/3930 3229/3925 3233/3932 
f 3233/3933 3230/3927 3234/3935 
f 3232/3930 3233/3932 3235/3937 
f 3233/3931 3234/3934 3235/3938 
f 3235/3938 3234/3934 3236/3940 
f 3232/3930 3235/3937 3237/3942 
f 3235/3936 3236/3939 3237/3943 
f 3237/3943 3236/3939 3238/3945 
f 3232/3930 3237/3942 3239/3947 
f 3237/3941 3238/3944 3239/3948 
f 3239/3948 3238/3944 3240/3950 
f 3232/3930 3239/3947 3241/3951 
f 3239/3946 3240/3949 3241/3953 
f 3241/3953 3240/3949 3242/3955 
f 3232/3930 3241/3951 3244/3957 
f 3241/3952 3242/3954 3245/3960 
f 3244/3957 3241/3951 3245/3958 
f 3245/3960 3242/3954 3246/3962 
f 3243/3956 3244/3957 3250/3966 
f 3244/3957 3245/3958 3250/3966 
f 3245/3959 3246/3961 3251/3968 
f 3250/3966 3245/3958 3251/3967 
f 3251/3968 3246/3961 3252/3970 
f 3247/3963 3248/3964 3253/3971 
f 3253/3971 3248/3964 3254/3972 
f 3249/3965 3250/3966 3267/3989 
f 3250/3966 3251/3967 3267/3989 
f 3251/3967 3252/3969 3267/3989 
f 3267/3989 3252/3969 3268/3990 
f 3255/3973 3256/3974 3269/3991 
f 3256/3975 3257/3976 3270/3992 
f 3269/3991 3256/3974 3270/3993 
f 3257/3977 3258/3978 3271/3994 
f 3270/3992 3257/3976 3271/3995 
f 3271/3994 3258/3978 3272/3996 
f 3259/3979 3260/3980 3273/3997 
f 3273/3997 3260/3980 3274/3998 
f 3261/3981 3262/3982 3275/3999 
f 3262/3983 3263/3985 3276/4000 
f 3275/3999 3262/3982 3276/4001 
f 3265/3987 3266/3988 3277/4002 
f 3276/4000 3263/3985 3277/4003 
f 3264/3986 3265/3987 3277/4002 
f 3263/3984 3264/3986 3277/4002 
f 3277/4002 3266/3988 3278/4004 
f 3279/4005 3280/4006 3286/4015 
f 3286/4015 3280/4006 3287/4017 
f 3281/4007 3282/4008 3288/4019 
f 3288/4019 3282/4008 3289/4021 
f 3283/4009 3284/4010 3296/4032 
f 3296/4032 3284/4010 3297/4033 
f 3297/4033 3284/4010 3298/4034 
f 3284/4011 3285/4013 3299/4035 
f 3298/4034 3284/4010 3299/4036 
f 3286/4014 3287/4016 3300/4037 
f 3299/4035 3285/4013 3300/4038 
f 3285/4012 3286/4014 3300/4037 
f 3287/4016 3288/4018 3300/4037 
f 3288/4018 3289/4020 3300/4037 
f 3289/4020 3290/4022 3300/4037 
f 3290/4023 3291/4024 3301/4039 
f 3300/4037 3290/4022 3301/4040 
f 3291/4025 3292/4026 3302/4041 
f 3301/4039 3291/4024 3302/4042 
f 3302/4041 3292/4026 3303/4043 
f 3292/4027 3293/4028 3304/4044 
f 3303/4043 3292/4026 3304/4045 
f 3293/4029 3294/4030 3305/4046 
f 3304/4044 3293/4028 3305/4047 
f 3305/4046 3294/4030 3306/4048 
f 3306/4048 3294/4030 3307/4049 
f 3296/4032 3297/4033 3309/4051 
f 3295/4031 3296/4032 3309/4051 
f 3309/4051 3297/4033 3310/4052 
f 3310/4052 3297/4033 3311/4053 
f 3307/4049 3308/4050 3312/4054 
f 3306/4048 3307/4049 3312/4054 
f 3312/4054 3308/4050 3313/4055 
f 3313/4055 3308/4050 3314/4056 
f 3314/4056 3315/4057 3316/4058 
f 3313/4055 3314/4056 3316/4058 
f 3316/4058 3315/4057 3317/4059 
f 3317/4059 3315/4057 3318/4060 
f 3318/4060 3315/4057 3319/4061 
f 3319/4061 3315/4057 3321/4063 
f 3320/4062 3321/4063 3323/4065 
f 3322/4064 3323/4065 3328/4070 
f 3321/4063 3315/4057 3329/4071 
f 3323/4065 3321/4063 3329/4071 
f 3328/4070 3323/4065 3329/4071 
f 3329/4071 3315/4057 3330/4072 
f 3325/4067 3326/4068 3331/4073 
f 3324/4066 3325/4067 3331/4073 
f 3331/4073 3326/4068 3332/4074 
f 3332/4074 3326/4068 3333/4075 
f 3327/4069 3328/4070 3342/4090 
f 3328/4070 3329/4071 3342/4090 
f 3342/4090 3329/4071 3343/4091 
f 3343/4091 3329/4071 3344/4092 
f 3332/4074 3333/4075 3345/4093 
f 3333/4075 3334/4076 3345/4093 
f 3334/4076 3335/4077 3345/4093 
f 3335/4078 3336/4079 3346/4094 
f 3345/4093 3335/4077 3346/4095 
f 3336/4080 3337/4081 3347/4096 
f 3346/4094 3336/4079 3347/4097 
f 3347/4096 3337/4081 3348/4099 
f 3348/4099 3337/4081 3349/4101 
f 3349/4101 3337/4081 3350/4103 
f 3350/4103 3337/4081 3351/4105 
f 3337/4082 3338/4084 3352/4106 
f 3351/4105 3337/4081 3352/4107 
f 3339/4085 3340/4086 3353/4108 
f 3352/4106 3338/4084 3353/4109 
f 3338/4083 3339/4085 3353/4108 
f 3340/4087 3341/4089 3354/4110 
f 3353/4108 3340/4086 3354/4111 
f 3342/4090 3343/4091 3355/4112 
f 3354/4110 3341/4089 3355/4113 
f 3341/4088 3342/4090 3355/4112 
f 3355/4112 3343/4091 3356/4114 
f 3348/4098 3349/4100 3357/4115 
f 3357/4115 3349/4100 3358/4116 
f 3350/4102 3351/4104 3359/4117 
f 3359/4117 3351/4104 3360/4118 
f 3361/4119 3362/4120 3370/4130 
f 3370/4130 3362/4120 3371/4131 
f 3371/4131 3362/4120 3372/4134 
f 3372/4134 3362/4120 3373/4135 
f 3362/4121 3363/4122 3374/4136 
f 3373/4135 3362/4120 3374/4137 
f 3374/4136 3363/4122 3375/4138 
f 3375/4138 3363/4122 3376/4139 
f 3364/4123 3365/4124 3377/4140 
f 3365/4125 3366/4126 3378/4142 
f 3377/4140 3365/4124 3378/4141 
f 3378/4142 3366/4126 3379/4144 
f 3379/4144 3366/4126 3380/4145 
f 3367/4127 3368/4128 3381/4146 
f 3381/4146 3368/4128 3382/4147 
f 3371/4132 3372/4133 3384/4149 
f 3378/4141 3379/4143 3385/4150 
f 3379/4144 3380/4145 3386/4152 
f 3385/4150 3379/4143 3386/4151 
f 3382/4147 3383/4148 3386/4152 
f 3381/4146 3382/4147 3386/4152 
f 3380/4145 3381/4146 3386/4152 
f 3386/4152 3383/4148 3387/4154 
f 3369/4129 3370/4130 3388/4155 
f 3370/4130 3371/4131 3388/4155 
f 3371/4132 3384/4149 3389/4157 
f 3388/4155 3371/4131 3389/4158 
f 3389/4157 3384/4149 3390/4159 
f 3387/4154 3383/4148 3391/4160 
f 3369/4129 3388/4155 3394/4163 
f 3394/4163 3388/4155 3395/4165 
f 3393/4162 3394/4163 3395/4165 
f 3388/4156 3389/4157 3396/4166 
f 3395/4165 3388/4155 3396/4168 
f 3396/4166 3389/4157 3397/4170 
f 3391/4160 3392/4161 3398/4171 
f 3396/4167 3397/4169 3400/4174 
f 3395/4164 3396/4166 3400/4173 
f 3400/4174 3397/4169 3401/4175 
f 3395/4164 3400/4173 3402/4176 
f 3393/4162 3395/4165 3404/4179 
f 3395/4164 3402/4176 3404/4180 
f 3402/4177 3403/4178 3405/4183 
f 3404/4180 3402/4176 3405/4182 
f 3405/4183 3403/4178 3406/4185 
f 3398/4171 3399/4172 3407/4186 
f 3391/4160 3398/4171 3407/4186 
f 3407/4186 3399/4172 3408/4187 
f 3393/4162 3404/4179 3409/4188 
f 3404/4179 3405/4181 3409/4188 
f 3409/4188 3405/4181 3410/4189 
f 3405/4182 3406/4184 3411/4191 
f 3410/4189 3405/4181 3411/4190 
f 3411/4191 3406/4184 3412/4193 
f 3387/4154 3391/4160 3414/4195 
f 3391/4160 3407/4186 3414/4195 
f 3414/4195 3407/4186 3415/4196 
f 3412/4193 3413/4194 3416/4197 
f 3386/4151 3387/4153 3418/4199 
f 3387/4154 3414/4195 3419/4201 
f 3418/4199 3387/4153 3419/4202 
f 3411/4190 3412/4192 3420/4203 
f 3410/4189 3411/4190 3420/4203 
f 3420/4203 3412/4192 3421/4204 
f 3412/4193 3416/4197 3422/4206 
f 3421/4204 3412/4192 3422/4205 
f 3422/4206 3416/4197 3423/4208 
f 3417/4198 3418/4199 3429/4215 
f 3418/4200 3419/4201 3430/4217 
f 3429/4215 3418/4199 3430/4218 
f 3419/4201 3414/4195 3431/4219 
f 3430/4217 3419/4201 3431/4219 
f 3431/4219 3414/4195 3432/4220 
f 3421/4204 3422/4205 3433/4221 
f 3422/4205 3423/4207 3433/4221 
f 3423/4207 3424/4209 3433/4221 
f 3424/4209 3425/4211 3433/4221 
f 3426/4212 3427/4213 3434/4222 
f 3433/4221 3425/4211 3434/4223 
f 3425/4210 3426/4212 3434/4222 
f 3434/4222 3427/4213 3435/4224 
f 3428/4214 3429/4215 3436/4225 
f 3429/4216 3430/4217 3437/4226 
f 3436/4225 3429/4215 3437/4227 
f 3430/4217 3431/4219 3437/4226 
f 3437/4226 3431/4219 3438/4228 
f 3439/4229 3440/4230 3441/4231 
f 3441/4231 3440/4230 3442/4232 
f 3443/4233 3444/4234 3447/4237 
f 3447/4237 3444/4234 3448/4238 
f 3445/4235 3446/4236 3449/4239 
f 3449/4239 3446/4236 3450/4241 
f 3450/4240 3451/4242 3452/4243 
f 3452/4243 3451/4242 3453/4244 
f 3455/4246 3456/4247 3457/4248 
f 3457/4248 3456/4247 3458/4249 
f 3459/4250 3460/4251 3461/4252 
f 3461/4252 3460/4251 3462/4253 
f 3463/4254 3464/4255 3465/4256 
f 3465/4256 3464/4255 3466/4257 
f 3453/4244 3454/4245 3468/4259 
f 3468/4259 3454/4245 3469/4260 
f 3467/4258 3468/4259 3473/4265 
f 3473/4265 3468/4259 3474/4266 
f 3470/4261 3471/4262 3475/4267 
f 3475/4267 3471/4262 3476/4268 
f 3472/4263 3473/4264 3477/4269 
f 3477/4269 3473/4264 3478/4270 
f 3479/4271 3480/4272 3481/4273 
f 3481/4273 3480/4272 3482/4274 
f 3483/4275 3484/4276 3489/4281 
f 3489/4281 3484/4276 3490/4282 
f 3485/4277 3486/4278 3491/4283 
f 3491/4283 3486/4278 3492/4285 
f 3487/4279 3488/4280 3494/4288 
f 3494/4288 3488/4280 3495/4290 
f 3492/4284 3493/4286 3496/4291 
f 3496/4291 3493/4286 3497/4292 
f 3494/4287 3495/4289 3499/4294 
f 3499/4294 3495/4289 3500/4295 
f 3501/4296 3502/4297 3503/4298 
f 3503/4298 3502/4297 3504/4299 
f 3505/4300 3506/4301 3507/4303 
f 3507/4303 3506/4301 3508/4305 
f 3497/4292 3498/4293 3510/4307 
f 3510/4307 3498/4293 3511/4308 
f 3507/4302 3508/4304 3512/4309 
f 3512/4309 3508/4304 3513/4310 
f 3509/4306 3510/4307 3517/4315 
f 3517/4315 3510/4307 3518/4316 
f 3514/4311 3515/4312 3519/4317 
f 3519/4317 3515/4312 3520/4318 
f 3516/4313 3517/4314 3521/4319 
f 3521/4319 3517/4314 3522/4320 
f 3523/4321 3524/4322 3529/4327 
f 3529/4327 3524/4322 3530/4328 
f 3525/4323 3526/4324 3531/4329 
f 3531/4329 3526/4324 3532/4331 
f 3527/4325 3528/4326 3534/4334 
f 3534/4334 3528/4326 3535/4336 
f 3532/4330 3533/4332 3536/4337 
f 3536/4337 3533/4332 3537/4338 
f 3534/4333 3535/4335 3540/4341 
f 3540/4341 3535/4335 3541/4342 
f 3539/4340 3540/4341 3542/4343 
f 3542/4343 3540/4341 3543/4344 
f 3543/4344 3544/4345 3545/4347 
f 3545/4347 3544/4345 3546/4349 
f 3537/4338 3538/4339 3548/4351 
f 3548/4351 3538/4339 3549/4352 
f 3545/4346 3546/4348 3550/4353 
f 3550/4353 3546/4348 3551/4354 
f 3547/4350 3548/4351 3555/4359 
f 3555/4359 3548/4351 3556/4360 
f 3552/4355 3553/4356 3557/4361 
f 3557/4361 3553/4356 3558/4362 
f 3554/4357 3555/4358 3559/4363 
f 3559/4363 3555/4358 3560/4364 
f 3561/4365 3562/4366 3570/4381 
f 3562/4367 3563/4368 3571/4382 
f 3570/4381 3562/4366 3571/4383 
f 3563/4369 3564/4370 3572/4384 
f 3571/4382 3563/4368 3572/4385 
f 3564/4371 3565/4372 3573/4386 
f 3572/4384 3564/4370 3573/4387 
f 3565/4373 3566/4374 3574/4388 
f 3573/4386 3565/4372 3574/4389 
f 3566/4375 3567/4376 3575/4390 
f 3574/4388 3566/4374 3575/4391 
f 3567/4377 3568/4378 3576/4392 
f 3575/4390 3567/4376 3576/4393 
f 3568/4379 3569/4380 3577/4394 
f 3576/4392 3568/4378 3577/4395 
f 3577/4394 3569/4380 3578/4397 
f 3578/4396 3579/4398 3580/4399 
f 3580/4399 3579/4398 3581/4400 
f 3583/4402 3584/4403 3585/4404 
f 3585/4404 3584/4403 3586/4405 
f 3581/4400 3582/4401 3588/4407 
f 3588/4407 3582/4401 3589/4408 
f 3587/4406 3588/4407 3598/4425 
f 3598/4425 3588/4407 3599/4426 
f 3590/4409 3591/4410 3600/4427 
f 3591/4411 3592/4412 3601/4428 
f 3600/4427 3591/4410 3601/4429 
f 3592/4413 3593/4414 3602/4430 
f 3601/4428 3592/4412 3602/4431 
f 3593/4415 3594/4416 3603/4432 
f 3602/4430 3593/4414 3603/4433 
f 3594/4417 3595/4418 3604/4434 
f 3603/4432 3594/4416 3604/4435 
f 3595/4419 3596/4420 3605/4436 
f 3604/4434 3595/4418 3605/4437 
f 3596/4421 3597/4422 3606/4438 
f 3605/4436 3596/4420 3606/4439 
f 3597/4423 3598/4424 3607/4440 
f 3606/4438 3597/4422 3607/4441 
f 3607/4440 3598/4424 3608/4442 
f 3609/4443 3610/4444 3615/4454 
f 3610/4445 3611/4446 3616/4456 
f 3615/4454 3610/4444 3616/4457 
f 3616/4456 3611/4446 3617/4458 
f 3611/4447 3612/4448 3618/4459 
f 3617/4458 3611/4446 3618/4460 
f 3612/4449 3613/4450 3619/4461 
f 3618/4459 3612/4448 3619/4462 
f 3613/4451 3614/4452 3620/4463 
f 3619/4461 3613/4450 3620/4464 
f 3620/4463 3614/4452 3621/4466 
f 3621/4465 3622/4467 3623/4468 
f 3623/4468 3622/4467 3624/4469 
f 3615/4453 3616/4455 3625/4471 
f 3625/4471 3616/4455 3626/4474 
f 3624/4469 3622/4467 3631/4483 
f 3631/4483 3622/4467 3632/4484 
f 3625/4470 3626/4472 3633/4485 
f 3626/4473 3627/4475 3634/4486 
f 3633/4485 3626/4472 3634/4487 
f 3627/4475 3628/4476 3634/4486 
f 3628/4477 3629/4478 3635/4488 
f 3634/4486 3628/4476 3635/4489 
f 3629/4479 3630/4480 3636/4490 
f 3635/4488 3629/4478 3636/4491 
f 3630/4481 3631/4482 3637/4492 
f 3636/4490 3630/4480 3637/4493 
f 3637/4492 3631/4482 3638/4494 
f 3639/4495 3640/4496 3641/4497 
f 3641/4497 3640/4496 3642/4498 
f 3644/4501 3645/4502 3647/4506 
f 3645/4503 3646/4504 3648/4507 
f 3647/4506 3645/4502 3648/4509 
f 3648/4507 3646/4504 3649/4511 
f 3644/4501 3647/4506 3650/4512 
f 3647/4505 3648/4507 3650/4513 
f 3648/4508 3649/4510 3651/4516 
f 3650/4513 3648/4507 3651/4515 
f 3651/4516 3649/4510 3652/4518 
f 3643/4499 3644/4500 3653/4519 
f 3644/4501 3650/4512 3654/4520 
f 3653/4519 3644/4500 3654/4521 
f 3650/4512 3651/4514 3654/4520 
f 3651/4515 3652/4517 3655/4522 
f 3654/4520 3651/4514 3655/4523 
f 3655/4522 3652/4517 3656/4524 

