# MagicaVoxel @ ephtracy

# material
mtllib voxel salle arts plastiques.mtl
usemtl palette

# normals
vn -1 0 0
vn 1 0 0
vn 0 0 1
vn 0 0 -1
vn 0 -1 0
vn 0 1 0

# texcoords
vt 0.0214844 0.5
vt 0.0878906 0.5
vt 0.0917969 0.5
vt 0.115234 0.5
vt 0.154297 0.5
vt 0.185547 0.5
vt 0.205078 0.5
vt 0.208984 0.5
vt 0.212891 0.5
vt 0.216797 0.5
vt 0.244141 0.5
vt 0.248047 0.5
vt 0.283203 0.5
vt 0.287109 0.5
vt 0.302734 0.5
vt 0.306641 0.5
vt 0.326172 0.5
vt 0.341797 0.5
vt 0.369141 0.5
vt 0.373047 0.5
vt 0.396484 0.5
vt 0.404297 0.5
vt 0.498047 0.5
vt 0.525391 0.5
vt 0.537109 0.5
vt 0.544922 0.5
vt 0.556641 0.5
vt 0.583984 0.5
vt 0.587891 0.5
vt 0.611328 0.5
vt 0.623047 0.5
vt 0.654297 0.5
vt 0.681641 0.5
vt 0.705078 0.5
vt 0.712891 0.5
vt 0.744141 0.5
vt 0.751953 0.5
vt 0.755859 0.5
vt 0.759766 0.5
vt 0.775391 0.5
vt 0.779297 0.5
vt 0.783203 0.5
vt 0.802734 0.5
vt 0.806641 0.5
vt 0.833984 0.5
vt 0.841797 0.5
vt 0.849609 0.5
vt 0.853516 0.5
vt 0.857422 0.5
vt 0.865234 0.5
vt 0.869141 0.5
vt 0.873047 0.5
vt 0.896484 0.5
vt 0.900391 0.5
vt 0.904297 0.5
vt 0.935547 0.5
vt 0.958984 0.5
vt 0.962891 0.5
vt 0.966797 0.5
vt 0.970703 0.5
vt 0.974609 0.5
vt 0.982422 0.5
vt 0.986328 0.5
vt 0.990234 0.5
vt 0.994141 0.5

# verts
v -43 104 18
v -43 104 16
v -43 105 18
v -43 105 17
v -43 105 16
v -43 105 15
v -43 106 18
v -43 106 17
v -43 106 15
v -43 106 14
v -43 107 18
v -43 107 17
v -43 107 16
v -43 107 14
v -43 107 13
v -43 108 18
v -43 108 17
v -43 108 15
v -43 108 14
v -43 108 13
v -43 109 18
v -43 109 17
v -43 109 16
v -43 109 15
v -43 109 14
v -43 110 18
v -43 110 17
v -43 110 15
v -43 110 14
v -43 111 18
v -43 111 17
v -43 111 16
v -43 111 15
v -43 111 14
v -43 111 13
v -43 112 17
v -43 112 16
v -43 112 15
v -43 112 14
v -43 113 18
v -43 113 16
v -43 113 15
v -42 0 17
v -42 0 15
v -42 0 -3
v -42 0 -5
v -42 7 15
v -42 7 -3
v -42 9 15
v -42 9 -3
v -42 38 15
v -42 38 -3
v -42 40 15
v -42 40 -3
v -42 62 15
v -42 62 -3
v -42 64 15
v -42 64 -3
v -42 66 2
v -42 66 -1
v -42 69 2
v -42 69 -1
v -42 84 15
v -42 84 -3
v -42 86 15
v -42 86 -3
v -42 104 17
v -42 104 16
v -42 105 18
v -42 105 17
v -42 105 16
v -42 105 15
v -42 105 -3
v -42 106 18
v -42 106 17
v -42 106 15
v -42 106 14
v -42 107 14
v -42 107 13
v -42 107 -3
v -42 108 17
v -42 108 15
v -42 109 17
v -42 109 16
v -42 109 15
v -42 112 -3
v -42 112 -5
v -41 64 2
v -41 64 -1
v -41 66 2
v -41 66 -1
v -41 69 2
v -41 69 -1
v -41 72 2
v -41 72 -1
v -40 64 3
v -40 64 2
v -40 64 -1
v -40 64 -2
v -40 67 3
v -40 67 2
v -40 67 -1
v -40 67 -2
v -40 69 2
v -40 69 -1
v -40 86 7
v -40 86 -3
v -40 87 7
v -40 87 -3
v -40 88 7
v -40 88 -2
v -40 89 7
v -40 89 -2
v -40 108 18
v -40 108 17
v -40 109 18
v -40 109 17
v -39 40 18
v -39 40 17
v -39 40 -0
v -39 41 12
v -39 41 9
v -39 41 7
v -39 41 5
v -39 41 4
v -39 41 3
v -39 42 9
v -39 42 7
v -39 42 5
v -39 42 4
v -39 43 10
v -39 43 7
v -39 43 5
v -39 43 4
v -39 44 10
v -39 44 4
v -39 45 12
v -39 45 3
v -39 48 18
v -39 48 -0
v -39 50 18
v -39 50 -0
v -39 64 4
v -39 64 3
v -39 64 -2
v -39 64 -3
v -39 67 4
v -39 67 3
v -39 67 2
v -39 67 -1
v -39 67 -2
v -39 67 -3
v -39 69 3
v -39 69 2
v -39 69 -1
v -39 69 -2
v -39 71 2
v -39 71 -1
v -39 86 12
v -39 86 11
v -39 87 13
v -39 87 12
v -39 87 11
v -39 87 10
v -39 87 6
v -39 87 -3
v -39 88 6
v -39 88 -2
v -39 88 -3
v -39 89 13
v -39 89 10
v -39 90 13
v -39 90 10
v -39 92 13
v -39 92 10
v -39 94 13
v -39 94 12
v -39 94 11
v -39 94 10
v -39 95 12
v -39 95 11
v -38 9 17
v -38 9 -4
v -38 14 17
v -38 14 -4
v -38 50 14
v -38 50 13
v -38 50 12
v -38 50 11
v -38 50 10
v -38 50 9
v -38 50 8
v -38 50 7
v -38 50 6
v -38 50 5
v -38 50 4
v -38 50 3
v -38 50 2
v -38 52 14
v -38 52 13
v -38 52 11
v -38 52 10
v -38 52 6
v -38 52 5
v -38 53 13
v -38 53 12
v -38 53 11
v -38 53 10
v -38 53 9
v -38 53 8
v -38 53 7
v -38 53 6
v -38 53 5
v -38 53 4
v -38 53 3
v -38 53 2
v -38 64 18
v -38 64 17
v -38 64 5
v -38 68 18
v -38 68 5
v -38 69 18
v -38 69 14
v -38 69 11
v -38 69 5
v -38 73 14
v -38 73 11
v -38 86 13
v -38 86 12
v -38 86 11
v -38 86 10
v -38 87 14
v -38 87 13
v -38 87 12
v -38 87 11
v -38 87 10
v -38 87 9
v -38 89 14
v -38 89 13
v -38 89 10
v -38 89 9
v -38 90 13
v -38 90 10
v -38 90 9
v -38 91 14
v -38 91 13
v -38 92 14
v -38 92 13
v -38 92 10
v -38 92 9
v -38 94 14
v -38 94 13
v -38 94 12
v -38 94 11
v -38 94 10
v -38 94 9
v -38 95 12
v -38 95 11
v -38 96 13
v -38 96 10
v -37 14 15
v -37 14 -2
v -37 22 15
v -37 22 -2
v -37 64 1
v -37 64 -0
v -37 66 1
v -37 66 -0
v -37 67 1
v -37 67 -0
v -37 68 1
v -37 68 -0
v -37 69 15
v -37 69 14
v -37 69 11
v -37 69 10
v -37 69 1
v -37 69 -0
v -37 70 1
v -37 70 -0
v -37 73 15
v -37 73 14
v -37 73 11
v -37 73 10
v -37 75 14
v -37 75 11
v -37 86 14
v -37 86 13
v -37 86 10
v -37 86 9
v -37 87 14
v -37 87 13
v -37 87 10
v -37 87 9
v -37 94 14
v -37 94 13
v -37 94 10
v -37 94 9
v -37 95 14
v -37 95 13
v -37 95 10
v -37 95 9
v -37 96 12
v -37 96 11
v -37 97 12
v -37 97 11
v -36 69 16
v -36 69 15
v -36 69 10
v -36 69 9
v -36 73 16
v -36 73 15
v -36 73 14
v -36 73 11
v -36 73 10
v -36 73 9
v -36 75 15
v -36 75 14
v -36 75 13
v -36 75 12
v -36 75 11
v -36 75 10
v -36 76 14
v -36 76 13
v -36 76 12
v -36 76 11
v -36 86 12
v -36 86 11
v -36 87 12
v -36 89 12
v -36 89 11
v -36 92 12
v -36 92 11
v -36 93 12
v -36 93 11
v -33 86 14
v -33 86 11
v -33 87 14
v -33 87 13
v -33 88 14
v -33 88 13
v -33 88 12
v -33 89 13
v -33 89 12
v -33 92 14
v -33 92 11
v -32 14 16
v -32 14 15
v -32 19 16
v -32 19 15
v -32 86 15
v -32 86 14
v -32 86 11
v -32 86 10
v -32 87 14
v -32 88 15
v -32 88 14
v -32 90 15
v -32 90 14
v -32 91 15
v -32 91 14
v -32 92 15
v -32 92 14
v -32 92 11
v -32 92 10
v -31 65 17
v -31 65 6
v -31 68 17
v -31 68 6
v -31 86 -1
v -31 86 -2
v -31 87 -1
v -31 87 -2
v -31 107 15
v -31 107 7
v -31 110 15
v -31 110 7
v -30 41 17
v -30 41 14
v -30 41 2
v -30 41 1
v -30 48 17
v -30 48 14
v -30 48 2
v -30 48 1
v -30 49 17
v -30 50 17
v -30 50 14
v -30 50 2
v -30 50 1
v -30 68 5
v -30 68 3
v -30 69 18
v -30 69 5
v -30 72 18
v -30 72 3
v -30 86 13
v -30 86 12
v -30 86 -0
v -30 86 -1
v -30 87 -0
v -30 87 -1
v -30 89 13
v -30 89 12
v -30 91 13
v -30 91 12
v -29 18 16
v -29 18 -1
v -29 19 16
v -29 19 -1
v -29 64 17
v -29 64 1
v -29 65 17
v -29 65 1
v -29 66 17
v -29 66 1
v -29 67 17
v -29 67 1
v -29 68 17
v -29 68 3
v -29 68 1
v -29 86 7
v -29 86 4
v -29 88 7
v -29 88 4
v -28 40 18
v -28 40 17
v -28 40 1
v -28 47 18
v -28 47 1
v -28 49 18
v -28 49 1
v -28 86 8
v -28 86 7
v -28 86 4
v -28 86 3
v -28 88 8
v -28 88 7
v -28 88 4
v -28 88 3
v -27 49 11
v -27 49 10
v -27 49 8
v -27 49 7
v -27 49 4
v -27 49 2
v -27 50 9
v -27 50 8
v -27 51 11
v -27 51 10
v -27 51 9
v -27 51 8
v -27 51 7
v -27 51 4
v -27 51 2
v -27 107 16
v -27 107 4
v -27 109 16
v -27 109 14
v -27 111 16
v -27 111 14
v -27 113 16
v -27 113 4
v -26 86 6
v -26 86 5
v -26 87 6
v -26 87 5
v -26 88 6
v -26 88 5
v -26 113 16
v -26 113 4
v -26 114 16
v -26 114 4
v -25 9 19
v -25 9 17
v -25 9 -0
v -25 12 19
v -25 12 -0
v -25 114 16
v -25 114 4
v -25 115 16
v -25 115 4
v -24 12 18
v -24 12 2
v -24 12 1
v -24 13 5
v -24 13 2
v -24 14 18
v -24 14 5
v -24 14 1
v -24 15 18
v -24 15 5
v -24 15 1
v -24 69 14
v -24 69 8
v -24 74 14
v -24 74 8
v -24 86 13
v -24 86 12
v -24 86 10
v -24 89 13
v -24 89 12
v -24 89 11
v -24 89 10
v -24 90 13
v -24 90 12
v -24 90 11
v -24 91 13
v -24 91 12
v -24 91 11
v -24 91 10
v -24 92 13
v -24 92 12
v -24 92 11
v -24 92 10
v -24 93 13
v -24 93 12
v -24 94 11
v -24 94 10
v -24 95 13
v -24 95 10
v -23 15 18
v -23 15 14
v -23 15 13
v -23 15 11
v -23 15 10
v -23 15 9
v -23 15 7
v -23 15 6
v -23 15 5
v -23 15 1
v -23 16 14
v -23 16 13
v -23 16 12
v -23 16 11
v -23 16 10
v -23 16 9
v -23 16 8
v -23 16 7
v -23 16 6
v -23 16 5
v -23 16 2
v -23 17 18
v -23 17 13
v -23 17 12
v -23 17 11
v -23 17 9
v -23 17 8
v -23 17 5
v -23 17 2
v -23 18 18
v -23 18 13
v -23 18 11
v -23 18 9
v -23 18 8
v -23 18 1
v -23 74 15
v -23 74 14
v -23 74 8
v -23 74 6
v -23 75 15
v -23 75 6
v -23 86 14
v -23 86 13
v -23 86 10
v -23 86 9
v -23 89 13
v -23 89 10
v -23 90 13
v -23 91 14
v -23 91 13
v -23 91 10
v -23 91 9
v -23 92 13
v -23 92 10
v -23 93 14
v -23 93 13
v -23 94 10
v -23 94 9
v -23 95 14
v -23 95 13
v -23 95 10
v -23 95 9
v -23 114 16
v -23 114 4
v -23 115 16
v -23 115 4
v -22 18 18
v -22 18 16
v -22 18 14
v -22 18 13
v -22 18 12
v -22 18 11
v -22 18 10
v -22 18 9
v -22 18 8
v -22 18 7
v -22 18 1
v -22 19 18
v -22 19 16
v -22 19 15
v -22 19 14
v -22 19 13
v -22 19 12
v -22 19 7
v -22 19 6
v -22 20 18
v -22 20 17
v -22 20 16
v -22 20 15
v -22 20 14
v -22 20 13
v -22 20 12
v -22 20 10
v -22 20 9
v -22 20 7
v -22 20 6
v -22 21 18
v -22 21 17
v -22 21 14
v -22 21 13
v -22 21 12
v -22 21 11
v -22 21 10
v -22 21 8
v -22 21 7
v -22 22 13
v -22 22 11
v -22 22 10
v -22 22 9
v -22 22 8
v -22 22 5
v -22 23 18
v -22 23 17
v -22 23 8
v -22 23 5
v -22 23 3
v -22 24 18
v -22 24 17
v -22 24 12
v -22 24 11
v -22 24 10
v -22 24 8
v -22 24 7
v -22 24 5
v -22 24 3
v -22 24 1
v -22 25 12
v -22 25 11
v -22 26 12
v -22 26 11
v -22 26 8
v -22 26 7
v -22 27 11
v -22 27 8
v -22 87 13
v -22 87 12
v -22 89 12
v -22 91 13
v -22 91 12
v -22 93 13
v -22 94 13
v -22 94 12
v -22 95 13
v -22 95 12
v -22 113 16
v -22 113 4
v -22 114 16
v -22 114 4
v -21 69 17
v -21 69 14
v -21 69 8
v -21 69 4
v -21 72 17
v -21 72 14
v -21 72 8
v -21 72 4
v -21 87 12
v -21 87 11
v -21 90 11
v -21 92 12
v -21 92 11
v -21 92 10
v -21 93 11
v -21 93 10
v -21 94 12
v -21 94 11
v -21 108 15
v -21 108 5
v -21 109 15
v -21 110 15
v -21 111 15
v -21 112 16
v -21 112 15
v -21 112 5
v -21 112 4
v -21 113 16
v -21 113 4
v -20 87 13
v -20 87 12
v -20 91 13
v -20 91 12
v -20 92 13
v -20 92 12
v -20 93 13
v -20 93 12
v -20 93 11
v -20 93 10
v -20 94 13
v -20 94 12
v -20 94 11
v -20 95 13
v -20 95 10
v -18 41 17
v -18 41 11
v -18 47 17
v -18 47 11
v -18 49 17
v -18 49 11
v -18 64 17
v -18 64 4
v -18 70 17
v -18 70 4
v -18 71 14
v -18 71 6
v -18 73 15
v -18 73 14
v -18 73 6
v -18 74 15
v -18 74 6
v -18 86 7
v -18 86 4
v -18 87 7
v -18 87 6
v -18 88 7
v -18 88 6
v -18 88 4
v -18 89 7
v -18 89 6
v -18 90 7
v -18 90 6
v -18 91 7
v -18 91 4
v -18 92 7
v -18 92 4
v -17 70 14
v -17 70 5
v -17 71 14
v -17 71 6
v -17 71 5
v -17 86 3
v -17 86 -0
v -17 87 3
v -17 87 -0
v -17 90 3
v -17 90 -0
v -17 91 3
v -17 91 -0
v -16 86 6
v -16 86 5
v -16 88 6
v -16 88 5
v -16 89 6
v -16 91 6
v -16 91 5
v -15 86 9
v -15 86 7
v -15 86 2
v -15 86 1
v -15 87 2
v -15 87 1
v -15 88 7
v -15 89 7
v -15 90 7
v -15 90 2
v -15 90 1
v -15 91 9
v -15 91 7
v -15 92 9
v -15 92 7
v -14 13 17
v -14 13 16
v -14 13 11
v -14 13 9
v -14 13 8
v -14 13 5
v -14 13 4
v -14 13 3
v -14 13 2
v -14 14 16
v -14 14 15
v -14 14 9
v -14 14 8
v -14 14 7
v -14 14 6
v -14 14 5
v -14 14 4
v -14 14 3
v -14 14 2
v -14 15 17
v -14 15 16
v -14 15 12
v -14 15 11
v -14 15 9
v -14 15 8
v -14 15 7
v -14 15 6
v -14 15 3
v -14 15 2
v -14 16 17
v -14 16 16
v -14 16 13
v -14 16 12
v -14 16 10
v -14 16 9
v -14 16 8
v -14 16 7
v -14 16 2
v -14 17 17
v -14 17 15
v -14 17 14
v -14 17 11
v -14 17 10
v -14 17 9
v -14 17 8
v -14 18 14
v -14 18 13
v -14 18 11
v -14 18 10
v -14 18 9
v -14 18 3
v -14 18 2
v -14 19 15
v -14 19 14
v -14 19 12
v -14 19 11
v -14 19 5
v -14 19 3
v -14 19 2
v -14 20 15
v -14 20 14
v -14 20 13
v -14 20 12
v -14 20 8
v -14 20 5
v -14 20 3
v -14 20 2
v -14 21 17
v -14 21 16
v -14 21 15
v -14 21 11
v -14 21 10
v -14 21 8
v -14 21 5
v -14 21 3
v -14 21 2
v -14 22 15
v -14 22 13
v -14 22 12
v -14 22 9
v -14 22 8
v -14 22 2
v -14 23 17
v -14 23 16
v -14 23 15
v -14 23 13
v -14 23 12
v -14 23 10
v -14 23 9
v -14 23 2
v -14 24 17
v -14 24 12
v -14 24 11
v -14 24 8
v -14 24 7
v -14 24 2
v -14 26 12
v -14 26 11
v -14 26 8
v -14 26 7
v -14 27 11
v -14 27 8
v -14 40 22
v -14 40 17
v -14 40 -2
v -14 45 19
v -14 45 14
v -14 46 18
v -14 46 15
v -14 47 18
v -14 47 17
v -14 47 16
v -14 49 18
v -14 49 17
v -14 49 16
v -14 49 15
v -14 50 22
v -14 50 19
v -14 50 14
v -14 50 -2
v -13 50 16
v -13 50 15
v -13 50 14
v -13 50 12
v -13 50 11
v -13 50 10
v -13 50 7
v -13 50 5
v -13 50 3
v -13 50 2
v -13 50 1
v -13 50 -0
v -13 50 -1
v -13 51 8
v -13 51 7
v -13 51 5
v -13 51 4
v -13 52 14
v -13 52 13
v -13 52 9
v -13 52 8
v -13 52 3
v -13 52 2
v -13 52 1
v -13 53 16
v -13 53 15
v -13 53 14
v -13 53 13
v -13 53 12
v -13 53 11
v -13 53 10
v -13 53 9
v -13 53 7
v -13 53 5
v -13 53 4
v -13 53 3
v -13 53 1
v -13 53 -0
v -13 53 -1
v -13 71 14
v -13 71 5
v -13 73 14
v -13 73 6
v -13 73 5
v -13 86 8
v -13 86 7
v -13 86 5
v -13 86 2
v -13 91 8
v -13 91 7
v -13 91 5
v -13 91 2
v -13 92 5
v -13 92 2
v -12 66 16
v -12 66 5
v -12 70 16
v -12 70 14
v -12 70 5
v -12 86 12
v -12 86 9
v -12 86 1
v -12 86 -2
v -12 87 12
v -12 87 9
v -12 87 1
v -12 87 -2
v -12 88 12
v -12 88 11
v -12 89 12
v -12 89 11
v -12 91 12
v -12 91 9
v -12 91 1
v -12 91 -2
v -12 92 12
v -12 92 9
v -12 92 1
v -12 92 -2
v -11 86 9
v -11 86 6
v -11 86 4
v -11 86 3
v -11 87 9
v -11 91 9
v -11 91 6
v -11 91 4
v -11 91 3
v -11 92 9
v -11 92 6
v -10 86 11
v -10 86 10
v -10 86 -0
v -10 86 -1
v -10 87 11
v -10 87 10
v -10 87 -0
v -10 87 -1
v -10 88 11
v -10 89 11
v -10 90 11
v -10 91 11
v -10 91 10
v -10 91 -0
v -10 91 -1
v -9 71 14
v -9 71 4
v -9 75 14
v -9 75 4
v -9 86 8
v -9 86 7
v -9 91 8
v -9 91 7
v -8 64 16
v -8 64 -0
v -8 71 16
v -8 71 14
v -8 71 4
v -8 71 -0
v -8 107 18
v -8 107 17
v -8 107 -5
v -8 117 22
v -8 117 18
v -8 117 -5
v -8 118 22
v -8 118 18
v -8 118 -4
v -8 119 -4
v -8 119 -5
v -8 121 -4
v -8 121 -5
v -7 86 13
v -7 86 11
v -7 86 10
v -7 86 9
v -7 86 -0
v -7 87 13
v -7 87 12
v -7 87 11
v -7 87 10
v -7 87 9
v -7 88 13
v -7 88 12
v -7 89 13
v -7 89 12
v -7 89 1
v -7 89 -0
v -7 91 12
v -7 91 1
v -7 92 12
v -7 92 1
v -7 95 12
v -7 95 1
v -7 121 -4
v -7 121 -5
v -7 122 -4
v -7 122 -5
v -5 93 12
v -5 93 1
v -5 94 12
v -5 94 1
v -3 9 20
v -3 9 17
v -3 9 -2
v -3 20 21
v -3 20 20
v -3 25 21
v -3 25 20
v -3 30 20
v -3 30 -2
v -3 92 12
v -3 92 1
v -3 95 12
v -3 95 1
v -2 86 13
v -2 86 -0
v -2 89 13
v -2 89 12
v -2 89 11
v -2 89 2
v -2 89 1
v -2 89 -0
v -1 10 -0
v -1 10 -1
v -1 18 -0
v -1 18 -1
v -1 23 17
v -1 23 15
v -1 24 15
v -1 24 13
v -1 24 12
v -1 24 6
v -1 24 1
v -1 25 17
v -1 25 15
v -1 25 13
v -1 25 12
v -1 25 6
v -1 25 1
v -1 93 12
v -1 93 1
v -1 94 12
v -1 94 1
v 0 14 1
v 0 14 -0
v 0 18 1
v 0 18 -0
v 0 22 18
v 0 22 16
v 0 23 17
v 0 23 16
v 0 24 1
v 0 24 -0
v 0 25 18
v 0 25 17
v 0 26 3
v 0 26 1
v 0 27 3
v 0 27 -0
v 1 19 9
v 1 19 7
v 1 21 13
v 1 21 10
v 1 21 9
v 1 21 7
v 1 22 14
v 1 22 13
v 1 22 10
v 1 22 7
v 1 23 14
v 1 23 11
v 1 23 10
v 1 23 7
v 1 26 6
v 1 26 5
v 1 27 8
v 1 27 6
v 1 28 8
v 1 28 5
v 2 18 19
v 2 18 18
v 2 21 19
v 2 21 18
v 2 41 21
v 2 41 16
v 2 42 21
v 2 43 21
v 2 50 21
v 2 50 16
v 2 64 15
v 2 64 -2
v 2 72 15
v 2 72 -2
v 3 18 9
v 3 18 7
v 3 19 9
v 3 19 7
v 3 24 15
v 3 24 13
v 3 25 16
v 3 25 15
v 3 25 13
v 3 25 12
v 3 26 16
v 3 26 12
v 3 86 9
v 3 86 6
v 3 90 9
v 3 90 6
v 3 93 9
v 3 93 6
v 3 95 9
v 3 95 6
v 4 21 18
v 4 21 17
v 4 21 16
v 4 21 15
v 4 22 18
v 4 22 17
v 4 22 3
v 4 22 2
v 4 23 16
v 4 23 15
v 4 23 13
v 4 23 3
v 4 23 2
v 4 24 15
v 4 24 13
v 4 86 15
v 4 86 14
v 4 86 13
v 4 86 12
v 4 86 10
v 4 86 9
v 4 86 6
v 4 86 5
v 4 87 15
v 4 87 14
v 4 87 13
v 4 87 12
v 4 88 14
v 4 88 13
v 4 90 10
v 4 90 9
v 4 90 6
v 4 90 5
v 4 93 10
v 4 93 9
v 4 93 6
v 4 93 5
v 4 95 10
v 4 95 9
v 4 95 6
v 4 95 5
v 4 96 9
v 4 96 6
v 5 86 16
v 5 86 15
v 5 86 12
v 5 86 11
v 5 86 3
v 5 86 -0
v 5 87 16
v 5 87 15
v 5 87 14
v 5 87 13
v 5 87 12
v 5 87 11
v 5 88 15
v 5 88 14
v 5 88 13
v 5 88 12
v 5 89 15
v 5 89 14
v 5 89 13
v 5 89 12
v 5 90 14
v 5 90 13
v 5 91 2
v 5 91 -0
v 5 93 2
v 5 93 -0
v 5 95 3
v 5 95 -0
v 5 96 8
v 5 96 7
v 5 97 8
v 5 97 7
v 6 23 11
v 6 23 8
v 6 24 -0
v 6 24 -1
v 6 25 -1
v 6 26 11
v 6 26 8
v 6 26 1
v 6 26 -0
v 6 27 1
v 6 27 -1
v 6 64 15
v 6 64 -2
v 6 72 15
v 6 72 -2
v 6 86 8
v 6 86 7
v 6 86 4
v 6 86 3
v 6 86 -0
v 6 86 -1
v 6 87 16
v 6 87 15
v 6 87 12
v 6 87 11
v 6 88 16
v 6 88 15
v 6 88 12
v 6 88 11
v 6 89 15
v 6 89 14
v 6 89 13
v 6 89 12
v 6 90 15
v 6 90 14
v 6 90 13
v 6 90 12
v 6 91 14
v 6 91 13
v 6 91 -0
v 6 91 -1
v 6 93 -0
v 6 93 -1
v 6 94 8
v 6 94 7
v 6 95 4
v 6 95 3
v 6 95 -0
v 6 95 -1
v 6 96 3
v 6 96 -0
v 6 114 16
v 6 114 -4
v 6 115 17
v 6 115 16
v 6 115 -4
v 6 117 17
v 6 118 17
v 6 118 -4
v 7 23 13
v 7 23 11
v 7 23 8
v 7 23 4
v 7 24 13
v 7 24 12
v 7 26 13
v 7 26 12
v 7 26 11
v 7 26 10
v 7 26 8
v 7 27 13
v 7 27 11
v 7 27 10
v 7 27 9
v 7 27 4
v 7 28 11
v 7 28 9
v 7 40 19
v 7 40 17
v 7 40 -0
v 7 49 19
v 7 49 -0
v 7 51 19
v 7 51 -0
v 7 96 2
v 7 96 1
v 7 97 2
v 7 97 1
v 7 108 17
v 7 108 -4
v 7 114 16
v 7 114 -4
v 7 115 17
v 7 115 16
v 8 23 4
v 8 23 3
v 8 25 3
v 8 25 2
v 8 26 4
v 8 26 2
v 8 86 2
v 8 86 1
v 8 91 2
v 8 91 1
v 8 93 2
v 8 93 1
v 8 94 2
v 8 94 1
v 9 24 15
v 9 24 14
v 9 25 15
v 9 25 14
v 9 26 2
v 9 26 1
v 9 27 1
v 9 27 -0
v 9 28 2
v 9 28 -0
v 9 64 -2
v 9 64 -3
v 9 72 15
v 9 72 -2
v 9 74 15
v 9 74 -3
v 9 107 19
v 9 107 17
v 9 107 -4
v 9 114 22
v 9 114 21
v 9 116 22
v 9 116 21
v 9 116 20
v 9 118 21
v 9 118 20
v 9 118 19
v 9 118 -4
v 9 119 20
v 9 119 19
v 9 119 -4
v 9 123 19
v 9 123 -4
v 10 86 10
v 10 86 7
v 10 86 5
v 10 86 3
v 10 89 10
v 10 89 7
v 10 90 10
v 10 90 7
v 10 91 10
v 10 91 7
v 10 92 10
v 10 92 7
v 10 95 10
v 10 95 7
v 10 95 5
v 10 95 3
v 11 23 18
v 11 23 17
v 11 24 17
v 11 24 15
v 11 25 15
v 11 27 18
v 11 27 15
v 11 64 16
v 11 64 15
v 11 74 15
v 11 74 -1
v 11 77 16
v 11 77 -1
v 11 86 11
v 11 86 10
v 11 86 7
v 11 86 6
v 11 86 5
v 11 86 2
v 11 86 1
v 11 89 11
v 11 89 10
v 11 89 7
v 11 90 11
v 11 90 10
v 11 90 7
v 11 91 11
v 11 91 10
v 11 91 7
v 11 92 11
v 11 92 10
v 11 92 7
v 11 95 11
v 11 95 10
v 11 95 7
v 11 95 6
v 11 95 5
v 11 95 2
v 11 95 1
v 11 96 10
v 11 96 7
v 11 96 5
v 11 96 2
v 12 19 3
v 12 19 1
v 12 21 17
v 12 21 16
v 12 23 17
v 12 23 16
v 12 23 3
v 12 23 1
v 12 24 11
v 12 24 10
v 12 25 15
v 12 25 11
v 12 26 15
v 12 26 11
v 12 26 10
v 12 27 10
v 12 27 5
v 12 28 11
v 12 28 5
v 12 96 9
v 12 96 8
v 12 96 4
v 12 96 3
v 12 97 9
v 12 97 8
v 12 97 4
v 12 97 3
v 13 86 9
v 13 86 8
v 13 86 4
v 13 86 3
v 13 89 9
v 13 92 9
v 13 94 9
v 13 94 8
v 13 94 4
v 13 94 3
v 14 10 19
v 14 10 -0
v 14 18 19
v 14 18 14
v 14 18 1
v 14 19 10
v 14 19 7
v 14 19 1
v 14 21 19
v 14 21 17
v 14 21 10
v 14 21 9
v 14 22 -0
v 14 22 -1
v 14 23 18
v 14 23 17
v 14 23 1
v 14 23 -0
v 14 25 20
v 14 25 19
v 14 25 7
v 14 25 6
v 14 25 -1
v 14 25 -2
v 14 26 15
v 14 26 11
v 14 26 9
v 14 26 6
v 14 26 5
v 14 26 -0
v 14 27 18
v 14 27 15
v 14 28 11
v 14 28 5
v 14 30 20
v 14 30 -2
v 15 86 13
v 15 86 10
v 15 86 -0
v 15 86 -3
v 15 89 13
v 15 89 10
v 15 90 13
v 15 90 10
v 15 93 13
v 15 93 10
v 15 95 13
v 15 95 10
v 15 95 -0
v 15 95 -3
v 16 64 15
v 16 64 3
v 16 68 15
v 16 68 3
v 16 72 15
v 16 72 14
v 16 72 11
v 16 72 3
v 16 74 14
v 16 74 11
v 16 76 14
v 16 76 11
v 16 77 14
v 16 77 11
v 16 86 14
v 16 86 13
v 16 86 10
v 16 86 9
v 16 86 6
v 16 86 3
v 16 86 1
v 16 86 -0
v 16 86 -3
v 16 86 -4
v 16 89 14
v 16 89 13
v 16 89 10
v 16 89 9
v 16 90 14
v 16 90 13
v 16 90 10
v 16 90 9
v 16 91 6
v 16 91 3
v 16 93 14
v 16 93 13
v 16 93 10
v 16 93 9
v 16 93 6
v 16 93 3
v 16 95 14
v 16 95 13
v 16 95 10
v 16 95 9
v 16 95 6
v 16 95 3
v 16 95 1
v 16 95 -0
v 16 95 -3
v 16 95 -4
v 16 96 13
v 16 96 10
v 16 96 -0
v 16 96 -3
v 17 72 15
v 17 72 14
v 17 72 11
v 17 72 10
v 17 74 15
v 17 74 14
v 17 74 11
v 17 74 10
v 17 76 15
v 17 76 14
v 17 76 11
v 17 76 10
v 17 77 15
v 17 77 14
v 17 77 11
v 17 77 10
v 17 86 7
v 17 86 6
v 17 86 3
v 17 86 2
v 17 91 7
v 17 91 6
v 17 91 3
v 17 93 7
v 17 93 6
v 17 93 3
v 17 95 7
v 17 95 6
v 17 95 3
v 17 95 2
v 17 96 12
v 17 96 11
v 17 96 6
v 17 96 3
v 17 96 -1
v 17 96 -2
v 17 97 12
v 17 97 11
v 17 97 -1
v 17 97 -2
v 18 86 12
v 18 86 11
v 18 86 -1
v 18 86 -2
v 18 89 12
v 18 89 11
v 18 90 12
v 18 90 11
v 18 91 -1
v 18 91 -2
v 18 93 12
v 18 93 11
v 18 93 -1
v 18 93 -2
v 18 94 12
v 18 94 11
v 18 94 -1
v 18 94 -2
v 18 96 5
v 18 96 4
v 18 97 5
v 18 97 4
v 19 72 13
v 19 72 12
v 19 74 13
v 19 74 12
v 19 75 13
v 19 75 12
v 19 86 5
v 19 86 4
v 19 91 5
v 19 91 4
v 19 93 5
v 19 93 4
v 19 94 5
v 19 94 4
v 20 41 18
v 20 41 1
v 20 49 18
v 20 49 1
v 20 51 18
v 20 51 1
v 23 108 18
v 23 108 -3
v 23 118 18
v 23 118 -3
v 23 119 19
v 23 119 18
v 23 119 -3
v 23 122 -3
v 23 122 -4
v 23 123 19
v 23 123 -4
v 24 0 17
v 24 0 15
v 24 0 -3
v 24 0 -5
v 24 7 17
v 24 7 16
v 24 7 -4
v 24 7 -5
v 24 8 16
v 24 8 15
v 24 8 -3
v 24 8 -4
v 24 9 17
v 24 9 15
v 24 9 -3
v 24 9 -5
v 24 38 17
v 24 38 16
v 24 38 -4
v 24 38 -5
v 24 39 16
v 24 39 15
v 24 39 -3
v 24 39 -4
v 24 40 17
v 24 40 15
v 24 40 -3
v 24 40 -5
v 24 62 17
v 24 62 16
v 24 62 -4
v 24 62 -5
v 24 63 16
v 24 63 15
v 24 63 -3
v 24 63 -4
v 24 64 17
v 24 64 15
v 24 64 -3
v 24 64 -5
v 24 84 17
v 24 84 16
v 24 84 -4
v 24 84 -5
v 24 85 16
v 24 85 15
v 24 85 -3
v 24 85 -4
v 24 86 17
v 24 86 15
v 24 86 -3
v 24 86 -5
v 24 105 17
v 24 105 16
v 24 105 -4
v 24 105 -5
v 24 106 16
v 24 106 15
v 24 106 -3
v 24 106 -4
v 24 107 -4
v 24 107 -5
v 24 112 -4
v 24 112 -5
v 25 7 15
v 25 7 -3
v 25 8 15
v 25 8 -3
v 25 38 15
v 25 38 -3
v 25 39 15
v 25 39 -3
v 25 62 15
v 25 62 -3
v 25 63 15
v 25 63 -3
v 25 84 15
v 25 84 -3
v 25 85 15
v 25 85 -3
v 25 105 15
v 25 105 -3
v 25 106 15
v 25 106 -3
v -42 107 15
v -42 107 14
v -42 107 13
v -42 108 18
v -42 108 17
v -42 108 15
v -42 108 14
v -42 108 13
v -42 109 18
v -42 109 17
v -42 109 15
v -42 109 14
v -42 110 15
v -42 110 14
v -42 111 14
v -42 111 13
v -42 112 17
v -42 112 16
v -42 112 15
v -42 112 14
v -42 113 17
v -42 113 16
v -42 113 15
v -41 7 15
v -41 7 -3
v -41 8 15
v -41 8 -3
v -41 38 15
v -41 38 -3
v -41 39 15
v -41 39 -3
v -41 62 15
v -41 62 -3
v -41 63 15
v -41 63 -3
v -41 67 2
v -41 67 -1
v -41 69 2
v -41 69 -1
v -41 84 15
v -41 84 -3
v -41 85 15
v -41 85 -3
v -41 104 18
v -41 104 17
v -41 105 18
v -41 105 17
v -41 105 15
v -41 105 -3
v -41 106 15
v -41 106 -3
v -40 0 17
v -40 0 15
v -40 0 -3
v -40 0 -5
v -40 7 17
v -40 7 16
v -40 7 -4
v -40 7 -5
v -40 8 16
v -40 8 15
v -40 8 -3
v -40 8 -4
v -40 9 17
v -40 9 15
v -40 9 -3
v -40 9 -5
v -40 38 17
v -40 38 16
v -40 38 -4
v -40 38 -5
v -40 39 16
v -40 39 15
v -40 39 -3
v -40 39 -4
v -40 40 17
v -40 40 15
v -40 40 -3
v -40 40 -5
v -40 62 17
v -40 62 16
v -40 62 -4
v -40 62 -5
v -40 63 16
v -40 63 15
v -40 63 -3
v -40 63 -4
v -40 64 17
v -40 64 15
v -40 64 -3
v -40 64 -5
v -40 69 2
v -40 69 -1
v -40 71 2
v -40 71 -1
v -40 84 17
v -40 84 16
v -40 84 -4
v -40 84 -5
v -40 85 16
v -40 85 15
v -40 85 -3
v -40 85 -4
v -40 86 17
v -40 86 15
v -40 86 -3
v -40 86 -5
v -40 87 -3
v -40 105 18
v -40 105 17
v -40 105 16
v -40 105 -4
v -40 105 -5
v -40 106 18
v -40 106 17
v -40 106 16
v -40 106 15
v -40 106 -3
v -40 106 -4
v -40 107 17
v -40 107 15
v -40 107 -3
v -40 107 -5
v -40 109 17
v -40 110 17
v -40 112 18
v -40 112 17
v -40 112 15
v -40 112 -3
v -40 112 -5
v -40 113 18
v -40 113 17
v -39 106 18
v -39 106 17
v -39 107 18
v -39 107 17
v -39 111 18
v -39 111 17
v -39 112 18
v -39 112 17
v -38 41 17
v -38 41 14
v -38 41 2
v -38 41 1
v -38 48 17
v -38 48 14
v -38 48 2
v -38 48 1
v -38 50 17
v -38 50 14
v -38 50 2
v -38 50 1
v -38 64 1
v -38 64 -0
v -38 66 1
v -38 66 -0
v -38 67 1
v -38 67 -0
v -38 68 1
v -38 68 -0
v -38 69 1
v -38 69 -0
v -38 70 1
v -38 70 -0
v -38 71 2
v -38 71 1
v -38 71 -0
v -38 71 -1
v -38 72 2
v -38 72 1
v -38 72 -0
v -38 72 -1
v -38 107 18
v -38 107 17
v -38 108 18
v -38 108 17
v -38 109 18
v -38 109 17
v -38 110 18
v -38 110 17
v -38 111 18
v -38 111 17
v -37 65 17
v -37 65 6
v -37 68 17
v -37 68 6
v -37 71 1
v -37 71 -0
v -37 72 1
v -37 72 -0
v -37 86 12
v -37 86 11
v -37 87 12
v -37 89 12
v -37 89 11
v -37 92 12
v -37 92 11
v -37 93 12
v -37 93 11
v -36 64 4
v -36 64 3
v -36 64 -2
v -36 64 -3
v -36 67 4
v -36 67 3
v -36 67 2
v -36 67 -1
v -36 67 -2
v -36 67 -3
v -36 69 3
v -36 69 2
v -36 69 -1
v -36 69 -2
v -36 71 2
v -36 71 -1
v -36 86 14
v -36 86 13
v -36 86 10
v -36 86 9
v -36 87 14
v -36 87 13
v -36 87 10
v -36 87 9
v -36 94 14
v -36 94 13
v -36 94 10
v -36 94 9
v -36 95 14
v -36 95 13
v -36 95 10
v -36 95 9
v -36 96 12
v -36 96 11
v -36 97 12
v -36 97 11
v -35 64 3
v -35 64 2
v -35 64 -1
v -35 64 -2
v -35 67 3
v -35 67 2
v -35 67 -1
v -35 67 -2
v -35 69 2
v -35 69 -1
v -35 86 13
v -35 86 12
v -35 86 11
v -35 86 10
v -35 87 14
v -35 87 13
v -35 87 12
v -35 87 11
v -35 87 10
v -35 87 9
v -35 88 7
v -35 88 6
v -35 88 -2
v -35 89 14
v -35 89 13
v -35 89 10
v -35 89 9
v -35 89 7
v -35 89 -2
v -35 90 14
v -35 90 13
v -35 90 10
v -35 90 9
v -35 91 14
v -35 91 13
v -35 92 14
v -35 92 13
v -35 92 10
v -35 92 9
v -35 94 14
v -35 94 13
v -35 94 12
v -35 94 11
v -35 94 10
v -35 94 9
v -35 95 12
v -35 95 11
v -35 96 13
v -35 96 10
v -34 64 2
v -34 64 -1
v -34 67 2
v -34 67 -1
v -34 86 12
v -34 86 11
v -34 86 7
v -34 86 -3
v -34 87 13
v -34 87 12
v -34 87 11
v -34 87 10
v -34 87 7
v -34 87 6
v -34 88 6
v -34 88 -3
v -34 89 13
v -34 89 10
v -34 90 13
v -34 90 10
v -34 92 13
v -34 92 10
v -34 94 13
v -34 94 12
v -34 94 11
v -34 94 10
v -34 95 12
v -34 95 11
v -33 69 16
v -33 69 15
v -33 69 10
v -33 69 9
v -33 73 16
v -33 73 15
v -33 73 14
v -33 73 11
v -33 73 10
v -33 73 9
v -33 74 15
v -33 74 14
v -33 74 11
v -33 75 15
v -33 75 14
v -33 75 13
v -33 75 12
v -33 75 11
v -33 75 10
v -33 76 14
v -33 76 11
v -32 14 -1
v -32 14 -2
v -32 19 15
v -32 19 -1
v -32 22 15
v -32 22 -2
v -32 69 15
v -32 69 14
v -32 69 11
v -32 69 10
v -32 73 15
v -32 73 14
v -32 73 13
v -32 73 12
v -32 73 11
v -32 73 10
v -32 74 13
v -32 74 12
v -32 74 11
v -32 75 14
v -32 75 13
v -32 75 12
v -32 75 11
v -31 69 14
v -31 69 13
v -31 69 12
v -31 69 11
v -31 73 14
v -31 73 13
v -31 73 12
v -31 73 11
v -31 86 13
v -31 86 12
v -31 91 13
v -31 91 12
v -30 18 16
v -30 18 -1
v -30 19 16
v -30 19 -1
v -30 50 14
v -30 50 13
v -30 50 12
v -30 50 11
v -30 50 10
v -30 50 9
v -30 50 8
v -30 50 7
v -30 50 6
v -30 50 5
v -30 50 4
v -30 50 3
v -30 50 2
v -30 52 14
v -30 52 13
v -30 52 11
v -30 52 10
v -30 52 6
v -30 52 5
v -30 53 13
v -30 53 12
v -30 53 11
v -30 53 10
v -30 53 9
v -30 53 8
v -30 53 7
v -30 53 6
v -30 53 5
v -30 53 4
v -30 53 3
v -30 53 2
v -30 64 18
v -30 64 17
v -30 64 5
v -30 68 18
v -30 68 5
v -29 40 18
v -29 40 17
v -29 40 -0
v -29 48 18
v -29 48 -0
v -29 50 18
v -29 50 -0
v -29 69 17
v -29 69 4
v -29 72 17
v -29 72 4
v -29 86 15
v -29 86 14
v -29 86 11
v -29 86 10
v -29 89 15
v -29 89 14
v -29 89 11
v -29 89 10
v -29 90 15
v -29 90 14
v -29 90 11
v -29 91 15
v -29 91 14
v -29 91 11
v -29 92 15
v -29 92 14
v -29 92 11
v -29 92 10
v -28 86 14
v -28 86 11
v -28 89 14
v -28 89 13
v -28 89 12
v -28 89 11
v -28 90 14
v -28 90 13
v -28 90 12
v -28 90 11
v -28 91 14
v -28 91 11
v -28 92 14
v -28 92 11
v -28 107 15
v -28 107 7
v -28 110 15
v -28 110 7
v -27 14 16
v -27 14 -1
v -27 19 16
v -27 19 -1
v -27 41 17
v -27 41 11
v -27 47 17
v -27 47 11
v -27 49 17
v -27 49 11
v -27 86 6
v -27 86 5
v -27 86 -0
v -27 86 -1
v -27 87 6
v -27 87 5
v -27 87 -0
v -27 87 -1
v -27 88 6
v -27 88 5
v -26 9 17
v -26 9 -4
v -26 14 17
v -26 14 -4
v -26 86 -1
v -26 86 -2
v -26 87 -1
v -26 87 -2
v -26 108 15
v -26 108 5
v -26 109 15
v -26 109 14
v -26 111 15
v -26 111 14
v -26 112 16
v -26 112 15
v -26 112 5
v -26 112 4
v -26 113 16
v -26 113 4
v -25 86 8
v -25 86 7
v -25 86 4
v -25 86 3
v -25 88 8
v -25 88 7
v -25 88 4
v -25 88 3
v -25 113 16
v -25 113 4
v -25 114 16
v -25 114 4
v -24 86 7
v -24 86 4
v -24 88 7
v -24 88 4
v -24 114 16
v -24 114 4
v -24 115 16
v -24 115 4
v -23 13 17
v -23 13 5
v -23 13 2
v -23 14 17
v -23 14 5
v -23 14 2
v -23 15 17
v -23 15 14
v -23 15 13
v -23 15 11
v -23 15 10
v -23 15 9
v -23 15 7
v -23 15 6
v -23 15 5
v -23 15 2
v -23 87 13
v -23 87 12
v -23 89 13
v -23 89 12
v -23 90 13
v -23 90 12
v -23 91 13
v -23 91 12
v -23 91 11
v -23 92 13
v -23 92 12
v -23 92 11
v -23 93 13
v -23 93 12
v -23 94 11
v -23 94 10
v -23 95 13
v -23 95 10
v -22 15 17
v -22 15 14
v -22 15 13
v -22 15 11
v -22 15 10
v -22 15 9
v -22 15 7
v -22 15 6
v -22 15 5
v -22 15 2
v -22 16 17
v -22 16 14
v -22 16 13
v -22 16 12
v -22 16 11
v -22 16 10
v -22 16 9
v -22 16 8
v -22 16 7
v -22 16 6
v -22 16 5
v -22 16 2
v -22 17 17
v -22 17 13
v -22 17 12
v -22 17 11
v -22 17 9
v -22 17 8
v -22 17 5
v -22 17 2
v -22 18 17
v -22 18 16
v -22 18 14
v -22 18 13
v -22 18 12
v -22 18 11
v -22 18 10
v -22 18 9
v -22 18 8
v -22 18 7
v -22 18 2
v -22 87 12
v -22 87 11
v -22 89 12
v -22 89 11
v -22 90 11
v -22 91 12
v -22 91 11
v -22 92 11
v -22 92 10
v -22 94 11
v -22 94 10
v -22 114 16
v -22 114 4
v -22 115 16
v -22 115 4
v -21 18 17
v -21 18 16
v -21 18 14
v -21 18 13
v -21 18 12
v -21 18 10
v -21 18 9
v -21 18 7
v -21 18 2
v -21 19 17
v -21 19 16
v -21 19 15
v -21 19 14
v -21 19 13
v -21 19 12
v -21 19 7
v -21 19 6
v -21 19 2
v -21 20 16
v -21 20 15
v -21 20 14
v -21 20 13
v -21 20 12
v -21 20 10
v -21 20 9
v -21 20 7
v -21 20 6
v -21 21 14
v -21 21 13
v -21 21 12
v -21 21 11
v -21 21 10
v -21 21 8
v -21 21 7
v -21 22 17
v -21 22 13
v -21 22 11
v -21 22 10
v -21 22 9
v -21 22 8
v -21 22 5
v -21 23 8
v -21 23 5
v -21 23 3
v -21 24 17
v -21 24 12
v -21 24 11
v -21 24 10
v -21 24 8
v -21 24 7
v -21 24 5
v -21 24 3
v -21 24 2
v -21 25 12
v -21 25 11
v -21 26 12
v -21 26 11
v -21 26 8
v -21 26 7
v -21 27 11
v -21 27 8
v -21 64 17
v -21 64 1
v -21 65 17
v -21 65 1
v -21 66 17
v -21 66 1
v -21 67 17
v -21 67 1
v -21 68 17
v -21 68 3
v -21 68 1
v -21 72 14
v -21 72 8
v -21 74 14
v -21 74 8
v -21 87 13
v -21 87 12
v -21 92 13
v -21 92 12
v -21 94 13
v -21 94 12
v -21 95 13
v -21 95 12
v -21 113 16
v -21 113 4
v -21 114 16
v -21 114 4
v -20 68 18
v -20 68 3
v -20 72 18
v -20 72 3
v -20 86 14
v -20 86 13
v -20 86 10
v -20 86 9
v -20 91 13
v -20 91 10
v -20 91 9
v -20 92 14
v -20 92 13
v -20 93 13
v -20 93 10
v -20 93 9
v -20 94 14
v -20 94 13
v -20 95 14
v -20 95 13
v -20 95 10
v -20 95 9
v -20 107 16
v -20 107 4
v -20 109 16
v -20 109 15
v -20 110 16
v -20 110 15
v -20 111 16
v -20 111 15
v -20 113 16
v -20 113 4
v -19 86 13
v -19 86 11
v -19 86 10
v -19 91 13
v -19 91 12
v -19 91 11
v -19 91 10
v -19 92 12
v -19 92 11
v -19 93 13
v -19 93 12
v -19 93 11
v -19 93 10
v -19 94 12
v -19 94 11
v -19 95 13
v -19 95 10
v -18 49 11
v -18 49 10
v -18 49 8
v -18 49 7
v -18 49 4
v -18 49 2
v -18 50 9
v -18 50 8
v -18 51 11
v -18 51 10
v -18 51 9
v -18 51 8
v -18 51 7
v -18 51 4
v -18 51 2
v -18 74 15
v -18 74 6
v -18 75 15
v -18 75 6
v -17 40 18
v -17 40 17
v -17 40 1
v -17 47 18
v -17 47 1
v -17 49 18
v -17 49 1
v -17 66 16
v -17 66 14
v -17 70 16
v -17 70 14
v -17 86 6
v -17 86 5
v -17 88 6
v -17 88 5
v -17 89 6
v -17 91 6
v -17 91 5
v -16 86 2
v -16 86 1
v -16 87 2
v -16 87 1
v -16 90 2
v -16 90 1
v -15 86 6
v -15 86 4
v -15 88 6
v -15 88 4
v -15 91 6
v -15 91 4
v -15 92 6
v -15 92 4
v -14 71 14
v -14 71 6
v -14 73 14
v -14 73 6
v -14 86 8
v -14 86 7
v -14 86 3
v -14 86 -0
v -14 87 3
v -14 87 -0
v -14 90 3
v -14 90 -0
v -14 91 8
v -14 91 7
v -14 91 3
v -14 91 -0
v -13 9 19
v -13 9 17
v -13 9 16
v -13 9 4
v -13 9 -0
v -13 12 19
v -13 12 18
v -13 12 16
v -13 12 4
v -13 12 1
v -13 12 -0
v -13 13 4
v -13 13 3
v -13 14 18
v -13 14 17
v -13 14 4
v -13 14 3
v -13 14 2
v -13 15 17
v -13 15 16
v -13 15 3
v -13 15 2
v -13 15 1
v -13 16 18
v -13 16 16
v -13 16 2
v -13 16 1
v -13 17 18
v -13 17 16
v -13 18 3
v -13 18 1
v -13 19 4
v -13 19 3
v -13 19 1
v -13 20 4
v -13 20 3
v -13 20 2
v -13 21 16
v -13 21 13
v -13 21 10
v -13 21 8
v -13 21 4
v -13 21 3
v -13 21 2
v -13 21 1
v -13 22 15
v -13 22 13
v -13 22 12
v -13 22 9
v -13 22 8
v -13 22 2
v -13 22 1
v -13 23 18
v -13 23 16
v -13 23 15
v -13 23 13
v -13 23 12
v -13 23 10
v -13 23 9
v -13 23 1
v -13 24 18
v -13 24 12
v -13 24 11
v -13 24 8
v -13 24 7
v -13 24 1
v -13 26 12
v -13 26 11
v -13 26 8
v -13 26 7
v -13 27 11
v -13 27 8
v -13 41 21
v -13 41 16
v -13 45 19
v -13 45 16
v -13 46 21
v -13 46 18
v -13 46 16
v -13 47 18
v -13 47 17
v -13 47 16
v -13 49 21
v -13 49 18
v -13 49 17
v -13 49 16
v -13 50 21
v -13 50 19
v -13 50 16
v -13 66 14
v -13 66 5
v -13 70 14
v -13 70 5
v -12 86 9
v -12 86 6
v -12 86 4
v -12 86 3
v -12 87 9
v -12 91 9
v -12 91 6
v -12 91 4
v -12 91 3
v -12 92 9
v -12 92 6
v -11 64 17
v -11 64 4
v -11 70 17
v -11 70 14
v -11 70 5
v -11 70 4
v -11 86 11
v -11 86 10
v -11 86 -0
v -11 86 -1
v -11 87 11
v -11 87 10
v -11 87 -0
v -11 87 -1
v -11 88 11
v -11 89 11
v -11 90 11
v -11 91 11
v -11 91 10
v -11 91 -0
v -11 91 -1
v -10 70 14
v -10 70 5
v -10 73 15
v -10 73 14
v -10 73 6
v -10 73 5
v -10 74 15
v -10 74 6
v -10 86 8
v -10 86 7
v -10 86 5
v -10 86 2
v -10 91 8
v -10 91 7
v -10 91 5
v -10 91 2
v -10 92 5
v -10 92 2
v -9 9 16
v -9 9 15
v -9 9 5
v -9 9 4
v -9 11 15
v -9 11 5
v -9 12 15
v -9 12 5
v -9 20 15
v -9 20 5
v -9 21 16
v -9 21 4
v -9 86 12
v -9 86 9
v -9 86 1
v -9 86 -2
v -9 87 12
v -9 87 9
v -9 87 1
v -9 87 -2
v -9 88 12
v -9 88 11
v -9 89 12
v -9 89 11
v -9 91 12
v -9 91 9
v -9 91 1
v -9 91 -2
v -9 92 12
v -9 92 9
v -9 92 1
v -9 92 -2
v -8 86 9
v -8 86 6
v -8 91 9
v -8 91 6
v -8 92 9
v -8 92 6
v -7 108 17
v -7 108 -4
v -7 115 17
v -7 115 5
v -7 115 4
v -7 115 -3
v -7 116 5
v -7 116 4
v -7 116 -3
v -7 116 -4
v -6 93 12
v -6 93 1
v -6 94 12
v -6 94 1
v -6 115 17
v -6 115 5
v -6 115 4
v -6 115 -3
v -6 116 17
v -6 116 5
v -6 116 4
v -6 116 -3
v -6 116 -4
v -6 117 17
v -6 118 17
v -6 118 -4
v -5 64 16
v -5 64 15
v -5 64 1
v -5 64 -0
v -5 70 15
v -5 70 1
v -5 71 16
v -5 71 14
v -5 71 4
v -5 71 -0
v -4 9 15
v -4 9 5
v -4 15 15
v -4 15 5
v -4 16 15
v -4 16 5
v -4 20 15
v -4 20 5
v -4 71 14
v -4 71 4
v -4 75 14
v -4 75 4
v -4 92 12
v -4 92 1
v -4 95 12
v -4 95 1
v -3 86 13
v -3 86 -0
v -3 89 13
v -3 89 12
v -3 89 11
v -3 89 2
v -3 89 1
v -3 89 -0
v -2 10 19
v -2 10 14
v -2 10 1
v -2 10 -1
v -2 11 9
v -2 11 1
v -2 18 18
v -2 18 14
v -2 18 7
v -2 18 -1
v -2 21 13
v -2 21 10
v -2 21 9
v -2 21 7
v -2 22 18
v -2 22 17
v -2 22 14
v -2 22 13
v -2 22 10
v -2 22 7
v -2 23 17
v -2 23 15
v -2 23 14
v -2 23 11
v -2 23 10
v -2 23 7
v -2 24 15
v -2 24 14
v -2 24 12
v -2 24 6
v -2 24 -1
v -2 25 20
v -2 25 19
v -2 25 15
v -2 25 14
v -2 25 12
v -2 25 10
v -2 25 6
v -2 25 1
v -2 25 -1
v -2 25 -2
v -2 27 10
v -2 27 6
v -2 27 1
v -2 30 20
v -2 30 -2
v -2 93 12
v -2 93 1
v -2 94 12
v -2 94 1
v -1 22 17
v -1 22 15
v -1 23 17
v -1 23 15
v -1 26 6
v -1 26 1
v -1 27 6
v -1 27 1
v 0 64 15
v 0 64 1
v 0 70 15
v 0 70 1
v 0 92 12
v 0 92 1
v 0 95 12
v 0 95 1
v 1 24 15
v 1 24 14
v 1 25 15
v 1 25 14
v 1 89 12
v 1 89 1
v 1 91 12
v 1 91 1
v 1 92 12
v 1 92 1
v 2 23 15
v 2 23 13
v 2 24 15
v 2 24 13
v 2 50 16
v 2 50 15
v 2 50 12
v 2 50 11
v 2 50 10
v 2 50 7
v 2 50 5
v 2 50 3
v 2 50 2
v 2 50 1
v 2 50 -0
v 2 50 -1
v 2 51 8
v 2 51 7
v 2 51 5
v 2 51 4
v 2 52 14
v 2 52 13
v 2 52 9
v 2 52 8
v 2 52 3
v 2 52 2
v 2 52 1
v 2 53 16
v 2 53 15
v 2 53 14
v 2 53 13
v 2 53 12
v 2 53 11
v 2 53 10
v 2 53 9
v 2 53 7
v 2 53 5
v 2 53 4
v 2 53 3
v 2 53 1
v 2 53 -0
v 2 53 -1
v 2 86 13
v 2 86 -0
v 2 87 13
v 2 87 12
v 2 88 13
v 2 88 12
v 2 89 13
v 2 89 -0
v 3 19 3
v 3 19 1
v 3 20 1
v 3 20 -0
v 3 21 18
v 3 21 17
v 3 21 16
v 3 21 15
v 3 22 18
v 3 22 17
v 3 22 16
v 3 22 15
v 3 22 2
v 3 22 -0
v 3 22 -1
v 3 23 10
v 3 23 7
v 3 23 3
v 3 23 2
v 3 24 -0
v 3 24 -1
v 3 25 10
v 3 25 8
v 3 25 7
v 3 27 10
v 3 27 8
v 3 40 22
v 3 40 17
v 3 40 -2
v 3 41 22
v 3 41 21
v 3 42 22
v 3 42 21
v 3 50 22
v 3 50 -2
v 4 24 18
v 4 24 17
v 4 25 18
v 4 25 17
v 4 25 5
v 4 25 2
v 4 26 5
v 4 26 3
v 4 26 2
v 4 26 -0
v 4 27 3
v 4 27 -0
v 5 23 13
v 5 23 10
v 5 23 7
v 5 23 3
v 5 24 17
v 5 24 16
v 5 24 13
v 5 24 12
v 5 25 17
v 5 25 16
v 5 25 12
v 5 25 10
v 5 25 8
v 5 25 7
v 5 25 5
v 5 25 3
v 5 28 8
v 5 28 5
v 5 64 15
v 5 64 -2
v 5 72 15
v 5 72 -2
v 5 86 8
v 5 86 7
v 5 94 8
v 5 94 7
v 6 96 8
v 6 96 7
v 6 97 8
v 6 97 7
v 7 86 10
v 7 86 9
v 7 86 6
v 7 86 5
v 7 86 2
v 7 86 1
v 7 87 16
v 7 87 15
v 7 87 12
v 7 87 11
v 7 88 16
v 7 88 15
v 7 88 12
v 7 88 11
v 7 89 15
v 7 89 14
v 7 89 13
v 7 89 12
v 7 90 15
v 7 90 14
v 7 90 13
v 7 90 12
v 7 90 10
v 7 90 9
v 7 90 6
v 7 90 5
v 7 91 14
v 7 91 13
v 7 91 2
v 7 91 1
v 7 93 10
v 7 93 9
v 7 93 6
v 7 93 5
v 7 93 2
v 7 93 1
v 7 94 2
v 7 94 1
v 7 95 10
v 7 95 9
v 7 95 6
v 7 95 5
v 7 96 9
v 7 96 6
v 8 14 1
v 8 14 -0
v 8 18 1
v 8 19 1
v 8 20 1
v 8 20 -0
v 8 22 3
v 8 22 1
v 8 22 -0
v 8 23 3
v 8 23 1
v 8 23 -0
v 8 24 16
v 8 24 14
v 8 25 14
v 8 25 13
v 8 26 16
v 8 26 13
v 8 41 18
v 8 41 1
v 8 49 18
v 8 49 1
v 8 51 18
v 8 51 1
v 8 86 16
v 8 86 15
v 8 86 12
v 8 86 11
v 8 86 9
v 8 86 6
v 8 87 16
v 8 87 15
v 8 87 14
v 8 87 13
v 8 87 12
v 8 87 11
v 8 88 15
v 8 88 14
v 8 88 13
v 8 88 12
v 8 89 15
v 8 89 14
v 8 89 13
v 8 89 12
v 8 90 14
v 8 90 13
v 8 90 9
v 8 90 6
v 8 93 9
v 8 93 6
v 8 95 9
v 8 95 6
v 8 96 2
v 8 96 1
v 8 97 2
v 8 97 1
v 8 107 18
v 8 107 17
v 8 107 -5
v 8 117 22
v 8 117 18
v 8 117 -4
v 8 118 22
v 8 118 18
v 8 118 -4
v 8 118 -5
v 8 119 -4
v 8 119 -5
v 8 122 -4
v 8 122 -5
v 9 24 11
v 9 24 10
v 9 25 11
v 9 26 11
v 9 26 10
v 9 86 15
v 9 86 14
v 9 86 13
v 9 86 12
v 9 86 4
v 9 86 3
v 9 86 -0
v 9 86 -1
v 9 87 15
v 9 87 14
v 9 87 13
v 9 87 12
v 9 88 14
v 9 88 13
v 9 91 -0
v 9 91 -1
v 9 93 -0
v 9 93 -1
v 9 95 4
v 9 95 3
v 9 95 -0
v 9 95 -1
v 9 96 3
v 9 96 -0
v 10 10 14
v 10 10 12
v 10 11 12
v 10 11 9
v 10 18 14
v 10 18 9
v 10 21 18
v 10 21 16
v 10 22 17
v 10 22 16
v 10 24 18
v 10 24 17
v 10 25 13
v 10 25 11
v 10 26 11
v 10 26 10
v 10 27 13
v 10 27 11
v 10 27 10
v 10 27 9
v 10 28 11
v 10 28 9
v 10 86 2
v 10 86 -0
v 10 91 2
v 10 91 -0
v 10 93 2
v 10 93 -0
v 10 95 2
v 10 95 -0
v 10 108 18
v 10 108 -3
v 10 118 18
v 10 118 -3
v 10 119 19
v 10 119 18
v 10 119 -3
v 10 122 -3
v 10 122 -4
v 10 123 19
v 10 123 -4
v 11 22 17
v 11 22 16
v 11 23 17
v 11 23 16
v 11 24 -0
v 11 24 -1
v 11 25 -1
v 11 26 -0
v 11 27 -0
v 11 27 -1
v 11 64 -1
v 11 64 -3
v 11 74 -1
v 11 74 -3
v 12 10 12
v 12 10 1
v 12 11 12
v 12 11 1
v 12 19 10
v 12 19 7
v 12 21 10
v 12 21 9
v 12 23 9
v 12 23 7
v 12 86 9
v 12 86 8
v 12 86 4
v 12 86 3
v 12 89 9
v 12 90 9
v 12 90 8
v 12 91 9
v 12 91 8
v 12 92 9
v 12 92 8
v 12 94 9
v 12 94 8
v 12 94 4
v 12 94 3
v 13 23 9
v 13 23 7
v 13 25 7
v 13 25 6
v 13 26 9
v 13 26 6
v 13 26 5
v 13 26 4
v 13 26 2
v 13 26 -0
v 13 27 5
v 13 27 4
v 13 28 2
v 13 28 -0
v 13 96 9
v 13 96 8
v 13 96 4
v 13 96 3
v 13 97 9
v 13 97 8
v 13 97 4
v 13 97 3
v 14 86 11
v 14 86 10
v 14 86 7
v 14 86 6
v 14 86 5
v 14 86 2
v 14 86 1
v 14 95 11
v 14 95 10
v 14 95 7
v 14 95 6
v 14 95 5
v 14 95 2
v 14 95 1
v 14 96 10
v 14 96 7
v 14 96 5
v 14 96 2
v 15 9 20
v 15 9 17
v 15 9 -2
v 15 20 21
v 15 20 20
v 15 25 21
v 15 25 20
v 15 30 20
v 15 30 -2
v 15 64 16
v 15 64 -1
v 15 77 16
v 15 77 -1
v 15 86 10
v 15 86 7
v 15 86 5
v 15 86 2
v 15 89 10
v 15 90 10
v 15 93 10
v 15 95 10
v 15 95 7
v 15 95 5
v 15 95 2
v 17 86 12
v 17 86 11
v 17 86 -1
v 17 86 -2
v 17 89 12
v 17 90 12
v 17 91 -1
v 17 91 -2
v 17 93 12
v 17 93 -1
v 17 93 -2
v 17 94 12
v 17 94 11
v 17 94 -1
v 17 94 -2
v 18 72 13
v 18 72 12
v 18 74 13
v 18 74 12
v 18 75 13
v 18 75 12
v 18 86 5
v 18 86 4
v 18 91 5
v 18 91 4
v 18 93 5
v 18 93 4
v 18 94 5
v 18 94 4
v 18 96 12
v 18 96 11
v 18 96 -1
v 18 96 -2
v 18 97 12
v 18 97 11
v 18 97 -1
v 18 97 -2
v 19 86 14
v 19 86 13
v 19 86 10
v 19 86 9
v 19 86 1
v 19 86 -0
v 19 86 -3
v 19 86 -4
v 19 89 14
v 19 89 13
v 19 89 10
v 19 89 9
v 19 90 14
v 19 90 13
v 19 90 10
v 19 90 9
v 19 91 1
v 19 91 -0
v 19 91 -3
v 19 91 -4
v 19 93 14
v 19 93 13
v 19 93 10
v 19 93 9
v 19 93 1
v 19 93 -0
v 19 93 -3
v 19 93 -4
v 19 95 14
v 19 95 13
v 19 95 10
v 19 95 9
v 19 95 1
v 19 95 -0
v 19 95 -3
v 19 95 -4
v 19 96 13
v 19 96 10
v 19 96 5
v 19 96 4
v 19 96 -0
v 19 96 -3
v 19 97 5
v 19 97 4
v 20 72 15
v 20 72 14
v 20 72 11
v 20 72 10
v 20 74 15
v 20 74 14
v 20 74 11
v 20 74 10
v 20 76 15
v 20 76 14
v 20 76 11
v 20 76 10
v 20 77 15
v 20 77 14
v 20 77 11
v 20 77 10
v 20 86 13
v 20 86 10
v 20 86 7
v 20 86 6
v 20 86 3
v 20 86 2
v 20 86 -0
v 20 86 -3
v 20 89 13
v 20 89 10
v 20 90 13
v 20 90 10
v 20 91 -0
v 20 91 -3
v 20 93 13
v 20 93 10
v 20 93 -0
v 20 93 -3
v 20 95 13
v 20 95 10
v 20 95 7
v 20 95 6
v 20 95 3
v 20 95 2
v 20 95 -0
v 20 95 -3
v 20 96 6
v 20 96 3
v 21 40 19
v 21 40 17
v 21 40 -0
v 21 49 19
v 21 49 -0
v 21 51 19
v 21 51 -0
v 21 72 14
v 21 72 11
v 21 74 14
v 21 74 11
v 21 76 14
v 21 76 11
v 21 77 14
v 21 77 11
v 21 86 6
v 21 86 3
v 21 95 6
v 21 95 3
v 23 64 15
v 23 64 3
v 23 68 15
v 23 68 3
v 23 72 15
v 23 72 3
v 24 107 19
v 24 107 17
v 24 107 15
v 24 107 -3
v 24 112 17
v 24 112 15
v 24 112 -3
v 24 112 -4
v 24 114 22
v 24 114 21
v 24 116 22
v 24 116 21
v 24 116 20
v 24 118 21
v 24 118 20
v 24 118 19
v 24 118 -4
v 24 119 20
v 24 119 19
v 24 119 -4
v 24 123 19
v 24 123 -4
v 26 0 17
v 26 0 15
v 26 0 -3
v 26 0 -5
v 26 7 15
v 26 7 -3
v 26 9 15
v 26 9 -3
v 26 38 15
v 26 38 -3
v 26 40 15
v 26 40 -3
v 26 62 15
v 26 62 -3
v 26 64 15
v 26 64 -3
v 26 84 15
v 26 84 -3
v 26 86 15
v 26 86 -3
v 26 105 15
v 26 105 -3
v 26 107 15
v 26 107 -3
v 26 112 17
v 26 112 15
v 26 112 -3
v 26 112 -5
v -14 40 22
v -14 50 22
v -13 46 22
v -13 49 22
v -12 41 22
v -12 44 22
v -12 45 22
v -12 46 22
v -12 49 22
v -12 50 22
v -11 42 22
v -11 43 22
v -11 47 22
v -11 49 22
v -10 41 22
v -10 42 22
v -10 43 22
v -10 44 22
v -10 47 22
v -10 49 22
v -9 41 22
v -9 42 22
v -9 45 22
v -9 46 22
v -9 47 22
v -9 49 22
v -9 50 22
v -8 41 22
v -8 44 22
v -8 46 22
v -8 49 22
v -8 117 22
v -8 118 22
v -7 42 22
v -7 44 22
v -6 42 22
v -6 43 22
v -5 42 22
v -5 43 22
v -4 42 22
v -4 43 22
v -3 43 22
v -3 44 22
v -2 42 22
v -2 44 22
v -1 42 22
v -1 43 22
v 1 41 22
v 1 42 22
v 2 41 22
v 2 42 22
v 2 43 22
v 3 40 22
v 3 41 22
v 3 42 22
v 3 50 22
v 8 117 22
v 8 118 22
v 9 114 22
v 9 116 22
v 24 114 22
v 24 116 22
v -3 20 21
v -3 25 21
v 9 116 21
v 9 118 21
v 15 20 21
v 15 25 21
v 24 116 21
v 24 118 21
v -3 9 20
v -3 20 20
v -3 25 20
v -3 30 20
v -2 25 20
v -2 30 20
v 9 118 20
v 9 119 20
v 14 25 20
v 14 30 20
v 15 9 20
v 15 20 20
v 15 25 20
v 15 30 20
v 24 118 20
v 24 119 20
v -25 9 19
v -25 12 19
v -13 9 19
v -13 12 19
v 7 40 19
v 7 49 19
v 7 51 19
v 9 107 19
v 9 118 19
v 9 119 19
v 9 123 19
v 10 119 19
v 10 123 19
v 14 46 19
v 14 49 19
v 15 46 19
v 15 49 19
v 15 107 19
v 15 111 19
v 17 107 19
v 17 111 19
v 21 40 19
v 21 49 19
v 21 51 19
v 23 119 19
v 23 123 19
v 24 107 19
v 24 118 19
v 24 119 19
v 24 123 19
v -43 104 18
v -43 105 18
v -43 106 18
v -43 107 18
v -43 108 18
v -43 109 18
v -43 110 18
v -43 111 18
v -43 113 18
v -42 104 18
v -42 105 18
v -42 106 18
v -42 107 18
v -42 108 18
v -42 109 18
v -42 110 18
v -42 111 18
v -42 113 18
v -41 104 18
v -41 105 18
v -41 107 18
v -41 108 18
v -41 110 18
v -41 111 18
v -41 113 18
v -40 105 18
v -40 106 18
v -40 107 18
v -40 108 18
v -40 109 18
v -40 110 18
v -40 111 18
v -40 112 18
v -40 113 18
v -39 40 18
v -39 48 18
v -39 50 18
v -39 106 18
v -39 107 18
v -39 108 18
v -39 109 18
v -39 110 18
v -39 111 18
v -39 112 18
v -38 64 18
v -38 68 18
v -38 69 18
v -38 107 18
v -38 108 18
v -38 109 18
v -38 110 18
v -38 111 18
v -35 45 18
v -35 48 18
v -34 45 18
v -34 48 18
v -31 49 18
v -31 50 18
v -30 49 18
v -30 50 18
v -30 64 18
v -30 68 18
v -30 69 18
v -30 72 18
v -29 40 18
v -29 48 18
v -29 50 18
v -28 40 18
v -28 47 18
v -28 49 18
v -26 44 18
v -26 46 18
v -24 12 18
v -24 14 18
v -24 15 18
v -23 12 18
v -23 13 18
v -23 14 18
v -23 15 18
v -23 17 18
v -23 18 18
v -23 44 18
v -23 46 18
v -23 47 18
v -22 13 18
v -22 16 18
v -22 17 18
v -22 18 18
v -22 19 18
v -22 20 18
v -22 21 18
v -22 23 18
v -22 24 18
v -22 44 18
v -22 47 18
v -21 14 18
v -21 16 18
v -21 18 18
v -21 20 18
v -21 21 18
v -21 22 18
v -21 23 18
v -20 12 18
v -20 13 18
v -20 14 18
v -20 15 18
v -20 16 18
v -20 19 18
v -20 22 18
v -20 23 18
v -20 68 18
v -20 72 18
v -19 13 18
v -19 15 18
v -19 16 18
v -19 22 18
v -19 23 18
v -18 15 18
v -18 16 18
v -18 19 18
v -18 22 18
v -17 15 18
v -17 16 18
v -17 19 18
v -17 20 18
v -17 22 18
v -17 23 18
v -17 40 18
v -17 47 18
v -17 49 18
v -16 12 18
v -16 15 18
v -16 16 18
v -16 20 18
v -16 21 18
v -15 15 18
v -15 16 18
v -15 17 18
v -15 20 18
v -15 21 18
v -15 23 18
v -14 14 18
v -14 15 18
v -14 21 18
v -14 23 18
v -13 12 18
v -13 14 18
v -13 16 18
v -13 17 18
v -13 23 18
v -13 24 18
v -8 107 18
v -8 117 18
v -2 18 18
v -2 22 18
v -1 107 18
v -1 111 18
v 0 22 18
v 0 25 18
v 1 107 18
v 1 111 18
v 2 18 18
v 2 21 18
v 3 21 18
v 3 22 18
v 4 21 18
v 4 22 18
v 4 24 18
v 4 25 18
v 8 107 18
v 8 117 18
v 10 21 18
v 10 24 18
v 11 23 18
v 11 27 18
v 14 23 18
v 14 27 18
v -43 105 17
v -43 106 17
v -42 0 17
v -42 104 17
v -42 105 17
v -42 106 17
v -42 108 17
v -42 109 17
v -41 104 17
v -41 105 17
v -41 108 17
v -40 0 17
v -40 7 17
v -40 9 17
v -40 38 17
v -40 40 17
v -40 62 17
v -40 64 17
v -40 84 17
v -40 86 17
v -40 105 17
v -40 106 17
v -40 108 17
v -40 109 17
v -39 40 17
v -39 106 17
v -39 107 17
v -38 9 17
v -38 14 17
v -38 64 17
v -38 107 17
v -30 64 17
v -29 40 17
v -29 64 17
v -29 65 17
v -29 66 17
v -29 67 17
v -29 68 17
v -28 40 17
v -26 9 17
v -26 14 17
v -25 9 17
v -21 64 17
v -21 65 17
v -21 66 17
v -21 67 17
v -21 68 17
v -18 64 17
v -18 70 17
v -17 40 17
v -16 64 17
v -16 67 17
v -14 40 17
v -14 64 17
v -14 67 17
v -13 9 17
v -11 64 17
v -11 70 17
v -8 107 17
v -3 9 17
v -2 22 17
v -2 23 17
v -1 22 17
v -1 23 17
v -1 25 17
v -1 107 17
v 0 23 17
v 0 25 17
v 1 107 17
v 3 21 17
v 3 22 17
v 3 40 17
v 4 21 17
v 4 22 17
v 4 24 17
v 4 25 17
v 5 24 17
v 5 25 17
v 7 40 17
v 8 107 17
v 9 107 17
v 10 22 17
v 10 24 17
v 11 22 17
v 11 23 17
v 11 24 17
v 12 21 17
v 12 23 17
v 14 21 17
v 14 23 17
v 15 9 17
v 15 107 17
v 17 107 17
v 21 40 17
v 24 0 17
v 24 7 17
v 24 9 17
v 24 38 17
v 24 40 17
v 24 62 17
v 24 64 17
v 24 84 17
v 24 86 17
v 24 105 17
v 24 107 17
v 24 112 17
v 26 0 17
v 26 112 17
v -36 69 16
v -36 73 16
v -35 69 16
v -35 73 16
v -34 69 16
v -34 73 16
v -33 69 16
v -33 73 16
v -32 14 16
v -32 19 16
v -30 18 16
v -30 19 16
v -29 18 16
v -29 19 16
v -27 14 16
v -27 19 16
v -27 107 16
v -27 109 16
v -27 111 16
v -27 113 16
v -26 112 16
v -26 113 16
v -26 114 16
v -25 109 16
v -25 111 16
v -25 113 16
v -25 114 16
v -25 115 16
v -24 109 16
v -24 110 16
v -24 111 16
v -24 114 16
v -24 115 16
v -23 110 16
v -23 111 16
v -23 114 16
v -23 115 16
v -22 110 16
v -22 111 16
v -22 113 16
v -22 114 16
v -22 115 16
v -21 109 16
v -21 110 16
v -21 111 16
v -21 112 16
v -21 113 16
v -21 114 16
v -20 107 16
v -20 109 16
v -20 110 16
v -20 111 16
v -20 113 16
v -13 9 16
v -13 12 16
v -13 15 16
v -13 16 16
v -13 17 16
v -13 21 16
v -13 41 16
v -13 45 16
v -13 46 16
v -13 47 16
v -13 49 16
v -13 50 16
v -13 53 16
v -9 9 16
v -9 21 16
v -8 64 16
v -8 71 16
v -5 64 16
v -5 71 16
v 2 41 16
v 2 50 16
v 2 53 16
v 3 25 16
v 3 26 16
v 5 24 16
v 5 25 16
v 5 86 16
v 5 87 16
v 6 86 16
v 6 87 16
v 6 88 16
v 6 114 16
v 6 115 16
v 7 87 16
v 7 88 16
v 7 114 16
v 7 115 16
v 8 24 16
v 8 26 16
v 8 86 16
v 8 87 16
v 10 21 16
v 10 22 16
v 11 22 16
v 11 23 16
v 11 64 16
v 11 77 16
v 12 21 16
v 12 23 16
v 15 64 16
v 15 77 16
v -43 108 15
v -43 109 15
v -42 108 15
v -42 109 15
v -37 14 15
v -37 22 15
v -37 69 15
v -37 73 15
v -36 69 15
v -36 73 15
v -36 75 15
v -35 73 15
v -35 74 15
v -35 75 15
v -34 73 15
v -34 74 15
v -34 75 15
v -33 69 15
v -33 73 15
v -33 74 15
v -33 75 15
v -32 14 15
v -32 19 15
v -32 22 15
v -32 69 15
v -32 73 15
v -32 86 15
v -32 88 15
v -32 90 15
v -32 91 15
v -32 92 15
v -31 89 15
v -31 90 15
v -31 91 15
v -31 107 15
v -31 110 15
v -30 86 15
v -30 88 15
v -30 89 15
v -30 90 15
v -30 91 15
v -29 86 15
v -29 89 15
v -29 90 15
v -29 91 15
v -29 92 15
v -28 107 15
v -28 110 15
v -23 74 15
v -23 75 15
v -18 73 15
v -18 74 15
v -18 75 15
v -10 73 15
v -10 74 15
v -9 9 15
v -9 11 15
v -9 12 15
v -9 20 15
v -8 11 15
v -8 12 15
v -8 13 15
v -7 12 15
v -7 13 15
v -7 14 15
v -6 13 15
v -6 14 15
v -6 15 15
v -5 14 15
v -5 15 15
v -5 16 15
v -5 64 15
v -5 70 15
v -4 9 15
v -4 15 15
v -4 16 15
v -4 20 15
v -4 64 15
v -4 70 15
v -3 64 15
v -3 70 15
v -2 23 15
v -2 24 15
v -2 25 15
v -2 64 15
v -2 70 15
v -1 22 15
v -1 23 15
v -1 24 15
v -1 25 15
v -1 64 15
v -1 70 15
v 0 64 15
v 0 70 15
v 1 22 15
v 1 23 15
v 2 64 15
v 2 72 15
v 3 21 15
v 3 22 15
v 3 65 15
v 3 66 15
v 3 67 15
v 3 69 15
v 3 70 15
v 3 71 15
v 4 21 15
v 4 23 15
v 4 65 15
v 4 66 15
v 4 67 15
v 4 69 15
v 4 70 15
v 4 71 15
v 4 86 15
v 4 87 15
v 5 64 15
v 5 72 15
v 5 86 15
v 5 87 15
v 5 88 15
v 5 89 15
v 6 64 15
v 6 72 15
v 6 87 15
v 6 88 15
v 6 89 15
v 6 90 15
v 7 65 15
v 7 66 15
v 7 67 15
v 7 68 15
v 7 69 15
v 7 71 15
v 7 87 15
v 7 88 15
v 7 89 15
v 7 90 15
v 8 65 15
v 8 66 15
v 8 67 15
v 8 68 15
v 8 69 15
v 8 71 15
v 8 86 15
v 8 87 15
v 8 88 15
v 8 89 15
v 9 24 15
v 9 25 15
v 9 64 15
v 9 72 15
v 9 74 15
v 9 86 15
v 9 87 15
v 10 24 15
v 11 24 15
v 11 25 15
v 11 64 15
v 11 74 15
v 16 64 15
v 16 68 15
v 16 72 15
v 17 72 15
v 17 74 15
v 17 76 15
v 17 77 15
v 18 74 15
v 18 75 15
v 19 74 15
v 19 75 15
v 20 72 15
v 20 74 15
v 20 76 15
v 20 77 15
v 23 64 15
v 23 68 15
v 23 72 15
v -38 41 14
v -38 48 14
v -38 50 14
v -38 52 14
v -38 69 14
v -38 73 14
v -38 87 14
v -38 89 14
v -38 91 14
v -38 92 14
v -38 94 14
v -37 47 14
v -37 51 14
v -37 69 14
v -37 73 14
v -37 75 14
v -37 86 14
v -37 87 14
v -37 89 14
v -37 90 14
v -37 91 14
v -37 92 14
v -37 94 14
v -37 95 14
v -36 47 14
v -36 48 14
v -36 49 14
v -36 50 14
v -36 73 14
v -36 75 14
v -36 76 14
v -36 86 14
v -36 87 14
v -36 91 14
v -36 92 14
v -36 94 14
v -36 95 14
v -35 47 14
v -35 48 14
v -35 49 14
v -35 50 14
v -35 75 14
v -35 76 14
v -35 87 14
v -35 89 14
v -35 90 14
v -35 91 14
v -35 92 14
v -35 94 14
v -34 47 14
v -34 48 14
v -34 49 14
v -34 51 14
v -34 75 14
v -34 76 14
v -33 49 14
v -33 51 14
v -33 73 14
v -33 74 14
v -33 75 14
v -33 76 14
v -33 86 14
v -33 87 14
v -33 88 14
v -33 92 14
v -32 69 14
v -32 73 14
v -32 75 14
v -32 86 14
v -32 87 14
v -32 88 14
v -32 90 14
v -32 91 14
v -32 92 14
v -31 49 14
v -31 51 14
v -31 69 14
v -31 73 14
v -30 41 14
v -30 48 14
v -30 50 14
v -30 52 14
v -29 86 14
v -29 89 14
v -29 90 14
v -29 91 14
v -29 92 14
v -28 86 14
v -28 89 14
v -28 90 14
v -28 91 14
v -28 92 14
v -24 69 14
v -24 74 14
v -23 74 14
v -23 86 14
v -23 91 14
v -23 93 14
v -23 95 14
v -22 69 14
v -22 74 14
v -22 86 14
v -22 91 14
v -22 93 14
v -22 95 14
v -21 69 14
v -21 72 14
v -21 74 14
v -21 86 14
v -21 92 14
v -21 93 14
v -21 94 14
v -21 95 14
v -20 86 14
v -20 92 14
v -20 94 14
v -20 95 14
v -18 71 14
v -18 73 14
v -17 66 14
v -17 70 14
v -17 71 14
v -14 71 14
v -14 73 14
v -13 66 14
v -13 70 14
v -13 71 14
v -13 73 14
v -12 70 14
v -11 70 14
v -10 70 14
v -10 73 14
v -9 71 14
v -9 75 14
v -8 71 14
v -5 71 14
v -4 71 14
v -4 75 14
v -2 10 14
v -2 18 14
v 4 87 14
v 4 88 14
v 5 87 14
v 5 88 14
v 5 89 14
v 5 90 14
v 6 89 14
v 6 90 14
v 6 91 14
v 7 89 14
v 7 90 14
v 7 91 14
v 8 24 14
v 8 25 14
v 8 87 14
v 8 88 14
v 8 89 14
v 8 90 14
v 9 24 14
v 9 25 14
v 9 87 14
v 9 88 14
v 10 10 14
v 10 18 14
v 16 72 14
v 16 74 14
v 16 76 14
v 16 77 14
v 16 86 14
v 16 89 14
v 16 90 14
v 16 93 14
v 16 95 14
v 17 72 14
v 17 74 14
v 17 76 14
v 17 77 14
v 19 86 14
v 19 89 14
v 19 90 14
v 19 93 14
v 19 95 14
v 20 72 14
v 20 74 14
v 20 76 14
v 20 77 14
v 21 72 14
v 21 74 14
v 21 76 14
v 21 77 14
v -39 87 13
v -39 89 13
v -39 90 13
v -39 92 13
v -39 94 13
v -38 52 13
v -38 53 13
v -38 86 13
v -38 87 13
v -38 89 13
v -38 90 13
v -38 91 13
v -38 92 13
v -38 94 13
v -38 96 13
v -37 86 13
v -37 87 13
v -37 94 13
v -37 95 13
v -36 86 13
v -36 87 13
v -36 94 13
v -36 95 13
v -35 86 13
v -35 87 13
v -35 89 13
v -35 90 13
v -35 91 13
v -35 92 13
v -35 94 13
v -35 96 13
v -34 87 13
v -34 89 13
v -34 90 13
v -34 92 13
v -34 94 13
v -30 52 13
v -30 53 13
v -24 86 13
v -24 89 13
v -24 90 13
v -24 91 13
v -24 92 13
v -24 93 13
v -24 95 13
v -23 86 13
v -23 89 13
v -23 90 13
v -23 91 13
v -23 92 13
v -23 93 13
v -23 95 13
v -20 86 13
v -20 91 13
v -20 92 13
v -20 93 13
v -20 94 13
v -20 95 13
v -19 86 13
v -19 91 13
v -19 93 13
v -19 95 13
v -13 52 13
v -13 53 13
v -7 86 13
v -7 87 13
v -7 88 13
v -7 89 13
v -6 86 13
v -6 87 13
v -6 88 13
v -6 89 13
v -5 87 13
v -5 88 13
v -5 89 13
v -4 86 13
v -4 88 13
v -3 86 13
v -3 89 13
v -2 86 13
v -2 89 13
v -1 24 13
v -1 25 13
v -1 86 13
v -1 87 13
v 0 86 13
v 0 87 13
v 0 88 13
v 1 86 13
v 1 87 13
v 1 88 13
v 2 23 13
v 2 24 13
v 2 52 13
v 2 53 13
v 2 86 13
v 2 87 13
v 2 88 13
v 2 89 13
v 3 24 13
v 3 25 13
v 4 23 13
v 4 24 13
v 7 26 13
v 7 27 13
v 8 25 13
v 8 26 13
v 10 25 13
v 10 27 13
v 15 86 13
v 15 89 13
v 15 90 13
v 15 93 13
v 15 95 13
v 16 86 13
v 16 89 13
v 16 90 13
v 16 93 13
v 16 95 13
v 16 96 13
v 19 86 13
v 19 89 13
v 19 90 13
v 19 93 13
v 19 95 13
v 19 96 13
v 20 86 13
v 20 89 13
v 20 90 13
v 20 93 13
v 20 95 13
v -39 86 12
v -39 87 12
v -39 94 12
v -39 95 12
v -38 86 12
v -38 87 12
v -38 94 12
v -38 95 12
v -37 96 12
v -37 97 12
v -36 96 12
v -36 97 12
v -35 86 12
v -35 87 12
v -35 94 12
v -35 95 12
v -34 86 12
v -34 87 12
v -34 94 12
v -34 95 12
v -31 86 12
v -31 91 12
v -30 86 12
v -30 89 12
v -30 91 12
v -23 87 12
v -23 89 12
v -23 90 12
v -23 91 12
v -22 24 12
v -22 25 12
v -22 26 12
v -22 87 12
v -22 89 12
v -22 91 12
v -21 24 12
v -21 25 12
v -21 26 12
v -21 87 12
v -21 92 12
v -21 94 12
v -20 87 12
v -20 91 12
v -20 92 12
v -20 93 12
v -20 94 12
v -14 24 12
v -14 26 12
v -13 24 12
v -13 26 12
v -12 86 12
v -12 87 12
v -12 88 12
v -12 89 12
v -12 91 12
v -12 92 12
v -11 87 12
v -11 88 12
v -11 89 12
v -11 90 12
v -10 87 12
v -10 88 12
v -10 89 12
v -10 90 12
v -9 86 12
v -9 87 12
v -9 88 12
v -9 89 12
v -9 91 12
v -9 92 12
v -7 89 12
v -7 91 12
v -7 92 12
v -7 95 12
v -6 89 12
v -6 93 12
v -6 94 12
v -5 89 12
v -5 93 12
v -5 94 12
v -4 92 12
v -4 95 12
v -3 89 12
v -3 90 12
v -3 91 12
v -3 92 12
v -3 95 12
v -2 24 12
v -2 25 12
v -2 89 12
v -2 90 12
v -2 91 12
v -2 93 12
v -2 94 12
v -1 24 12
v -1 25 12
v -1 89 12
v -1 90 12
v -1 93 12
v -1 94 12
v 0 92 12
v 0 95 12
v 1 89 12
v 1 91 12
v 1 92 12
v 10 10 12
v 10 11 12
v 12 10 12
v 12 11 12
v 17 96 12
v 17 97 12
v 18 72 12
v 18 74 12
v 18 75 12
v 18 96 12
v 18 97 12
v 19 72 12
v 19 74 12
v 19 75 12
v -37 86 11
v -37 89 11
v -37 92 11
v -37 93 11
v -36 86 11
v -36 89 11
v -36 92 11
v -36 93 11
v -27 41 11
v -27 47 11
v -27 49 11
v -27 51 11
v -23 91 11
v -23 92 11
v -23 94 11
v -22 26 11
v -22 27 11
v -22 87 11
v -22 89 11
v -22 90 11
v -22 91 11
v -22 92 11
v -22 94 11
v -21 26 11
v -21 27 11
v -21 87 11
v -21 90 11
v -21 92 11
v -18 41 11
v -18 47 11
v -18 49 11
v -18 51 11
v -14 26 11
v -14 27 11
v -13 26 11
v -13 27 11
v -13 50 11
v -13 53 11
v 2 50 11
v 2 53 11
v 6 23 11
v 6 26 11
v 7 23 11
v 7 26 11
v 7 27 11
v 7 28 11
v 10 27 11
v 10 28 11
v 11 86 11
v 11 89 11
v 11 90 11
v 11 91 11
v 11 92 11
v 11 95 11
v 12 26 11
v 12 28 11
v 12 89 11
v 12 90 11
v 12 91 11
v 13 89 11
v 13 90 11
v 13 92 11
v 14 26 11
v 14 28 11
v 14 86 11
v 14 95 11
v 17 86 11
v 17 94 11
v 18 86 11
v 18 89 11
v 18 90 11
v 18 93 11
v 18 94 11
v -38 52 10
v -38 53 10
v -30 52 10
v -30 53 10
v -23 94 10
v -23 95 10
v -22 92 10
v -22 94 10
v -21 92 10
v -21 93 10
v -20 93 10
v -20 95 10
v -11 86 10
v -11 87 10
v -11 91 10
v -10 86 10
v -10 87 10
v -10 91 10
v -2 21 10
v -2 22 10
v -2 25 10
v -2 27 10
v 1 21 10
v 1 22 10
v 3 25 10
v 3 27 10
v 4 86 10
v 4 90 10
v 4 93 10
v 4 95 10
v 7 86 10
v 7 90 10
v 7 93 10
v 7 95 10
v 9 24 10
v 9 26 10
v 10 26 10
v 10 27 10
v 10 86 10
v 10 89 10
v 10 90 10
v 10 91 10
v 10 92 10
v 10 95 10
v 11 86 10
v 11 89 10
v 11 90 10
v 11 91 10
v 11 92 10
v 11 95 10
v 11 96 10
v 12 24 10
v 12 26 10
v 12 27 10
v 14 86 10
v 14 95 10
v 14 96 10
v 15 86 10
v 15 89 10
v 15 90 10
v 15 93 10
v 15 95 10
v -15 86 9
v -15 91 9
v -15 92 9
v -12 86 9
v -12 87 9
v -12 91 9
v -12 92 9
v -9 86 9
v -9 87 9
v -9 91 9
v -9 92 9
v -8 86 9
v -8 91 9
v -8 92 9
v 3 86 9
v 3 90 9
v 3 93 9
v 3 95 9
v 4 86 9
v 4 90 9
v 4 93 9
v 4 95 9
v 4 96 9
v 7 86 9
v 7 90 9
v 7 93 9
v 7 95 9
v 7 96 9
v 8 86 9
v 8 90 9
v 8 93 9
v 8 95 9
v 12 96 9
v 12 97 9
v 13 96 9
v 13 97 9
v -28 86 8
v -28 88 8
v -27 50 8
v -27 51 8
v -25 86 8
v -25 88 8
v -22 24 8
v -22 26 8
v -21 24 8
v -21 26 8
v -18 50 8
v -18 51 8
v -14 24 8
v -14 26 8
v -13 24 8
v -13 26 8
v 1 27 8
v 1 28 8
v 3 25 8
v 3 27 8
v 5 25 8
v 5 28 8
v 5 96 8
v 5 97 8
v 6 96 8
v 6 97 8
v 12 86 8
v 12 90 8
v 12 91 8
v 12 92 8
v 12 94 8
v 13 86 8
v 13 94 8
v -40 86 7
v -40 87 7
v -40 88 7
v -40 89 7
v -35 88 7
v -35 89 7
v -34 86 7
v -34 87 7
v -29 86 7
v -29 88 7
v -28 86 7
v -28 88 7
v -25 86 7
v -25 88 7
v -24 86 7
v -24 88 7
v -18 86 7
v -18 87 7
v -18 88 7
v -18 89 7
v -18 90 7
v -18 91 7
v -18 92 7
v -17 87 7
v -17 88 7
v -17 89 7
v -17 90 7
v -16 88 7
v -16 89 7
v -16 90 7
v -15 86 7
v -15 88 7
v -15 89 7
v -15 90 7
v -15 91 7
v -15 92 7
v -14 86 7
v -14 91 7
v -13 51 7
v -13 53 7
v -13 86 7
v -13 91 7
v -10 86 7
v -10 91 7
v -9 86 7
v -9 91 7
v -2 18 7
v -2 21 7
v -2 22 7
v -2 23 7
v 1 19 7
v 1 21 7
v 1 22 7
v 1 23 7
v 2 51 7
v 2 53 7
v 3 18 7
v 3 19 7
v 3 23 7
v 3 25 7
v 5 23 7
v 5 25 7
v 5 86 7
v 5 94 7
v 6 86 7
v 6 94 7
v 12 19 7
v 12 23 7
v 13 23 7
v 13 25 7
v 14 19 7
v 14 25 7
v 17 86 7
v 17 91 7
v 17 93 7
v 17 95 7
v 19 91 7
v 19 93 7
v 20 86 7
v 20 95 7
v -39 87 6
v -39 88 6
v -37 65 6
v -37 68 6
v -35 88 6
v -34 87 6
v -34 88 6
v -31 65 6
v -31 68 6
v 13 25 6
v 13 26 6
v 14 25 6
v 14 26 6
v 16 86 6
v 16 91 6
v 16 93 6
v 16 95 6
v 17 86 6
v 17 91 6
v 17 93 6
v 17 95 6
v 17 96 6
v 20 86 6
v 20 95 6
v 20 96 6
v 21 86 6
v 21 95 6
v -38 52 5
v -38 53 5
v -30 52 5
v -30 53 5
v -27 86 5
v -27 87 5
v -27 88 5
v -26 86 5
v -26 87 5
v -26 88 5
v -26 108 5
v -26 112 5
v -21 108 5
v -21 112 5
v -17 86 5
v -17 88 5
v -17 91 5
v -16 86 5
v -16 88 5
v -16 91 5
v -13 66 5
v -13 70 5
v -13 86 5
v -13 91 5
v -13 92 5
v -12 66 5
v -12 70 5
v -10 86 5
v -10 91 5
v -10 92 5
v 10 86 5
v 10 95 5
v 11 86 5
v 11 95 5
v 11 96 5
v 14 86 5
v 14 95 5
v 14 96 5
v 15 86 5
v 15 95 5
v 18 96 5
v 18 97 5
v 19 96 5
v 19 97 5
v -39 64 4
v -39 67 4
v -36 64 4
v -36 67 4
v -29 69 4
v -29 72 4
v -21 69 4
v -21 72 4
v -13 51 4
v -13 53 4
v -7 115 4
v -7 116 4
v -6 115 4
v -6 116 4
v 2 51 4
v 2 53 4
v 6 86 4
v 6 95 4
v 9 86 4
v 9 95 4
v 12 96 4
v 12 97 4
v 13 96 4
v 13 97 4
v 18 86 4
v 18 91 4
v 18 93 4
v 18 94 4
v 19 86 4
v 19 91 4
v 19 93 4
v 19 94 4
v -40 64 3
v -40 67 3
v -39 64 3
v -39 67 3
v -39 69 3
v -36 64 3
v -36 67 3
v -36 69 3
v -35 64 3
v -35 67 3
v -17 86 3
v -17 87 3
v -17 90 3
v -17 91 3
v -14 86 3
v -14 87 3
v -14 90 3
v -14 91 3
v -12 86 3
v -12 91 3
v -11 86 3
v -11 91 3
v 0 26 3
v 0 27 3
v 4 26 3
v 4 27 3
v 5 23 3
v 5 25 3
v 5 86 3
v 5 95 3
v 6 86 3
v 6 95 3
v 6 96 3
v 8 23 3
v 8 25 3
v 9 86 3
v 9 95 3
v 9 96 3
v 10 86 3
v 10 95 3
v 12 86 3
v 12 94 3
v 13 86 3
v 13 94 3
v -42 66 2
v -42 69 2
v -41 64 2
v -41 66 2
v -41 67 2
v -41 69 2
v -41 72 2
v -40 64 2
v -40 67 2
v -40 69 2
v -40 71 2
v -39 67 2
v -39 69 2
v -39 71 2
v -38 71 2
v -38 72 2
v -36 67 2
v -36 69 2
v -36 71 2
v -35 64 2
v -35 67 2
v -35 69 2
v -34 64 2
v -34 67 2
v -23 13 2
v -23 14 2
v -23 15 2
v -22 13 2
v -22 14 2
v -22 15 2
v -22 16 2
v -22 17 2
v -22 18 2
v -21 17 2
v -21 18 2
v -21 19 2
v -21 24 2
v -20 14 2
v -20 15 2
v -20 16 2
v -19 15 2
v -19 16 2
v -19 18 2
v -19 19 2
v -19 20 2
v -18 16 2
v -18 17 2
v -18 19 2
v -18 20 2
v -18 21 2
v -17 16 2
v -17 17 2
v -17 20 2
v -17 21 2
v -17 22 2
v -16 17 2
v -16 18 2
v -16 19 2
v -15 15 2
v -15 16 2
v -15 17 2
v -15 21 2
v -15 22 2
v -15 23 2
v -14 13 2
v -14 14 2
v -14 15 2
v -14 16 2
v -14 18 2
v -14 19 2
v -14 20 2
v -14 21 2
v -14 22 2
v -14 23 2
v -14 24 2
v 3 22 2
v 3 23 2
v 4 22 2
v 4 23 2
v 4 25 2
v 4 26 2
v 5 25 2
v 7 96 2
v 7 97 2
v 8 25 2
v 8 26 2
v 8 96 2
v 8 97 2
v 9 26 2
v 9 28 2
v 13 26 2
v 13 28 2
v -38 41 1
v -38 48 1
v -38 50 1
v -38 71 1
v -38 72 1
v -37 71 1
v -37 72 1
v -35 45 1
v -35 48 1
v -34 45 1
v -34 48 1
v -30 41 1
v -30 48 1
v -30 50 1
v -16 86 1
v -16 87 1
v -16 90 1
v -15 86 1
v -15 87 1
v -15 90 1
v -13 52 1
v -13 53 1
v -12 86 1
v -12 87 1
v -12 91 1
v -12 92 1
v -9 86 1
v -9 87 1
v -9 91 1
v -9 92 1
v 0 14 1
v 0 18 1
v 2 52 1
v 2 53 1
v 3 18 1
v 3 19 1
v 3 20 1
v 6 26 1
v 6 27 1
v 7 86 1
v 7 91 1
v 7 93 1
v 7 94 1
v 8 14 1
v 8 18 1
v 8 19 1
v 8 20 1
v 8 26 1
v 8 41 1
v 8 49 1
v 8 51 1
v 8 86 1
v 8 91 1
v 8 93 1
v 8 94 1
v 9 26 1
v 9 27 1
v 14 47 1
v 14 49 1
v 15 47 1
v 15 49 1
v 16 86 1
v 16 95 1
v 17 91 1
v 17 93 1
v 19 86 1
v 19 91 1
v 19 93 1
v 19 95 1
v 20 41 1
v 20 49 1
v 20 51 1
v -38 64 -0
v -38 66 -0
v -38 67 -0
v -38 68 -0
v -38 69 -0
v -38 70 -0
v -37 64 -0
v -37 66 -0
v -37 67 -0
v -37 68 -0
v -37 69 -0
v -37 70 -0
v -30 86 -0
v -30 87 -0
v -29 86 -0
v -29 87 -0
v -27 86 -0
v -27 87 -0
v -1 10 -0
v -1 18 -0
v 0 14 -0
v 0 18 -0
v 3 20 -0
v 3 22 -0
v 8 14 -0
v 8 20 -0
v 8 22 -0
v 14 10 -0
v 14 22 -0
v 15 86 -0
v 15 95 -0
v 16 86 -0
v 16 95 -0
v 16 96 -0
v 19 86 -0
v 19 91 -0
v 19 93 -0
v 19 95 -0
v 19 96 -0
v 20 86 -0
v 20 91 -0
v 20 93 -0
v 20 95 -0
v -31 86 -1
v -31 87 -1
v -30 86 -1
v -30 87 -1
v -27 86 -1
v -27 87 -1
v -26 86 -1
v -26 87 -1
v -11 86 -1
v -11 87 -1
v -11 91 -1
v -10 86 -1
v -10 87 -1
v -10 91 -1
v -2 10 -1
v -2 18 -1
v -2 24 -1
v -2 25 -1
v -1 10 -1
v -1 18 -1
v 3 22 -1
v 3 24 -1
v 6 24 -1
v 6 25 -1
v 11 24 -1
v 11 25 -1
v 14 22 -1
v 14 25 -1
v 17 96 -1
v 17 97 -1
v 18 96 -1
v 18 97 -1
v 17 86 -2
v 17 91 -2
v 17 93 -2
v 17 94 -2
v 18 86 -2
v 18 91 -2
v 18 93 -2
v 18 94 -2
v -42 0 -3
v -42 7 -3
v -42 9 -3
v -42 38 -3
v -42 40 -3
v -42 62 -3
v -42 64 -3
v -42 84 -3
v -42 86 -3
v -42 105 -3
v -42 107 -3
v -42 112 -3
v -41 7 -3
v -41 8 -3
v -41 38 -3
v -41 39 -3
v -41 62 -3
v -41 63 -3
v -41 84 -3
v -41 85 -3
v -41 105 -3
v -41 106 -3
v -40 0 -3
v -40 8 -3
v -40 9 -3
v -40 39 -3
v -40 40 -3
v -40 63 -3
v -40 64 -3
v -40 85 -3
v -40 86 -3
v -40 87 -3
v -40 106 -3
v -40 107 -3
v -40 112 -3
v 10 108 -3
v 10 118 -3
v 10 119 -3
v 10 122 -3
v 11 119 -3
v 11 122 -3
v 15 108 -3
v 15 111 -3
v 17 108 -3
v 17 111 -3
v 22 119 -3
v 22 122 -3
v 23 108 -3
v 23 118 -3
v 23 119 -3
v 23 122 -3
v 24 0 -3
v 24 8 -3
v 24 9 -3
v 24 39 -3
v 24 40 -3
v 24 63 -3
v 24 64 -3
v 24 85 -3
v 24 86 -3
v 24 106 -3
v 24 107 -3
v 24 112 -3
v 25 7 -3
v 25 8 -3
v 25 38 -3
v 25 39 -3
v 25 62 -3
v 25 63 -3
v 25 84 -3
v 25 85 -3
v 25 105 -3
v 25 106 -3
v 26 0 -3
v 26 7 -3
v 26 9 -3
v 26 38 -3
v 26 40 -3
v 26 62 -3
v 26 64 -3
v 26 84 -3
v 26 86 -3
v 26 105 -3
v 26 107 -3
v 26 112 -3
v -40 7 -4
v -40 8 -4
v -40 38 -4
v -40 39 -4
v -40 62 -4
v -40 63 -4
v -40 84 -4
v -40 85 -4
v -40 105 -4
v -40 106 -4
v -8 118 -4
v -8 119 -4
v -8 121 -4
v -7 108 -4
v -7 116 -4
v -7 118 -4
v -7 121 -4
v -7 122 -4
v -6 116 -4
v -6 118 -4
v -1 108 -4
v -1 109 -4
v 1 108 -4
v 1 109 -4
v 6 114 -4
v 6 115 -4
v 6 118 -4
v 7 108 -4
v 7 114 -4
v 7 118 -4
v 8 118 -4
v 8 119 -4
v 8 122 -4
v 24 7 -4
v 24 8 -4
v 24 38 -4
v 24 39 -4
v 24 62 -4
v 24 63 -4
v 24 84 -4
v 24 85 -4
v 24 105 -4
v 24 106 -4
v -13 41 21
v -13 46 21
v -13 49 21
v -13 50 21
v -12 41 21
v -12 44 21
v -12 45 21
v -12 46 21
v -12 49 21
v -12 50 21
v -11 42 21
v -11 43 21
v -11 47 21
v -11 49 21
v -10 41 21
v -10 42 21
v -10 43 21
v -10 44 21
v -10 47 21
v -10 49 21
v -9 41 21
v -9 42 21
v -9 45 21
v -9 46 21
v -9 47 21
v -9 49 21
v -9 50 21
v -8 41 21
v -8 44 21
v -8 46 21
v -8 49 21
v -7 42 21
v -7 44 21
v -6 42 21
v -6 43 21
v -5 42 21
v -5 43 21
v -4 42 21
v -4 43 21
v -3 43 21
v -3 44 21
v -2 42 21
v -2 44 21
v -1 42 21
v -1 43 21
v 1 41 21
v 1 42 21
v 2 41 21
v 2 42 21
v 2 43 21
v 2 50 21
v 9 114 21
v 9 116 21
v 24 114 21
v 24 116 21
v 9 116 20
v 9 118 20
v 24 116 20
v 24 118 20
v -2 10 19
v -2 25 19
v 2 18 19
v 2 21 19
v 14 10 19
v 14 18 19
v 14 21 19
v 14 25 19
v 8 41 18
v 8 49 18
v 8 51 18
v 10 108 18
v 10 118 18
v 10 119 18
v 14 46 18
v 14 49 18
v 15 46 18
v 15 49 18
v 15 108 18
v 15 111 18
v 17 108 18
v 17 111 18
v 20 41 18
v 20 49 18
v 20 51 18
v 23 108 18
v 23 118 18
v 23 119 18
v -43 108 17
v -43 109 17
v -42 108 17
v -42 109 17
v -42 112 17
v -42 113 17
v -41 112 17
v -41 113 17
v -40 107 17
v -40 109 17
v -40 110 17
v -40 112 17
v -40 113 17
v -39 107 17
v -39 108 17
v -39 109 17
v -39 110 17
v -39 111 17
v -39 112 17
v -38 41 17
v -38 48 17
v -38 50 17
v -38 107 17
v -38 108 17
v -38 109 17
v -38 110 17
v -38 111 17
v -37 65 17
v -37 68 17
v -35 45 17
v -35 48 17
v -34 45 17
v -34 48 17
v -31 49 17
v -31 50 17
v -31 65 17
v -31 68 17
v -30 41 17
v -30 48 17
v -30 49 17
v -30 50 17
v -29 69 17
v -29 72 17
v -27 41 17
v -27 47 17
v -27 49 17
v -26 44 17
v -26 46 17
v -23 13 17
v -23 14 17
v -23 15 17
v -23 44 17
v -23 46 17
v -23 47 17
v -22 13 17
v -22 15 17
v -22 16 17
v -22 17 17
v -22 18 17
v -22 44 17
v -22 47 17
v -21 14 17
v -21 16 17
v -21 18 17
v -21 19 17
v -21 22 17
v -21 24 17
v -21 69 17
v -21 72 17
v -20 14 17
v -20 15 17
v -20 16 17
v -20 19 17
v -20 22 17
v -20 23 17
v -19 13 17
v -19 15 17
v -19 16 17
v -19 22 17
v -19 23 17
v -18 15 17
v -18 16 17
v -18 19 17
v -18 22 17
v -18 41 17
v -18 47 17
v -18 49 17
v -17 15 17
v -17 16 17
v -17 19 17
v -17 20 17
v -17 22 17
v -17 23 17
v -16 13 17
v -16 15 17
v -16 16 17
v -16 20 17
v -16 21 17
v -15 15 17
v -15 16 17
v -15 17 17
v -15 20 17
v -15 21 17
v -15 23 17
v -14 13 17
v -14 15 17
v -14 16 17
v -14 17 17
v -14 21 17
v -14 23 17
v -14 24 17
v -7 108 17
v -7 115 17
v -6 115 17
v -6 116 17
v -6 117 17
v -6 118 17
v -1 108 17
v -1 111 17
v 1 108 17
v 1 111 17
v 6 115 17
v 6 117 17
v 6 118 17
v 7 108 17
v 7 115 17
v -43 104 16
v -43 105 16
v -42 104 16
v -42 105 16
v -40 7 16
v -40 8 16
v -40 38 16
v -40 39 16
v -40 62 16
v -40 63 16
v -40 84 16
v -40 85 16
v -40 105 16
v -40 106 16
v -17 66 16
v -17 70 16
v -16 66 16
v -16 67 16
v -14 66 16
v -14 67 16
v -12 66 16
v -12 70 16
v 0 22 16
v 0 23 16
v 3 21 16
v 3 22 16
v 4 21 16
v 4 23 16
v 24 7 16
v 24 8 16
v 24 38 16
v 24 39 16
v 24 62 16
v 24 63 16
v 24 84 16
v 24 85 16
v 24 105 16
v 24 106 16
v -43 105 15
v -43 106 15
v -43 112 15
v -43 113 15
v -42 0 15
v -42 7 15
v -42 9 15
v -42 38 15
v -42 40 15
v -42 62 15
v -42 64 15
v -42 84 15
v -42 86 15
v -42 105 15
v -42 106 15
v -42 107 15
v -42 108 15
v -42 109 15
v -42 110 15
v -42 112 15
v -42 113 15
v -41 7 15
v -41 8 15
v -41 38 15
v -41 39 15
v -41 62 15
v -41 63 15
v -41 84 15
v -41 85 15
v -41 105 15
v -41 106 15
v -40 0 15
v -40 8 15
v -40 9 15
v -40 39 15
v -40 40 15
v -40 63 15
v -40 64 15
v -40 85 15
v -40 86 15
v -40 106 15
v -40 107 15
v -40 112 15
v -26 108 15
v -26 109 15
v -26 111 15
v -26 112 15
v -25 109 15
v -25 111 15
v -24 109 15
v -24 110 15
v -24 111 15
v -23 110 15
v -23 111 15
v -22 110 15
v -22 111 15
v -21 108 15
v -21 109 15
v -21 110 15
v -21 111 15
v -21 112 15
v 1 24 15
v 1 25 15
v 2 23 15
v 2 24 15
v 3 24 15
v 3 25 15
v 4 23 15
v 4 24 15
v 11 25 15
v 11 27 15
v 12 25 15
v 12 26 15
v 14 26 15
v 14 27 15
v 24 0 15
v 24 8 15
v 24 9 15
v 24 39 15
v 24 40 15
v 24 63 15
v 24 64 15
v 24 85 15
v 24 86 15
v 24 106 15
v 24 107 15
v 24 112 15
v 25 7 15
v 25 8 15
v 25 38 15
v 25 39 15
v 25 62 15
v 25 63 15
v 25 84 15
v 25 85 15
v 25 105 15
v 25 106 15
v 26 0 15
v 26 7 15
v 26 9 15
v 26 38 15
v 26 40 15
v 26 62 15
v 26 64 15
v 26 84 15
v 26 86 15
v 26 105 15
v 26 107 15
v 26 112 15
v -43 106 14
v -43 107 14
v -43 111 14
v -43 112 14
v -42 106 14
v -42 107 14
v -42 111 14
v -42 112 14
v -13 52 14
v -13 53 14
v -2 22 14
v -2 23 14
v -2 24 14
v -2 25 14
v 1 22 14
v 1 23 14
v 1 24 14
v 1 25 14
v 2 52 14
v 2 53 14
v -43 107 13
v -43 108 13
v -43 111 13
v -42 107 13
v -42 108 13
v -42 111 13
v -31 86 13
v -31 91 13
v -30 86 13
v -30 89 13
v -30 91 13
v -23 87 13
v -23 89 13
v -23 90 13
v -23 91 13
v -23 92 13
v -23 93 13
v -23 95 13
v -22 87 13
v -22 91 13
v -22 93 13
v -22 94 13
v -22 95 13
v -21 87 13
v -21 92 13
v -21 94 13
v -21 95 13
v -20 87 13
v -20 91 13
v -20 92 13
v -20 93 13
v -20 94 13
v -20 95 13
v -2 21 13
v -2 22 13
v 1 21 13
v 1 22 13
v 4 87 13
v 4 88 13
v 5 23 13
v 5 24 13
v 5 87 13
v 5 88 13
v 5 89 13
v 5 90 13
v 6 89 13
v 6 90 13
v 6 91 13
v 7 23 13
v 7 24 13
v 7 89 13
v 7 90 13
v 7 91 13
v 8 87 13
v 8 88 13
v 8 89 13
v 8 90 13
v 9 87 13
v 9 88 13
v 18 72 13
v 18 74 13
v 18 75 13
v 19 72 13
v 19 74 13
v 19 75 13
v -37 86 12
v -37 87 12
v -37 89 12
v -37 92 12
v -37 93 12
v -36 86 12
v -36 87 12
v -36 89 12
v -36 92 12
v -36 93 12
v -22 87 12
v -22 89 12
v -22 91 12
v -22 94 12
v -22 95 12
v -21 87 12
v -21 92 12
v -21 94 12
v -21 95 12
v -13 50 12
v -13 53 12
v 2 50 12
v 2 53 12
v 3 25 12
v 3 26 12
v 4 86 12
v 4 87 12
v 5 24 12
v 5 25 12
v 5 86 12
v 5 87 12
v 5 88 12
v 5 89 12
v 6 87 12
v 6 88 12
v 6 89 12
v 6 90 12
v 7 24 12
v 7 26 12
v 7 87 12
v 7 88 12
v 7 89 12
v 7 90 12
v 8 86 12
v 8 87 12
v 8 88 12
v 8 89 12
v 9 86 12
v 9 87 12
v 17 86 12
v 17 89 12
v 17 90 12
v 17 93 12
v 17 94 12
v 18 86 12
v 18 89 12
v 18 90 12
v 18 93 12
v 18 94 12
v -39 86 11
v -39 87 11
v -39 94 11
v -39 95 11
v -38 52 11
v -38 53 11
v -38 69 11
v -38 73 11
v -38 86 11
v -38 87 11
v -38 94 11
v -38 95 11
v -37 69 11
v -37 73 11
v -37 75 11
v -37 96 11
v -37 97 11
v -36 73 11
v -36 75 11
v -36 76 11
v -36 96 11
v -36 97 11
v -35 86 11
v -35 87 11
v -35 94 11
v -35 95 11
v -34 86 11
v -34 87 11
v -34 94 11
v -34 95 11
v -33 73 11
v -33 74 11
v -33 75 11
v -33 76 11
v -33 86 11
v -33 92 11
v -32 69 11
v -32 73 11
v -32 74 11
v -32 75 11
v -32 86 11
v -32 92 11
v -31 69 11
v -31 73 11
v -30 52 11
v -30 53 11
v -29 86 11
v -29 89 11
v -29 90 11
v -29 91 11
v -29 92 11
v -28 86 11
v -28 89 11
v -28 90 11
v -28 91 11
v -28 92 11
v -22 24 11
v -22 25 11
v -22 26 11
v -21 24 11
v -21 25 11
v -21 26 11
v -21 93 11
v -21 94 11
v -20 93 11
v -20 94 11
v -14 24 11
v -14 26 11
v -13 24 11
v -13 26 11
v -11 86 11
v -11 87 11
v -11 88 11
v -11 89 11
v -11 90 11
v -11 91 11
v -10 86 11
v -10 87 11
v -10 88 11
v -10 89 11
v -10 90 11
v -10 91 11
v 5 86 11
v 5 87 11
v 6 86 11
v 6 87 11
v 6 88 11
v 7 86 11
v 7 87 11
v 7 88 11
v 8 86 11
v 8 87 11
v 9 24 11
v 9 25 11
v 9 26 11
v 10 25 11
v 10 26 11
v 12 24 11
v 12 25 11
v 16 72 11
v 16 74 11
v 16 76 11
v 16 77 11
v 17 72 11
v 17 74 11
v 17 76 11
v 17 77 11
v 17 96 11
v 17 97 11
v 18 96 11
v 18 97 11
v 20 72 11
v 20 74 11
v 20 76 11
v 20 77 11
v 21 72 11
v 21 74 11
v 21 76 11
v 21 77 11
v -39 87 10
v -39 89 10
v -39 90 10
v -39 92 10
v -39 94 10
v -38 86 10
v -38 87 10
v -38 89 10
v -38 90 10
v -38 92 10
v -38 94 10
v -38 96 10
v -37 69 10
v -37 73 10
v -37 86 10
v -37 87 10
v -37 94 10
v -37 95 10
v -36 69 10
v -36 73 10
v -36 75 10
v -36 86 10
v -36 87 10
v -36 94 10
v -36 95 10
v -35 86 10
v -35 87 10
v -35 89 10
v -35 90 10
v -35 92 10
v -35 94 10
v -35 96 10
v -34 87 10
v -34 89 10
v -34 90 10
v -34 92 10
v -34 94 10
v -33 69 10
v -33 73 10
v -33 75 10
v -32 69 10
v -32 73 10
v -32 86 10
v -32 92 10
v -31 89 10
v -31 90 10
v -30 86 10
v -30 89 10
v -30 90 10
v -29 86 10
v -29 89 10
v -29 92 10
v -24 86 10
v -24 89 10
v -24 91 10
v -24 92 10
v -24 94 10
v -24 95 10
v -23 86 10
v -23 89 10
v -23 91 10
v -23 92 10
v -23 94 10
v -23 95 10
v -20 86 10
v -20 91 10
v -20 93 10
v -20 95 10
v -19 86 10
v -19 91 10
v -19 93 10
v -19 95 10
v 3 23 10
v 3 25 10
v 5 23 10
v 5 25 10
v 12 19 10
v 12 21 10
v 14 19 10
v 14 21 10
v 15 86 10
v 15 89 10
v 15 90 10
v 15 93 10
v 15 95 10
v 16 86 10
v 16 89 10
v 16 90 10
v 16 93 10
v 16 95 10
v 16 96 10
v 17 72 10
v 17 74 10
v 17 76 10
v 17 77 10
v 19 86 10
v 19 89 10
v 19 90 10
v 19 93 10
v 19 95 10
v 19 96 10
v 20 72 10
v 20 74 10
v 20 76 10
v 20 77 10
v 20 86 10
v 20 89 10
v 20 90 10
v 20 93 10
v 20 95 10
v -38 87 9
v -38 89 9
v -38 90 9
v -38 92 9
v -38 94 9
v -37 86 9
v -37 87 9
v -37 94 9
v -37 95 9
v -36 69 9
v -36 73 9
v -36 86 9
v -36 87 9
v -36 94 9
v -36 95 9
v -35 87 9
v -35 89 9
v -35 90 9
v -35 92 9
v -35 94 9
v -33 69 9
v -33 73 9
v -27 50 9
v -27 51 9
v -23 86 9
v -23 91 9
v -23 94 9
v -23 95 9
v -22 86 9
v -22 90 9
v -22 91 9
v -22 92 9
v -22 94 9
v -21 90 9
v -21 91 9
v -21 92 9
v -21 93 9
v -20 86 9
v -20 91 9
v -20 93 9
v -20 95 9
v -18 50 9
v -18 51 9
v -13 52 9
v -13 53 9
v -12 86 9
v -12 87 9
v -12 91 9
v -12 92 9
v -11 86 9
v -11 87 9
v -11 91 9
v -11 92 9
v -2 11 9
v -2 21 9
v 1 19 9
v 1 21 9
v 2 52 9
v 2 53 9
v 3 18 9
v 3 19 9
v 7 27 9
v 7 28 9
v 10 11 9
v 10 18 9
v 10 27 9
v 10 28 9
v 12 21 9
v 12 23 9
v 12 86 9
v 12 89 9
v 12 90 9
v 12 91 9
v 12 92 9
v 12 94 9
v 13 23 9
v 13 26 9
v 13 86 9
v 13 89 9
v 13 92 9
v 13 94 9
v 14 21 9
v 14 26 9
v 16 86 9
v 16 89 9
v 16 90 9
v 16 93 9
v 16 95 9
v 19 86 9
v 19 89 9
v 19 90 9
v 19 93 9
v 19 95 9
v -24 69 8
v -24 74 8
v -23 74 8
v -22 26 8
v -22 27 8
v -22 69 8
v -22 74 8
v -21 26 8
v -21 27 8
v -21 69 8
v -21 72 8
v -21 74 8
v -14 26 8
v -14 27 8
v -14 86 8
v -14 91 8
v -13 26 8
v -13 27 8
v -13 51 8
v -13 52 8
v -13 86 8
v -13 91 8
v -10 86 8
v -10 91 8
v -9 86 8
v -9 91 8
v 2 51 8
v 2 52 8
v 5 86 8
v 5 94 8
v 6 23 8
v 6 26 8
v 6 86 8
v 6 94 8
v 7 23 8
v 7 26 8
v 12 96 8
v 12 97 8
v 13 96 8
v 13 97 8
v -31 107 7
v -31 110 7
v -28 107 7
v -28 110 7
v -22 24 7
v -22 26 7
v -21 24 7
v -21 26 7
v -14 24 7
v -14 26 7
v -13 24 7
v -13 26 7
v 5 96 7
v 5 97 7
v 6 96 7
v 6 97 7
v 10 86 7
v 10 89 7
v 10 90 7
v 10 91 7
v 10 92 7
v 10 95 7
v 11 86 7
v 11 89 7
v 11 90 7
v 11 91 7
v 11 92 7
v 11 95 7
v 11 96 7
v 14 86 7
v 14 95 7
v 14 96 7
v 15 86 7
v 15 95 7
v -38 52 6
v -38 53 6
v -30 52 6
v -30 53 6
v -27 86 6
v -27 87 6
v -27 88 6
v -26 86 6
v -26 87 6
v -26 88 6
v -23 74 6
v -23 75 6
v -18 71 6
v -18 73 6
v -18 74 6
v -18 75 6
v -17 71 6
v -17 86 6
v -17 88 6
v -17 89 6
v -17 91 6
v -16 86 6
v -16 88 6
v -16 89 6
v -16 91 6
v -15 86 6
v -15 88 6
v -15 91 6
v -15 92 6
v -14 71 6
v -14 73 6
v -13 73 6
v -12 86 6
v -12 91 6
v -12 92 6
v -11 86 6
v -11 91 6
v -11 92 6
v -10 73 6
v -10 74 6
v -8 86 6
v -8 91 6
v -8 92 6
v -2 24 6
v -2 25 6
v -1 24 6
v -1 25 6
v -1 26 6
v -1 27 6
v 1 26 6
v 1 27 6
v 3 86 6
v 3 90 6
v 3 93 6
v 3 95 6
v 4 86 6
v 4 90 6
v 4 93 6
v 4 95 6
v 4 96 6
v 7 86 6
v 7 90 6
v 7 93 6
v 7 95 6
v 7 96 6
v 8 86 6
v 8 90 6
v 8 93 6
v 8 95 6
v -38 64 5
v -38 68 5
v -38 69 5
v -30 64 5
v -30 68 5
v -30 69 5
v -17 70 5
v -17 71 5
v -13 51 5
v -13 53 5
v -13 70 5
v -13 71 5
v -13 73 5
v -11 70 5
v -10 70 5
v -10 73 5
v -9 9 5
v -9 11 5
v -9 12 5
v -9 20 5
v -8 11 5
v -8 12 5
v -8 13 5
v -7 12 5
v -7 13 5
v -7 14 5
v -7 115 5
v -7 116 5
v -6 13 5
v -6 14 5
v -6 15 5
v -6 115 5
v -6 116 5
v -5 14 5
v -5 15 5
v -5 16 5
v -4 9 5
v -4 15 5
v -4 16 5
v -4 20 5
v 1 26 5
v 1 28 5
v 2 51 5
v 2 53 5
v 4 25 5
v 4 26 5
v 4 86 5
v 4 90 5
v 4 93 5
v 4 95 5
v 5 25 5
v 5 28 5
v 7 86 5
v 7 90 5
v 7 93 5
v 7 95 5
v 12 27 5
v 12 28 5
v 13 26 5
v 13 27 5
v 14 26 5
v 14 28 5
v 18 86 5
v 18 91 5
v 18 93 5
v 18 94 5
v 19 86 5
v 19 91 5
v 19 93 5
v 19 94 5
v -29 86 4
v -29 88 4
v -28 86 4
v -28 88 4
v -27 107 4
v -27 113 4
v -26 112 4
v -26 113 4
v -26 114 4
v -25 86 4
v -25 88 4
v -25 113 4
v -25 114 4
v -25 115 4
v -24 86 4
v -24 88 4
v -24 114 4
v -24 115 4
v -23 114 4
v -23 115 4
v -22 113 4
v -22 114 4
v -22 115 4
v -21 112 4
v -21 113 4
v -21 114 4
v -20 107 4
v -20 113 4
v -18 64 4
v -18 70 4
v -18 86 4
v -18 88 4
v -18 91 4
v -18 92 4
v -16 64 4
v -16 67 4
v -15 86 4
v -15 88 4
v -15 91 4
v -15 92 4
v -14 64 4
v -14 67 4
v -13 9 4
v -13 12 4
v -13 13 4
v -13 14 4
v -13 19 4
v -13 20 4
v -13 21 4
v -12 86 4
v -12 91 4
v -11 64 4
v -11 70 4
v -11 86 4
v -11 91 4
v -9 9 4
v -9 21 4
v -9 71 4
v -9 75 4
v -8 71 4
v -5 71 4
v -4 71 4
v -4 75 4
v 7 23 4
v 7 27 4
v 8 23 4
v 8 26 4
v 12 86 4
v 12 94 4
v 13 26 4
v 13 27 4
v 13 86 4
v 13 94 4
v 18 96 4
v 18 97 4
v 19 96 4
v 19 97 4
v -30 68 3
v -30 72 3
v -29 68 3
v -28 86 3
v -28 88 3
v -25 86 3
v -25 88 3
v -21 68 3
v -20 68 3
v -20 72 3
v -13 52 3
v -13 53 3
v 2 52 3
v 2 53 3
v 3 19 3
v 3 23 3
v 4 22 3
v 4 23 3
v 8 22 3
v 8 23 3
v 12 19 3
v 12 23 3
v 12 96 3
v 12 97 3
v 13 96 3
v 13 97 3
v 16 64 3
v 16 68 3
v 16 72 3
v 16 86 3
v 16 91 3
v 16 93 3
v 16 95 3
v 17 86 3
v 17 91 3
v 17 93 3
v 17 95 3
v 17 96 3
v 20 86 3
v 20 95 3
v 20 96 3
v 21 86 3
v 21 95 3
v 23 64 3
v 23 68 3
v 23 72 3
v -38 41 2
v -38 48 2
v -38 50 2
v -38 53 2
v -30 41 2
v -30 48 2
v -30 50 2
v -30 53 2
v -27 49 2
v -27 51 2
v -18 49 2
v -18 51 2
v -16 86 2
v -16 87 2
v -16 90 2
v -15 86 2
v -15 87 2
v -15 90 2
v -13 86 2
v -13 91 2
v -13 92 2
v -10 86 2
v -10 91 2
v -10 92 2
v 7 86 2
v 7 91 2
v 7 93 2
v 7 94 2
v 8 86 2
v 8 91 2
v 8 93 2
v 8 94 2
v 10 86 2
v 10 91 2
v 10 93 2
v 10 95 2
v 11 86 2
v 11 95 2
v 11 96 2
v 14 86 2
v 14 95 2
v 14 96 2
v 15 86 2
v 15 95 2
v 17 86 2
v 17 95 2
v 20 86 2
v 20 95 2
v -38 64 1
v -38 66 1
v -38 67 1
v -38 68 1
v -38 69 1
v -38 70 1
v -37 64 1
v -37 66 1
v -37 67 1
v -37 68 1
v -37 69 1
v -37 70 1
v -29 64 1
v -29 65 1
v -29 66 1
v -29 67 1
v -29 68 1
v -28 40 1
v -28 47 1
v -28 49 1
v -24 12 1
v -24 14 1
v -24 15 1
v -23 12 1
v -23 13 1
v -23 15 1
v -23 18 1
v -23 46 1
v -23 47 1
v -22 13 1
v -22 14 1
v -22 15 1
v -22 17 1
v -22 18 1
v -22 24 1
v -22 46 1
v -22 47 1
v -21 17 1
v -21 18 1
v -21 19 1
v -21 64 1
v -21 65 1
v -21 66 1
v -21 67 1
v -21 68 1
v -20 14 1
v -20 15 1
v -20 16 1
v -19 15 1
v -19 16 1
v -19 18 1
v -19 19 1
v -19 20 1
v -18 16 1
v -18 17 1
v -18 19 1
v -18 20 1
v -18 21 1
v -17 16 1
v -17 17 1
v -17 20 1
v -17 21 1
v -17 22 1
v -17 40 1
v -17 47 1
v -17 49 1
v -16 17 1
v -16 18 1
v -16 19 1
v -15 15 1
v -15 16 1
v -15 17 1
v -15 21 1
v -15 22 1
v -15 23 1
v -14 21 1
v -14 22 1
v -14 23 1
v -14 24 1
v -13 12 1
v -13 15 1
v -13 16 1
v -13 18 1
v -13 19 1
v -13 21 1
v -13 22 1
v -13 23 1
v -13 24 1
v -7 89 1
v -7 91 1
v -7 92 1
v -7 95 1
v -6 93 1
v -6 94 1
v -5 64 1
v -5 70 1
v -5 93 1
v -5 94 1
v -4 64 1
v -4 70 1
v -4 92 1
v -4 95 1
v -3 64 1
v -3 70 1
v -3 89 1
v -3 92 1
v -3 95 1
v -2 10 1
v -2 11 1
v -2 25 1
v -2 27 1
v -2 64 1
v -2 70 1
v -2 89 1
v -2 93 1
v -2 94 1
v -1 24 1
v -1 25 1
v -1 26 1
v -1 27 1
v -1 64 1
v -1 70 1
v -1 93 1
v -1 94 1
v 0 24 1
v 0 26 1
v 0 64 1
v 0 70 1
v 0 92 1
v 0 95 1
v 1 89 1
v 1 91 1
v 1 92 1
v 7 96 1
v 7 97 1
v 8 18 1
v 8 19 1
v 8 96 1
v 8 97 1
v 11 86 1
v 11 95 1
v 12 10 1
v 12 11 1
v 12 19 1
v 12 23 1
v 14 18 1
v 14 19 1
v 14 23 1
v 14 86 1
v 14 95 1
v -39 40 -0
v -39 48 -0
v -39 50 -0
v -38 71 -0
v -38 72 -0
v -37 71 -0
v -37 72 -0
v -35 45 -0
v -35 48 -0
v -34 45 -0
v -34 48 -0
v -29 40 -0
v -29 48 -0
v -29 50 -0
v -25 9 -0
v -25 12 -0
v -17 86 -0
v -17 87 -0
v -17 90 -0
v -17 91 -0
v -14 86 -0
v -14 87 -0
v -14 90 -0
v -14 91 -0
v -13 9 -0
v -13 12 -0
v -11 86 -0
v -11 87 -0
v -11 91 -0
v -10 86 -0
v -10 87 -0
v -10 91 -0
v -8 64 -0
v -8 71 -0
v -7 86 -0
v -7 89 -0
v -5 64 -0
v -5 71 -0
v -3 86 -0
v -3 89 -0
v -2 86 -0
v -2 89 -0
v 0 24 -0
v 0 27 -0
v 2 86 -0
v 2 89 -0
v 3 22 -0
v 3 24 -0
v 3 26 -0
v 4 26 -0
v 4 27 -0
v 5 86 -0
v 5 91 -0
v 5 93 -0
v 5 95 -0
v 6 24 -0
v 6 26 -0
v 6 86 -0
v 6 91 -0
v 6 93 -0
v 6 95 -0
v 6 96 -0
v 7 40 -0
v 7 49 -0
v 7 51 -0
v 8 22 -0
v 8 23 -0
v 8 24 -0
v 9 27 -0
v 9 28 -0
v 9 86 -0
v 9 91 -0
v 9 93 -0
v 9 95 -0
v 9 96 -0
v 10 86 -0
v 10 91 -0
v 10 93 -0
v 10 95 -0
v 11 24 -0
v 11 26 -0
v 11 27 -0
v 13 26 -0
v 13 28 -0
v 14 23 -0
v 14 26 -0
v 14 47 -0
v 14 49 -0
v 15 47 -0
v 15 49 -0
v 21 40 -0
v 21 49 -0
v 21 51 -0
v -42 66 -1
v -42 69 -1
v -41 64 -1
v -41 66 -1
v -41 67 -1
v -41 69 -1
v -41 72 -1
v -40 64 -1
v -40 67 -1
v -40 69 -1
v -40 71 -1
v -39 67 -1
v -39 69 -1
v -39 71 -1
v -38 71 -1
v -38 72 -1
v -36 67 -1
v -36 69 -1
v -36 71 -1
v -35 64 -1
v -35 67 -1
v -35 69 -1
v -34 64 -1
v -34 67 -1
v -32 14 -1
v -32 19 -1
v -30 18 -1
v -30 19 -1
v -29 18 -1
v -29 19 -1
v -27 14 -1
v -27 19 -1
v -13 50 -1
v -13 53 -1
v 2 50 -1
v 2 53 -1
v 6 25 -1
v 6 27 -1
v 6 86 -1
v 6 91 -1
v 6 93 -1
v 6 95 -1
v 9 86 -1
v 9 91 -1
v 9 93 -1
v 9 95 -1
v 11 25 -1
v 11 27 -1
v 11 64 -1
v 11 74 -1
v 11 77 -1
v 15 64 -1
v 15 77 -1
v 17 86 -1
v 17 91 -1
v 17 93 -1
v 17 94 -1
v 18 86 -1
v 18 91 -1
v 18 93 -1
v 18 94 -1
v -40 64 -2
v -40 67 -2
v -40 88 -2
v -40 89 -2
v -39 64 -2
v -39 67 -2
v -39 69 -2
v -39 88 -2
v -37 14 -2
v -37 22 -2
v -36 64 -2
v -36 67 -2
v -36 69 -2
v -35 64 -2
v -35 67 -2
v -35 88 -2
v -35 89 -2
v -32 14 -2
v -32 22 -2
v -31 86 -2
v -31 87 -2
v -30 86 -2
v -30 87 -2
v -29 86 -2
v -29 87 -2
v -28 86 -2
v -28 87 -2
v -27 86 -2
v -27 87 -2
v -26 86 -2
v -26 87 -2
v -14 40 -2
v -14 50 -2
v -12 86 -2
v -12 87 -2
v -12 91 -2
v -12 92 -2
v -9 86 -2
v -9 87 -2
v -9 91 -2
v -9 92 -2
v -3 9 -2
v -3 30 -2
v -2 25 -2
v -2 30 -2
v 2 64 -2
v 2 72 -2
v 3 40 -2
v 3 50 -2
v 5 64 -2
v 5 72 -2
v 6 64 -2
v 6 72 -2
v 9 64 -2
v 9 72 -2
v 14 25 -2
v 14 30 -2
v 15 9 -2
v 15 30 -2
v 17 96 -2
v 17 97 -2
v 18 96 -2
v 18 97 -2
v -40 86 -3
v -40 87 -3
v -39 64 -3
v -39 67 -3
v -39 87 -3
v -39 88 -3
v -36 64 -3
v -36 67 -3
v -34 86 -3
v -34 88 -3
v -7 115 -3
v -7 116 -3
v -6 115 -3
v -6 116 -3
v 9 64 -3
v 9 74 -3
v 11 64 -3
v 11 74 -3
v 15 86 -3
v 15 95 -3
v 16 86 -3
v 16 95 -3
v 16 96 -3
v 19 86 -3
v 19 91 -3
v 19 93 -3
v 19 95 -3
v 19 96 -3
v 20 86 -3
v 20 91 -3
v 20 93 -3
v 20 95 -3
v -38 9 -4
v -38 14 -4
v -26 9 -4
v -26 14 -4
v 9 107 -4
v 9 118 -4
v 9 119 -4
v 9 123 -4
v 10 119 -4
v 10 122 -4
v 10 123 -4
v 11 119 -4
v 11 122 -4
v 15 107 -4
v 15 111 -4
v 16 86 -4
v 16 95 -4
v 17 91 -4
v 17 93 -4
v 17 107 -4
v 17 111 -4
v 19 86 -4
v 19 91 -4
v 19 93 -4
v 19 95 -4
v 22 119 -4
v 22 122 -4
v 23 119 -4
v 23 122 -4
v 23 123 -4
v 24 107 -4
v 24 112 -4
v 24 118 -4
v 24 119 -4
v 24 123 -4
v -42 0 -5
v -42 112 -5
v -40 0 -5
v -40 7 -5
v -40 9 -5
v -40 38 -5
v -40 40 -5
v -40 62 -5
v -40 64 -5
v -40 84 -5
v -40 86 -5
v -40 105 -5
v -40 107 -5
v -40 112 -5
v -8 107 -5
v -8 117 -5
v -8 119 -5
v -8 121 -5
v -7 117 -5
v -7 118 -5
v -7 121 -5
v -7 122 -5
v -1 107 -5
v -1 109 -5
v 1 107 -5
v 1 109 -5
v 8 107 -5
v 8 118 -5
v 8 119 -5
v 8 122 -5
v 24 0 -5
v 24 7 -5
v 24 9 -5
v 24 38 -5
v 24 40 -5
v 24 62 -5
v 24 64 -5
v 24 84 -5
v 24 86 -5
v 24 105 -5
v 24 107 -5
v 24 112 -5
v 26 0 -5
v 26 112 -5
v -42 0 17
v -40 0 17
v 24 0 17
v 26 0 17
v -42 0 15
v -40 0 15
v 24 0 15
v 26 0 15
v -42 0 -3
v -40 0 -3
v 24 0 -3
v 26 0 -3
v -42 0 -5
v -40 0 -5
v 24 0 -5
v 26 0 -5
v -40 7 17
v 24 7 17
v -40 7 16
v 24 7 16
v -42 7 15
v -41 7 15
v 25 7 15
v 26 7 15
v -42 7 -3
v -41 7 -3
v 25 7 -3
v 26 7 -3
v -40 7 -4
v 24 7 -4
v -40 7 -5
v 24 7 -5
v -40 8 16
v 24 8 16
v -41 8 15
v -40 8 15
v 24 8 15
v 25 8 15
v -41 8 -3
v -40 8 -3
v 24 8 -3
v 25 8 -3
v -40 8 -4
v 24 8 -4
v -3 9 20
v 15 9 20
v -25 9 19
v -13 9 19
v -25 9 17
v -13 9 17
v -3 9 17
v 15 9 17
v 0 14 1
v 8 14 1
v 0 14 -0
v 8 14 -0
v -23 15 17
v -22 15 17
v -23 15 14
v -22 15 14
v -23 15 13
v -22 15 13
v -23 15 11
v -22 15 11
v -23 15 10
v -22 15 10
v -23 15 9
v -22 15 9
v -23 15 7
v -22 15 7
v -23 15 6
v -22 15 6
v -23 15 5
v -22 15 5
v -23 15 2
v -22 15 2
v 2 18 19
v 14 18 19
v -2 18 18
v 2 18 18
v -22 18 17
v -21 18 17
v -22 18 16
v -21 18 16
v -22 18 14
v -21 18 14
v -2 18 14
v 10 18 14
v 14 18 14
v -22 18 13
v -21 18 13
v -22 18 12
v -21 18 12
v -22 18 11
v -22 18 10
v -21 18 10
v -22 18 9
v -21 18 9
v 3 18 9
v 10 18 9
v -22 18 8
v -22 18 7
v -21 18 7
v -2 18 7
v 3 18 7
v -22 18 2
v -21 18 2
v 0 18 1
v 3 18 1
v 8 18 1
v 14 18 1
v -1 18 -0
v 0 18 -0
v -2 18 -1
v -1 18 -1
v 1 19 9
v 3 19 9
v 1 19 7
v 3 19 7
v -3 20 21
v 15 20 21
v -3 20 20
v 15 20 20
v 12 21 10
v 14 21 10
v -2 21 9
v 1 21 9
v 12 21 9
v 14 21 9
v -2 21 7
v 1 21 7
v 3 22 18
v 4 22 18
v 3 22 17
v 4 22 17
v 10 22 17
v 11 22 17
v 10 22 16
v 11 22 16
v 4 22 3
v 8 22 3
v 3 22 2
v 4 22 2
v 5 22 2
v 5 22 1
v 8 22 1
v 3 22 -0
v 8 22 -0
v 11 23 18
v 14 23 18
v -1 23 17
v 0 23 17
v 11 23 17
v 12 23 17
v 14 23 17
v 0 23 16
v 4 23 16
v 11 23 16
v 12 23 16
v -1 23 15
v 1 23 15
v 4 23 15
v -2 23 14
v 1 23 14
v -2 23 11
v 1 23 11
v -2 23 10
v 1 23 10
v 12 23 9
v 13 23 9
v -2 23 7
v 1 23 7
v 12 23 7
v 13 23 7
v 3 23 3
v 4 23 3
v 8 23 3
v 12 23 3
v 3 23 2
v 4 23 2
v 8 23 1
v 12 23 1
v 14 23 1
v 8 23 -0
v 14 23 -0
v 3 24 15
v 4 24 15
v 3 24 13
v 4 24 13
v 5 24 13
v 7 24 13
v 5 24 12
v 7 24 12
v 6 24 -0
v 8 24 -0
v 11 24 -0
v 6 24 -1
v 11 24 -1
v 3 25 8
v 5 25 8
v 3 25 7
v 5 25 7
v -2 25 6
v -1 25 6
v -2 25 1
v -1 25 1
v -22 26 11
v -21 26 11
v -14 26 11
v -13 26 11
v 9 26 11
v 10 26 11
v 9 26 10
v 10 26 10
v 13 26 9
v 14 26 9
v -22 26 8
v -21 26 8
v -14 26 8
v -13 26 8
v 13 26 6
v 14 26 6
v -40 38 17
v 24 38 17
v -40 38 16
v 24 38 16
v -42 38 15
v -41 38 15
v 25 38 15
v 26 38 15
v -42 38 -3
v -41 38 -3
v 25 38 -3
v 26 38 -3
v -40 38 -4
v 24 38 -4
v -40 38 -5
v 24 38 -5
v -40 39 16
v 24 39 16
v -41 39 15
v -40 39 15
v 24 39 15
v 25 39 15
v -41 39 -3
v -40 39 -3
v 24 39 -3
v 25 39 -3
v -40 39 -4
v 24 39 -4
v -14 40 22
v 3 40 22
v 7 40 19
v 21 40 19
v -39 40 18
v -29 40 18
v -28 40 18
v -17 40 18
v -39 40 17
v -29 40 17
v -28 40 17
v -17 40 17
v -14 40 17
v 3 40 17
v 7 40 17
v 21 40 17
v -40 62 17
v 24 62 17
v -40 62 16
v 24 62 16
v -42 62 15
v -41 62 15
v 25 62 15
v 26 62 15
v -42 62 -3
v -41 62 -3
v 25 62 -3
v 26 62 -3
v -40 62 -4
v 24 62 -4
v -40 62 -5
v 24 62 -5
v -40 63 16
v 24 63 16
v -41 63 15
v -40 63 15
v 24 63 15
v 25 63 15
v -41 63 -3
v -40 63 -3
v 24 63 -3
v 25 63 -3
v -40 63 -4
v 24 63 -4
v -38 64 18
v -30 64 18
v -38 64 17
v -30 64 17
v -42 66 2
v -41 66 2
v -38 66 1
v -37 66 1
v -38 66 -0
v -37 66 -0
v -42 66 -1
v -41 66 -1
v -30 68 18
v -20 68 18
v -37 68 17
v -31 68 17
v -29 68 17
v -21 68 17
v -37 68 6
v -31 68 6
v -30 68 5
v -30 68 3
v -29 68 3
v -21 68 3
v -20 68 3
v -38 68 1
v -37 68 1
v -38 68 -0
v -37 68 -0
v -41 69 2
v -40 69 2
v -41 69 -1
v -40 69 -1
v -13 70 14
v -12 70 14
v -11 70 14
v -10 70 14
v -13 70 5
v -12 70 5
v -11 70 5
v -10 70 5
v -38 70 1
v -37 70 1
v -38 70 -0
v -37 70 -0
v -18 71 14
v -17 71 14
v -9 71 14
v -8 71 14
v -5 71 14
v -4 71 14
v -18 71 6
v -17 71 6
v -9 71 4
v -8 71 4
v -5 71 4
v -4 71 4
v -40 71 2
v -39 71 2
v -40 71 -1
v -39 71 -1
v -18 73 15
v -10 73 15
v -18 73 14
v -14 73 14
v -13 73 14
v -10 73 14
v -14 73 6
v -13 73 6
v -23 74 15
v -18 74 15
v -23 74 14
v -22 74 14
v -21 74 14
v -23 74 8
v -22 74 8
v -21 74 8
v -23 74 6
v -18 74 6
v 18 75 13
v 19 75 13
v 18 75 12
v 19 75 12
v -40 84 17
v 24 84 17
v -40 84 16
v 24 84 16
v -42 84 15
v -41 84 15
v 25 84 15
v 26 84 15
v -42 84 -3
v -41 84 -3
v 25 84 -3
v 26 84 -3
v -40 84 -4
v 24 84 -4
v -40 84 -5
v 24 84 -5
v -40 85 16
v 24 85 16
v -41 85 15
v -40 85 15
v 24 85 15
v 25 85 15
v -41 85 -3
v -40 85 -3
v 24 85 -3
v 25 85 -3
v -40 85 -4
v 24 85 -4
v -38 87 14
v -37 87 14
v -36 87 14
v -35 87 14
v -39 87 13
v -38 87 13
v -37 87 13
v -36 87 13
v -35 87 13
v -34 87 13
v -39 87 12
v -38 87 12
v -35 87 12
v -34 87 12
v -39 87 11
v -38 87 11
v -35 87 11
v -34 87 11
v -39 87 10
v -38 87 10
v -37 87 10
v -36 87 10
v -35 87 10
v -34 87 10
v -38 87 9
v -37 87 9
v -36 87 9
v -35 87 9
v -40 88 7
v -35 88 7
v -39 88 6
v -35 88 6
v -40 88 -2
v -39 88 -2
v -3 89 12
v -2 89 12
v -3 89 11
v -2 89 11
v -3 89 2
v -2 89 2
v -3 89 1
v -2 89 1
v -16 90 2
v -15 90 2
v -16 90 1
v -15 90 1
v -31 91 13
v -30 91 13
v -31 91 12
v -30 91 12
v -11 91 11
v -10 91 11
v -11 91 10
v -10 91 10
v -14 91 8
v -13 91 8
v -10 91 8
v -9 91 8
v -14 91 7
v -13 91 7
v -10 91 7
v -9 91 7
v -17 91 6
v -16 91 6
v -17 91 5
v -16 91 5
v -12 91 4
v -11 91 4
v -12 91 3
v -11 91 3
v -11 91 -0
v -10 91 -0
v -11 91 -1
v -10 91 -1
v -37 93 12
v -36 93 12
v -37 93 11
v -36 93 11
v -6 94 12
v -5 94 12
v -2 94 12
v -1 94 12
v 17 94 12
v 18 94 12
v 17 94 11
v 18 94 11
v 12 94 9
v 13 94 9
v 5 94 8
v 6 94 8
v 12 94 8
v 13 94 8
v 5 94 7
v 6 94 7
v 18 94 5
v 19 94 5
v 12 94 4
v 13 94 4
v 18 94 4
v 19 94 4
v 12 94 3
v 13 94 3
v 7 94 2
v 8 94 2
v -6 94 1
v -5 94 1
v -2 94 1
v -1 94 1
v 7 94 1
v 8 94 1
v 17 94 -1
v 18 94 -1
v 17 94 -2
v 18 94 -2
v -43 104 18
v -42 104 18
v -41 104 18
v -42 104 17
v -41 104 17
v -43 104 16
v -42 104 16
v -41 105 18
v -40 105 18
v -41 105 17
v -40 105 17
v 24 105 17
v -43 105 16
v -42 105 16
v -40 105 16
v 24 105 16
v -43 105 15
v -42 105 15
v -41 105 15
v 25 105 15
v 26 105 15
v -42 105 -3
v -41 105 -3
v 25 105 -3
v 26 105 -3
v -40 105 -4
v 24 105 -4
v -40 105 -5
v 24 105 -5
v -43 106 18
v -42 106 18
v -40 106 18
v -39 106 18
v -43 106 17
v -42 106 17
v -40 106 17
v -39 106 17
v -40 106 16
v 24 106 16
v -43 106 15
v -42 106 15
v -41 106 15
v -40 106 15
v 24 106 15
v 25 106 15
v -43 106 14
v -42 106 14
v -41 106 -3
v -40 106 -3
v 24 106 -3
v 25 106 -3
v -40 106 -4
v 24 106 -4
v 9 107 19
v 15 107 19
v 17 107 19
v 24 107 19
v -39 107 18
v -38 107 18
v -8 107 18
v -1 107 18
v 1 107 18
v 8 107 18
v -39 107 17
v -38 107 17
v -8 107 17
v -1 107 17
v 1 107 17
v 8 107 17
v 9 107 17
v 15 107 17
v 17 107 17
v 24 107 17
v -43 107 14
v -42 107 14
v -43 107 13
v -42 107 13
v -42 109 18
v -40 109 18
v -43 109 17
v -42 109 17
v -40 109 17
v -43 109 16
v -42 109 16
v -43 109 15
v -42 109 15
v -26 113 16
v -25 113 16
v -22 113 16
v -21 113 16
v -26 113 4
v -25 113 4
v -22 113 4
v -21 113 4
v 9 114 22
v 24 114 22
v 9 114 21
v 24 114 21
v -25 114 16
v -24 114 16
v -23 114 16
v -22 114 16
v 6 114 16
v 7 114 16
v -25 114 4
v -24 114 4
v -23 114 4
v -22 114 4
v 6 114 -4
v 7 114 -4
v -7 115 17
v -6 115 17
v 6 115 17
v 7 115 17
v 6 115 16
v 7 115 16
v -7 115 5
v -6 115 5
v -7 115 4
v -6 115 4
v -7 115 -3
v -6 115 -3
v 9 116 21
v 24 116 21
v 9 116 20
v 24 116 20
v -7 116 5
v -6 116 5
v -7 116 4
v -6 116 4
v -7 116 -3
v -6 116 -3
v -7 116 -4
v -6 116 -4
v -8 117 22
v 8 117 22
v -8 117 18
v 8 117 18
v 9 118 20
v 24 118 20
v 9 118 19
v 24 118 19
v -40 9 17
v -38 9 17
v -26 9 17
v -25 9 17
v -13 9 17
v -3 9 17
v 15 9 17
v 24 9 17
v -13 9 16
v -9 9 16
v -42 9 15
v -40 9 15
v -9 9 15
v -4 9 15
v 24 9 15
v 26 9 15
v -9 9 5
v -4 9 5
v -13 9 4
v -9 9 4
v -25 9 -0
v -13 9 -0
v -3 9 -2
v 15 9 -2
v -42 9 -3
v -40 9 -3
v 24 9 -3
v 26 9 -3
v -38 9 -4
v -26 9 -4
v -40 9 -5
v 24 9 -5
v -2 10 19
v 14 10 19
v -2 10 14
v 10 10 14
v 10 10 12
v 12 10 12
v -2 10 1
v 12 10 1
v -1 10 -0
v 14 10 -0
v -2 10 -1
v -1 10 -1
v 10 11 12
v 12 11 12
v -2 11 9
v 10 11 9
v -2 11 1
v 12 11 1
v -25 12 19
v -13 12 19
v -24 12 18
v -23 12 18
v -20 12 18
v -16 12 18
v -13 12 18
v -24 12 2
v -24 12 1
v -23 12 1
v -13 12 1
v -25 12 -0
v -13 12 -0
v -23 13 17
v -22 13 17
v -19 13 17
v -16 13 17
v -14 13 17
v -14 13 16
v -14 13 11
v -14 13 9
v -14 13 8
v -23 13 5
v -14 13 5
v -14 13 4
v -14 13 3
v -23 13 2
v -22 13 2
v -14 13 2
v -38 14 17
v -26 14 17
v -32 14 16
v -27 14 16
v -37 14 15
v -32 14 15
v -32 14 -1
v -27 14 -1
v -37 14 -2
v -32 14 -2
v -38 14 -4
v -26 14 -4
v -24 15 18
v -23 15 18
v -23 15 14
v -23 15 13
v -23 15 11
v -23 15 10
v -23 15 9
v -23 15 7
v -23 15 6
v -24 15 5
v -23 15 5
v -24 15 1
v -23 15 1
v -23 18 18
v -22 18 18
v -30 18 16
v -29 18 16
v -22 18 16
v -22 18 14
v -23 18 13
v -22 18 13
v -22 18 12
v -23 18 11
v -22 18 11
v -22 18 10
v -23 18 9
v -22 18 9
v -23 18 8
v -22 18 8
v -22 18 7
v -23 18 1
v -22 18 1
v -30 18 -1
v -29 18 -1
v -32 19 16
v -30 19 16
v -29 19 16
v -27 19 16
v -32 19 15
v 12 19 10
v 14 19 10
v 12 19 7
v 14 19 7
v 3 19 3
v 12 19 3
v 3 19 1
v 8 19 1
v 12 19 1
v -32 19 -1
v -30 19 -1
v -29 19 -1
v -27 19 -1
v -9 20 15
v -4 20 15
v -9 20 5
v -4 20 5
v 3 20 1
v 8 20 1
v 3 20 -0
v 8 20 -0
v 2 21 19
v 14 21 19
v 2 21 18
v 3 21 18
v 4 21 18
v 10 21 18
v 3 21 17
v 4 21 17
v 12 21 17
v 14 21 17
v -13 21 16
v -9 21 16
v 3 21 16
v 4 21 16
v 10 21 16
v 12 21 16
v 3 21 15
v 4 21 15
v -13 21 13
v -2 21 13
v 1 21 13
v -13 21 10
v -2 21 10
v 1 21 10
v -13 21 8
v -13 21 4
v -9 21 4
v -2 22 18
v 0 22 18
v -2 22 17
v -1 22 17
v 0 22 16
v 3 22 16
v -37 22 15
v -32 22 15
v -1 22 15
v 1 22 15
v 3 22 15
v -2 22 14
v 1 22 14
v -2 22 13
v 1 22 13
v -2 22 10
v 1 22 10
v -2 22 7
v 1 22 7
v 3 22 -0
v 8 22 -0
v 14 22 -0
v 3 22 -1
v 14 22 -1
v -37 22 -2
v -32 22 -2
v -2 23 17
v -1 23 17
v -2 23 15
v -1 23 15
v 2 23 15
v 4 23 15
v 2 23 13
v 4 23 13
v 5 23 13
v 7 23 13
v 6 23 11
v 7 23 11
v 3 23 10
v 5 23 10
v 6 23 8
v 7 23 8
v 3 23 7
v 5 23 7
v 7 23 4
v 8 23 4
v 5 23 3
v 8 23 3
v -22 24 18
v -13 24 18
v 4 24 18
v 10 24 18
v -22 24 17
v -21 24 17
v -14 24 17
v 4 24 17
v 5 24 17
v 10 24 17
v 11 24 17
v 5 24 16
v 8 24 16
v 1 24 15
v 2 24 15
v 9 24 15
v 10 24 15
v 11 24 15
v -2 24 14
v 1 24 14
v 8 24 14
v 9 24 14
v -1 24 13
v 2 24 13
v -22 24 12
v -21 24 12
v -14 24 12
v -13 24 12
v -2 24 12
v -1 24 12
v -22 24 11
v -21 24 11
v -14 24 11
v -13 24 11
v 9 24 11
v 12 24 11
v -22 24 10
v -21 24 10
v 9 24 10
v 12 24 10
v -22 24 8
v -21 24 8
v -14 24 8
v -13 24 8
v -22 24 7
v -21 24 7
v -14 24 7
v -13 24 7
v -2 24 6
v -1 24 6
v -22 24 5
v -21 24 5
v -22 24 3
v -21 24 3
v -21 24 2
v -14 24 2
v -22 24 1
v -14 24 1
v -13 24 1
v -1 24 1
v 0 24 1
v 0 24 -0
v 3 24 -0
v -2 24 -1
v 3 24 -1
v -3 25 21
v 15 25 21
v -3 25 20
v -2 25 20
v 14 25 20
v 15 25 20
v -2 25 19
v 14 25 19
v 0 25 18
v 4 25 18
v -1 25 17
v 0 25 17
v 4 25 17
v 5 25 17
v 3 25 16
v 5 25 16
v -2 25 15
v -1 25 15
v 1 25 15
v 3 25 15
v 9 25 15
v 11 25 15
v 12 25 15
v -2 25 14
v 1 25 14
v 8 25 14
v 9 25 14
v -1 25 13
v 3 25 13
v 8 25 13
v 10 25 13
v -2 25 12
v -1 25 12
v 3 25 12
v 5 25 12
v 10 25 11
v 12 25 11
v -2 25 10
v 3 25 10
v 5 25 10
v 13 25 7
v 14 25 7
v 13 25 6
v 14 25 6
v 4 25 5
v 5 25 5
v 5 25 3
v 8 25 3
v 4 25 2
v 5 25 2
v 8 25 2
v -2 25 -1
v 6 25 -1
v 11 25 -1
v 14 25 -1
v -2 25 -2
v 14 25 -2
v 3 26 16
v 8 26 16
v 12 26 15
v 14 26 15
v 7 26 13
v 8 26 13
v -22 26 12
v -21 26 12
v -14 26 12
v -13 26 12
v 3 26 12
v 7 26 12
v -22 26 11
v -21 26 11
v -14 26 11
v -13 26 11
v 6 26 11
v 7 26 11
v 12 26 11
v 14 26 11
v 7 26 10
v -22 26 8
v -21 26 8
v -14 26 8
v -13 26 8
v 6 26 8
v 7 26 8
v -22 26 7
v -21 26 7
v -14 26 7
v -13 26 7
v -1 26 6
v 1 26 6
v 1 26 5
v 4 26 5
v 13 26 5
v 14 26 5
v 8 26 4
v 13 26 4
v 0 26 3
v 4 26 3
v 4 26 2
v 8 26 2
v 9 26 2
v 13 26 2
v -1 26 1
v 0 26 1
v 6 26 1
v 8 26 1
v 9 26 1
v 4 26 -0
v 6 26 -0
v 13 26 -0
v 14 26 -0
v 11 27 18
v 14 27 18
v 11 27 15
v 14 27 15
v 7 27 13
v 10 27 13
v -22 27 11
v -21 27 11
v -14 27 11
v -13 27 11
v 7 27 11
v 10 27 11
v -2 27 10
v 3 27 10
v 10 27 10
v 12 27 10
v 7 27 9
v 10 27 9
v -22 27 8
v -21 27 8
v -14 27 8
v -13 27 8
v 1 27 8
v 3 27 8
v -2 27 6
v -1 27 6
v 1 27 6
v 12 27 5
v 13 27 5
v 7 27 4
v 13 27 4
v 0 27 3
v 4 27 3
v -2 27 1
v -1 27 1
v 6 27 1
v 9 27 1
v 0 27 -0
v 4 27 -0
v 9 27 -0
v 11 27 -0
v 6 27 -1
v 11 27 -1
v 7 28 11
v 10 28 11
v 12 28 11
v 14 28 11
v 7 28 9
v 10 28 9
v 1 28 8
v 5 28 8
v 1 28 5
v 5 28 5
v 12 28 5
v 14 28 5
v 9 28 2
v 13 28 2
v 9 28 -0
v 13 28 -0
v -3 30 20
v -2 30 20
v 14 30 20
v 15 30 20
v -3 30 -2
v -2 30 -2
v 14 30 -2
v 15 30 -2
v -40 40 17
v -39 40 17
v -29 40 17
v -28 40 17
v -17 40 17
v -14 40 17
v 3 40 17
v 7 40 17
v 21 40 17
v 24 40 17
v -42 40 15
v -40 40 15
v 24 40 15
v 26 40 15
v -28 40 1
v -17 40 1
v -39 40 -0
v -29 40 -0
v 7 40 -0
v 21 40 -0
v -14 40 -2
v 3 40 -2
v -42 40 -3
v -40 40 -3
v 24 40 -3
v 26 40 -3
v -40 40 -5
v 24 40 -5
v -13 41 21
v -12 41 21
v -10 41 21
v -9 41 21
v -8 41 21
v 1 41 21
v 2 41 21
v 8 41 18
v 20 41 18
v -38 41 17
v -30 41 17
v -27 41 17
v -18 41 17
v -13 41 16
v 2 41 16
v -38 41 14
v -30 41 14
v -27 41 11
v -18 41 11
v -38 41 2
v -30 41 2
v -38 41 1
v -30 41 1
v 8 41 1
v 20 41 1
v -28 49 18
v -17 49 18
v -27 49 17
v -18 49 17
v -27 49 11
v -18 49 11
v -27 49 10
v -18 49 10
v -27 49 8
v -18 49 8
v -27 49 7
v -18 49 7
v -27 49 4
v -18 49 4
v -27 49 2
v -18 49 2
v -28 49 1
v -17 49 1
v -14 50 22
v -12 50 22
v -9 50 22
v 3 50 22
v -13 50 21
v -12 50 21
v -9 50 21
v 2 50 21
v -14 50 19
v -13 50 19
v -39 50 18
v -31 50 18
v -30 50 18
v -29 50 18
v -38 50 17
v -31 50 17
v -30 50 17
v -13 50 16
v 2 50 16
v -13 50 15
v 2 50 15
v -38 50 14
v -30 50 14
v -14 50 14
v -13 50 14
v -38 50 13
v -30 50 13
v -38 50 12
v -30 50 12
v -13 50 12
v 2 50 12
v -38 50 11
v -30 50 11
v -13 50 11
v 2 50 11
v -38 50 10
v -30 50 10
v -13 50 10
v 2 50 10
v -38 50 9
v -30 50 9
v -27 50 9
v -18 50 9
v -38 50 8
v -30 50 8
v -27 50 8
v -18 50 8
v -38 50 7
v -30 50 7
v -13 50 7
v 2 50 7
v -38 50 6
v -30 50 6
v -38 50 5
v -30 50 5
v -13 50 5
v 2 50 5
v -38 50 4
v -30 50 4
v -38 50 3
v -30 50 3
v -13 50 3
v 2 50 3
v -38 50 2
v -30 50 2
v -13 50 2
v 2 50 2
v -38 50 1
v -30 50 1
v -13 50 1
v 2 50 1
v -39 50 -0
v -29 50 -0
v -13 50 -0
v 2 50 -0
v -13 50 -1
v 2 50 -1
v -14 50 -2
v 3 50 -2
v 7 51 19
v 21 51 19
v 8 51 18
v 20 51 18
v -27 51 11
v -18 51 11
v -27 51 10
v -18 51 10
v -27 51 9
v -18 51 9
v -27 51 8
v -18 51 8
v -13 51 8
v 2 51 8
v -27 51 7
v -18 51 7
v -13 51 7
v 2 51 7
v -13 51 5
v 2 51 5
v -27 51 4
v -18 51 4
v -13 51 4
v 2 51 4
v -27 51 2
v -18 51 2
v 8 51 1
v 20 51 1
v 7 51 -0
v 21 51 -0
v -38 52 14
v -30 52 14
v -13 52 14
v 2 52 14
v -38 52 13
v -30 52 13
v -13 52 13
v 2 52 13
v -38 52 11
v -30 52 11
v -38 52 10
v -30 52 10
v -13 52 9
v 2 52 9
v -13 52 8
v 2 52 8
v -38 52 6
v -30 52 6
v -38 52 5
v -30 52 5
v -13 52 3
v 2 52 3
v -13 52 2
v 2 52 2
v -13 52 1
v 2 52 1
v -13 53 16
v 2 53 16
v -13 53 15
v 2 53 15
v -13 53 14
v 2 53 14
v -38 53 13
v -30 53 13
v -13 53 13
v 2 53 13
v -38 53 12
v -30 53 12
v -13 53 12
v 2 53 12
v -38 53 11
v -30 53 11
v -13 53 11
v 2 53 11
v -38 53 10
v -30 53 10
v -13 53 10
v 2 53 10
v -38 53 9
v -30 53 9
v -13 53 9
v 2 53 9
v -38 53 8
v -30 53 8
v -38 53 7
v -30 53 7
v -13 53 7
v 2 53 7
v -38 53 6
v -30 53 6
v -38 53 5
v -30 53 5
v -13 53 5
v 2 53 5
v -38 53 4
v -30 53 4
v -13 53 4
v 2 53 4
v -38 53 3
v -30 53 3
v -13 53 3
v 2 53 3
v -38 53 2
v -30 53 2
v -13 53 1
v 2 53 1
v -13 53 -0
v 2 53 -0
v -13 53 -1
v 2 53 -1
v -40 64 17
v -38 64 17
v -30 64 17
v -29 64 17
v -21 64 17
v -18 64 17
v -11 64 17
v 24 64 17
v -8 64 16
v -5 64 16
v 11 64 16
v 15 64 16
v -42 64 15
v -40 64 15
v -5 64 15
v -4 64 15
v -3 64 15
v -2 64 15
v -1 64 15
v 0 64 15
v 2 64 15
v 5 64 15
v 6 64 15
v 9 64 15
v 11 64 15
v 16 64 15
v 23 64 15
v 24 64 15
v 26 64 15
v -38 64 5
v -30 64 5
v -39 64 4
v -36 64 4
v -18 64 4
v -16 64 4
v -14 64 4
v -11 64 4
v -40 64 3
v -39 64 3
v -36 64 3
v -35 64 3
v 16 64 3
v 23 64 3
v -41 64 2
v -40 64 2
v -35 64 2
v -34 64 2
v -38 64 1
v -37 64 1
v -29 64 1
v -21 64 1
v -5 64 1
v -4 64 1
v -3 64 1
v -2 64 1
v -1 64 1
v 0 64 1
v -38 64 -0
v -37 64 -0
v -8 64 -0
v -5 64 -0
v -41 64 -1
v -40 64 -1
v -35 64 -1
v -34 64 -1
v 11 64 -1
v 15 64 -1
v -40 64 -2
v -39 64 -2
v -36 64 -2
v -35 64 -2
v 2 64 -2
v 5 64 -2
v 6 64 -2
v 9 64 -2
v -42 64 -3
v -40 64 -3
v -39 64 -3
v -36 64 -3
v 9 64 -3
v 11 64 -3
v 24 64 -3
v 26 64 -3
v -40 64 -5
v 24 64 -5
v -37 65 17
v -31 65 17
v -37 65 6
v -31 65 6
v -17 66 16
v -16 66 16
v -14 66 16
v -12 66 16
v -17 66 14
v -13 66 14
v -13 66 5
v -12 66 5
v -39 67 4
v -36 67 4
v -40 67 3
v -39 67 3
v -36 67 3
v -35 67 3
v -41 67 2
v -40 67 2
v -39 67 2
v -36 67 2
v -35 67 2
v -34 67 2
v -38 67 1
v -37 67 1
v -38 67 -0
v -37 67 -0
v -41 67 -1
v -40 67 -1
v -39 67 -1
v -36 67 -1
v -35 67 -1
v -34 67 -1
v -40 67 -2
v -39 67 -2
v -36 67 -2
v -35 67 -2
v -39 67 -3
v -36 67 -3
v -29 68 3
v -21 68 3
v -29 68 1
v -21 68 1
v -38 69 18
v -30 69 18
v -29 69 17
v -21 69 17
v -36 69 16
v -35 69 16
v -34 69 16
v -33 69 16
v -37 69 15
v -36 69 15
v -33 69 15
v -32 69 15
v -38 69 14
v -37 69 14
v -32 69 14
v -31 69 14
v -24 69 14
v -22 69 14
v -21 69 14
v -31 69 13
v -31 69 12
v -38 69 11
v -37 69 11
v -32 69 11
v -31 69 11
v -37 69 10
v -36 69 10
v -33 69 10
v -32 69 10
v -36 69 9
v -33 69 9
v -24 69 8
v -22 69 8
v -21 69 8
v -38 69 5
v -30 69 5
v -29 69 4
v -21 69 4
v -39 69 3
v -36 69 3
v -42 69 2
v -41 69 2
v -40 69 2
v -39 69 2
v -36 69 2
v -35 69 2
v -38 69 1
v -37 69 1
v -38 69 -0
v -37 69 -0
v -42 69 -1
v -41 69 -1
v -40 69 -1
v -39 69 -1
v -36 69 -1
v -35 69 -1
v -39 69 -2
v -36 69 -2
v -18 70 17
v -11 70 17
v -17 70 16
v -12 70 16
v -5 70 15
v -4 70 15
v -3 70 15
v -2 70 15
v -1 70 15
v 0 70 15
v -17 70 14
v -12 70 14
v -11 70 14
v -17 70 5
v -13 70 5
v -11 70 5
v -18 70 4
v -11 70 4
v -5 70 1
v -4 70 1
v -3 70 1
v -2 70 1
v -1 70 1
v 0 70 1
v -8 71 16
v -5 71 16
v -14 71 14
v -13 71 14
v -8 71 14
v -5 71 14
v -17 71 6
v -14 71 6
v -17 71 5
v -13 71 5
v -8 71 4
v -5 71 4
v -38 71 2
v -36 71 2
v -38 71 1
v -37 71 1
v -38 71 -0
v -37 71 -0
v -8 71 -0
v -5 71 -0
v -38 71 -1
v -36 71 -1
v -30 72 18
v -20 72 18
v -29 72 17
v -21 72 17
v 2 72 15
v 5 72 15
v 6 72 15
v 9 72 15
v 16 72 15
v 17 72 15
v 20 72 15
v 23 72 15
v -21 72 14
v 16 72 14
v 17 72 14
v 20 72 14
v 21 72 14
v 18 72 13
v 19 72 13
v 18 72 12
v 19 72 12
v 16 72 11
v 17 72 11
v 20 72 11
v 21 72 11
v 17 72 10
v 20 72 10
v -21 72 8
v -29 72 4
v -21 72 4
v -30 72 3
v -20 72 3
v 16 72 3
v 23 72 3
v -41 72 2
v -38 72 2
v -38 72 1
v -37 72 1
v -38 72 -0
v -37 72 -0
v -41 72 -1
v -38 72 -1
v 2 72 -2
v 5 72 -2
v 6 72 -2
v 9 72 -2
v -36 73 16
v -35 73 16
v -34 73 16
v -33 73 16
v -37 73 15
v -36 73 15
v -35 73 15
v -34 73 15
v -33 73 15
v -32 73 15
v -38 73 14
v -37 73 14
v -36 73 14
v -33 73 14
v -32 73 14
v -31 73 14
v -32 73 13
v -31 73 13
v -32 73 12
v -31 73 12
v -38 73 11
v -37 73 11
v -36 73 11
v -33 73 11
v -32 73 11
v -31 73 11
v -37 73 10
v -36 73 10
v -33 73 10
v -32 73 10
v -36 73 9
v -33 73 9
v -13 73 6
v -10 73 6
v -13 73 5
v -10 73 5
v -18 74 15
v -10 74 15
v 9 74 15
v 11 74 15
v -24 74 14
v -23 74 14
v -24 74 8
v -23 74 8
v -18 74 6
v -10 74 6
v 11 74 -1
v 9 74 -3
v 11 74 -3
v -36 75 15
v -35 75 15
v -34 75 15
v -33 75 15
v -23 75 15
v -18 75 15
v -37 75 14
v -36 75 14
v -35 75 14
v -34 75 14
v -33 75 14
v -32 75 14
v -9 75 14
v -4 75 14
v -36 75 13
v -33 75 13
v -32 75 13
v -36 75 12
v -33 75 12
v -32 75 12
v -37 75 11
v -36 75 11
v -33 75 11
v -32 75 11
v -36 75 10
v -33 75 10
v -23 75 6
v -18 75 6
v -9 75 4
v -4 75 4
v -36 76 14
v -35 76 14
v -34 76 14
v -33 76 14
v -36 76 13
v -35 76 13
v -34 76 13
v -36 76 12
v -35 76 12
v -36 76 11
v -33 76 11
v 11 77 16
v 15 77 16
v 17 77 15
v 20 77 15
v 16 77 14
v 17 77 14
v 20 77 14
v 21 77 14
v 16 77 11
v 17 77 11
v 20 77 11
v 21 77 11
v 17 77 10
v 20 77 10
v 11 77 -1
v 15 77 -1
v -40 86 17
v 24 86 17
v 5 86 16
v 6 86 16
v 8 86 16
v -42 86 15
v -40 86 15
v -32 86 15
v -30 86 15
v -29 86 15
v 4 86 15
v 5 86 15
v 8 86 15
v 9 86 15
v 24 86 15
v 26 86 15
v -37 86 14
v -36 86 14
v -33 86 14
v -32 86 14
v -29 86 14
v -28 86 14
v -23 86 14
v -22 86 14
v -21 86 14
v -20 86 14
v 4 86 14
v 9 86 14
v 16 86 14
v 19 86 14
v -38 86 13
v -37 86 13
v -36 86 13
v -35 86 13
v -31 86 13
v -30 86 13
v -24 86 13
v -23 86 13
v -20 86 13
v -19 86 13
v -7 86 13
v -6 86 13
v -4 86 13
v -3 86 13
v -2 86 13
v -1 86 13
v 0 86 13
v 1 86 13
v 2 86 13
v 4 86 13
v 9 86 13
v 15 86 13
v 16 86 13
v 19 86 13
v 20 86 13
v -39 86 12
v -38 86 12
v -37 86 12
v -36 86 12
v -35 86 12
v -34 86 12
v -31 86 12
v -30 86 12
v -24 86 12
v -12 86 12
v -9 86 12
v 4 86 12
v 5 86 12
v 8 86 12
v 9 86 12
v 17 86 12
v 18 86 12
v -39 86 11
v -38 86 11
v -37 86 11
v -36 86 11
v -35 86 11
v -34 86 11
v -33 86 11
v -32 86 11
v -29 86 11
v -28 86 11
v -19 86 11
v -11 86 11
v -10 86 11
v -7 86 11
v 5 86 11
v 6 86 11
v 7 86 11
v 8 86 11
v 11 86 11
v 14 86 11
v 17 86 11
v 18 86 11
v -38 86 10
v -37 86 10
v -36 86 10
v -35 86 10
v -32 86 10
v -30 86 10
v -29 86 10
v -24 86 10
v -23 86 10
v -20 86 10
v -19 86 10
v -11 86 10
v -10 86 10
v -7 86 10
v 4 86 10
v 7 86 10
v 10 86 10
v 11 86 10
v 14 86 10
v 15 86 10
v 16 86 10
v 19 86 10
v 20 86 10
v -37 86 9
v -36 86 9
v -23 86 9
v -22 86 9
v -20 86 9
v -15 86 9
v -12 86 9
v -11 86 9
v -9 86 9
v -8 86 9
v -7 86 9
v 3 86 9
v 4 86 9
v 7 86 9
v 8 86 9
v 12 86 9
v 13 86 9
v 16 86 9
v 19 86 9
v -28 86 8
v -25 86 8
v -14 86 8
v -13 86 8
v -10 86 8
v -9 86 8
v 5 86 8
v 6 86 8
v 12 86 8
v 13 86 8
v -40 86 7
v -34 86 7
v -29 86 7
v -28 86 7
v -25 86 7
v -24 86 7
v -18 86 7
v -15 86 7
v -14 86 7
v -13 86 7
v -10 86 7
v -9 86 7
v 5 86 7
v 6 86 7
v 10 86 7
v 11 86 7
v 14 86 7
v 15 86 7
v 17 86 7
v 20 86 7
v -27 86 6
v -26 86 6
v -17 86 6
v -16 86 6
v -15 86 6
v -12 86 6
v -11 86 6
v -8 86 6
v 3 86 6
v 4 86 6
v 7 86 6
v 8 86 6
v 11 86 6
v 14 86 6
v 16 86 6
v 17 86 6
v 20 86 6
v 21 86 6
v -27 86 5
v -26 86 5
v -17 86 5
v -16 86 5
v -13 86 5
v -10 86 5
v 4 86 5
v 7 86 5
v 10 86 5
v 11 86 5
v 14 86 5
v 15 86 5
v 18 86 5
v 19 86 5
v -29 86 4
v -28 86 4
v -25 86 4
v -24 86 4
v -18 86 4
v -15 86 4
v -12 86 4
v -11 86 4
v 6 86 4
v 9 86 4
v 12 86 4
v 13 86 4
v 18 86 4
v 19 86 4
v -28 86 3
v -25 86 3
v -17 86 3
v -14 86 3
v -12 86 3
v -11 86 3
v 5 86 3
v 6 86 3
v 9 86 3
v 10 86 3
v 12 86 3
v 13 86 3
v 16 86 3
v 17 86 3
v 20 86 3
v 21 86 3
v -16 86 2
v -15 86 2
v -13 86 2
v -10 86 2
v 7 86 2
v 8 86 2
v 10 86 2
v 11 86 2
v 14 86 2
v 15 86 2
v 17 86 2
v 20 86 2
v -16 86 1
v -15 86 1
v -12 86 1
v -9 86 1
v 7 86 1
v 8 86 1
v 11 86 1
v 14 86 1
v 16 86 1
v 19 86 1
v -30 86 -0
v -29 86 -0
v -27 86 -0
v -17 86 -0
v -14 86 -0
v -11 86 -0
v -10 86 -0
v -7 86 -0
v -3 86 -0
v -2 86 -0
v 2 86 -0
v 5 86 -0
v 6 86 -0
v 9 86 -0
v 10 86 -0
v 15 86 -0
v 16 86 -0
v 19 86 -0
v 20 86 -0
v -31 86 -1
v -30 86 -1
v -27 86 -1
v -26 86 -1
v -11 86 -1
v -10 86 -1
v 6 86 -1
v 9 86 -1
v 17 86 -1
v 18 86 -1
v -31 86 -2
v -30 86 -2
v -29 86 -2
v -28 86 -2
v -27 86 -2
v -26 86 -2
v -12 86 -2
v -9 86 -2
v 17 86 -2
v 18 86 -2
v -42 86 -3
v -40 86 -3
v -34 86 -3
v 15 86 -3
v 16 86 -3
v 19 86 -3
v 20 86 -3
v 24 86 -3
v 26 86 -3
v 16 86 -4
v 19 86 -4
v -40 86 -5
v 24 86 -5
v 5 87 16
v 6 87 16
v 7 87 16
v 8 87 16
v 4 87 15
v 5 87 15
v 6 87 15
v 7 87 15
v 8 87 15
v 9 87 15
v 4 87 14
v 5 87 14
v 8 87 14
v 9 87 14
v -23 87 13
v -22 87 13
v -21 87 13
v -20 87 13
v 4 87 13
v 5 87 13
v 8 87 13
v 9 87 13
v -23 87 12
v -22 87 12
v -21 87 12
v -20 87 12
v 4 87 12
v 5 87 12
v 6 87 12
v 7 87 12
v 8 87 12
v 9 87 12
v -22 87 11
v -21 87 11
v 5 87 11
v 6 87 11
v 7 87 11
v 8 87 11
v -40 87 7
v -34 87 7
v -39 87 6
v -34 87 6
v -30 87 -0
v -29 87 -0
v -27 87 -0
v -31 87 -1
v -30 87 -1
v -29 87 -1
v -28 87 -1
v -27 87 -1
v -26 87 -1
v -31 87 -2
v -30 87 -2
v -29 87 -2
v -28 87 -2
v -27 87 -2
v -26 87 -2
v -40 87 -3
v -39 87 -3
v 6 88 16
v 7 88 16
v 6 88 15
v 7 88 15
v 4 88 14
v 5 88 14
v 8 88 14
v 9 88 14
v 4 88 13
v 5 88 13
v 8 88 13
v 9 88 13
v 6 88 12
v 7 88 12
v 6 88 11
v 7 88 11
v -28 88 8
v -25 88 8
v -29 88 7
v -28 88 7
v -25 88 7
v -24 88 7
v -35 88 6
v -34 88 6
v -27 88 6
v -26 88 6
v -27 88 5
v -26 88 5
v -29 88 4
v -28 88 4
v -25 88 4
v -24 88 4
v -28 88 3
v -25 88 3
v -39 88 -2
v -35 88 -2
v -39 88 -3
v -34 88 -3
v 5 89 15
v 6 89 15
v 7 89 15
v 8 89 15
v 5 89 14
v 6 89 14
v 7 89 14
v 8 89 14
v -7 89 13
v -6 89 13
v -5 89 13
v -3 89 13
v -2 89 13
v 2 89 13
v 5 89 13
v 6 89 13
v 7 89 13
v 8 89 13
v -7 89 12
v -6 89 12
v -5 89 12
v -3 89 12
v -2 89 12
v -1 89 12
v 1 89 12
v 5 89 12
v 6 89 12
v 7 89 12
v 8 89 12
v -40 89 7
v -35 89 7
v -7 89 1
v -3 89 1
v -2 89 1
v 1 89 1
v -7 89 -0
v -3 89 -0
v -2 89 -0
v 2 89 -0
v -40 89 -2
v -35 89 -2
v 6 90 15
v 7 90 15
v 5 90 14
v 6 90 14
v 7 90 14
v 8 90 14
v 5 90 13
v 6 90 13
v 7 90 13
v 8 90 13
v 6 90 12
v 7 90 12
v 6 91 14
v 7 91 14
v 6 91 13
v 7 91 13
v -23 91 12
v -22 91 12
v -23 91 11
v -22 91 11
v -17 91 3
v -14 91 3
v -17 91 -0
v -14 91 -0
v -32 92 15
v -29 92 15
v -33 92 14
v -32 92 14
v -29 92 14
v -28 92 14
v -12 92 12
v -9 92 12
v -4 92 12
v -3 92 12
v 0 92 12
v 1 92 12
v -33 92 11
v -32 92 11
v -29 92 11
v -28 92 11
v -22 92 11
v -21 92 11
v -32 92 10
v -29 92 10
v -22 92 10
v -21 92 10
v -15 92 9
v -12 92 9
v -11 92 9
v -9 92 9
v -8 92 9
v -18 92 7
v -15 92 7
v -15 92 6
v -12 92 6
v -11 92 6
v -8 92 6
v -13 92 5
v -10 92 5
v -18 92 4
v -15 92 4
v -13 92 2
v -10 92 2
v -12 92 1
v -9 92 1
v -4 92 1
v -3 92 1
v 0 92 1
v 1 92 1
v -12 92 -2
v -9 92 -2
v -6 93 12
v -5 93 12
v -2 93 12
v -1 93 12
v -21 93 11
v -20 93 11
v -21 93 10
v -20 93 10
v -6 93 1
v -5 93 1
v -2 93 1
v -1 93 1
v -38 94 14
v -37 94 14
v -36 94 14
v -35 94 14
v -39 94 13
v -38 94 13
v -37 94 13
v -36 94 13
v -35 94 13
v -34 94 13
v -39 94 12
v -38 94 12
v -35 94 12
v -34 94 12
v -21 94 12
v -20 94 12
v -39 94 11
v -38 94 11
v -35 94 11
v -34 94 11
v -23 94 11
v -22 94 11
v -21 94 11
v -20 94 11
v -39 94 10
v -38 94 10
v -37 94 10
v -36 94 10
v -35 94 10
v -34 94 10
v -23 94 10
v -22 94 10
v -38 94 9
v -37 94 9
v -36 94 9
v -35 94 9
v -37 95 14
v -36 95 14
v -23 95 14
v -22 95 14
v -21 95 14
v -20 95 14
v 16 95 14
v 19 95 14
v -37 95 13
v -36 95 13
v -24 95 13
v -23 95 13
v -22 95 13
v -21 95 13
v -20 95 13
v -19 95 13
v 15 95 13
v 16 95 13
v 19 95 13
v 20 95 13
v -39 95 12
v -38 95 12
v -35 95 12
v -34 95 12
v -22 95 12
v -21 95 12
v -7 95 12
v -4 95 12
v -3 95 12
v 0 95 12
v -39 95 11
v -38 95 11
v -35 95 11
v -34 95 11
v 11 95 11
v 14 95 11
v -37 95 10
v -36 95 10
v -24 95 10
v -23 95 10
v -20 95 10
v -19 95 10
v 4 95 10
v 7 95 10
v 10 95 10
v 11 95 10
v 14 95 10
v 15 95 10
v 16 95 10
v 19 95 10
v 20 95 10
v -37 95 9
v -36 95 9
v -23 95 9
v -20 95 9
v 3 95 9
v 4 95 9
v 7 95 9
v 8 95 9
v 16 95 9
v 19 95 9
v 10 95 7
v 11 95 7
v 14 95 7
v 15 95 7
v 17 95 7
v 20 95 7
v 3 95 6
v 4 95 6
v 7 95 6
v 8 95 6
v 11 95 6
v 14 95 6
v 16 95 6
v 17 95 6
v 20 95 6
v 21 95 6
v 4 95 5
v 7 95 5
v 10 95 5
v 11 95 5
v 14 95 5
v 15 95 5
v 6 95 4
v 9 95 4
v 5 95 3
v 6 95 3
v 9 95 3
v 10 95 3
v 16 95 3
v 17 95 3
v 20 95 3
v 21 95 3
v 10 95 2
v 11 95 2
v 14 95 2
v 15 95 2
v 17 95 2
v 20 95 2
v -7 95 1
v -4 95 1
v -3 95 1
v 0 95 1
v 11 95 1
v 14 95 1
v 16 95 1
v 19 95 1
v 5 95 -0
v 6 95 -0
v 9 95 -0
v 10 95 -0
v 15 95 -0
v 16 95 -0
v 19 95 -0
v 20 95 -0
v 6 95 -1
v 9 95 -1
v 15 95 -3
v 16 95 -3
v 19 95 -3
v 20 95 -3
v 16 95 -4
v 19 95 -4
v -38 96 13
v -35 96 13
v 16 96 13
v 19 96 13
v -37 96 12
v -36 96 12
v 17 96 12
v 18 96 12
v -37 96 11
v -36 96 11
v 17 96 11
v 18 96 11
v -38 96 10
v -35 96 10
v 11 96 10
v 14 96 10
v 16 96 10
v 19 96 10
v 4 96 9
v 7 96 9
v 12 96 9
v 13 96 9
v 5 96 8
v 6 96 8
v 12 96 8
v 13 96 8
v 5 96 7
v 6 96 7
v 11 96 7
v 14 96 7
v 4 96 6
v 7 96 6
v 17 96 6
v 20 96 6
v 11 96 5
v 14 96 5
v 18 96 5
v 19 96 5
v 12 96 4
v 13 96 4
v 18 96 4
v 19 96 4
v 6 96 3
v 9 96 3
v 12 96 3
v 13 96 3
v 17 96 3
v 20 96 3
v 7 96 2
v 8 96 2
v 11 96 2
v 14 96 2
v 7 96 1
v 8 96 1
v 6 96 -0
v 9 96 -0
v 16 96 -0
v 19 96 -0
v 17 96 -1
v 18 96 -1
v 17 96 -2
v 18 96 -2
v 16 96 -3
v 19 96 -3
v -37 97 12
v -36 97 12
v 17 97 12
v 18 97 12
v -37 97 11
v -36 97 11
v 17 97 11
v 18 97 11
v 12 97 9
v 13 97 9
v 5 97 8
v 6 97 8
v 12 97 8
v 13 97 8
v 5 97 7
v 6 97 7
v 18 97 5
v 19 97 5
v 12 97 4
v 13 97 4
v 18 97 4
v 19 97 4
v 12 97 3
v 13 97 3
v 7 97 2
v 8 97 2
v 7 97 1
v 8 97 1
v 17 97 -1
v 18 97 -1
v 17 97 -2
v 18 97 -2
v -43 105 18
v -42 105 18
v -43 105 17
v -42 105 17
v -40 107 17
v -39 107 17
v -38 107 17
v -8 107 17
v 8 107 17
v 9 107 17
v -27 107 16
v -20 107 16
v -42 107 15
v -40 107 15
v -31 107 15
v -28 107 15
v 24 107 15
v 26 107 15
v -42 107 14
v -42 107 13
v -31 107 7
v -28 107 7
v -27 107 4
v -20 107 4
v -42 107 -3
v -40 107 -3
v 24 107 -3
v 26 107 -3
v 9 107 -4
v 15 107 -4
v 17 107 -4
v 24 107 -4
v -40 107 -5
v -8 107 -5
v 8 107 -5
v 24 107 -5
v -42 108 18
v -41 108 18
v -40 108 18
v 10 108 18
v 15 108 18
v 17 108 18
v 23 108 18
v -43 108 17
v -42 108 17
v -41 108 17
v -40 108 17
v -7 108 17
v -1 108 17
v 1 108 17
v 7 108 17
v 15 108 17
v 17 108 17
v -43 108 15
v -42 108 15
v -26 108 15
v -21 108 15
v -26 108 5
v -21 108 5
v 10 108 -3
v 15 108 -3
v 17 108 -3
v 23 108 -3
v -7 108 -4
v -1 108 -4
v 1 108 -4
v 7 108 -4
v -31 110 15
v -28 110 15
v -31 110 7
v -28 110 7
v -39 111 18
v -38 111 18
v -39 111 17
v -38 111 17
v -43 111 14
v -42 111 14
v -43 111 13
v -42 111 13
v -40 112 18
v -39 112 18
v -42 112 17
v -41 112 17
v -40 112 17
v -39 112 17
v 24 112 17
v 26 112 17
v -42 112 16
v -26 112 16
v -21 112 16
v -43 112 15
v -42 112 15
v -40 112 15
v -26 112 15
v -21 112 15
v 24 112 15
v 26 112 15
v -43 112 14
v -42 112 14
v -26 112 5
v -21 112 5
v -26 112 4
v -21 112 4
v -42 112 -3
v -40 112 -3
v 24 112 -3
v 26 112 -3
v 24 112 -4
v -42 112 -5
v -40 112 -5
v 24 112 -5
v 26 112 -5
v -43 113 18
v -42 113 18
v -41 113 18
v -40 113 18
v -42 113 17
v -41 113 17
v -40 113 17
v -43 113 16
v -42 113 16
v -27 113 16
v -26 113 16
v -21 113 16
v -20 113 16
v -43 113 15
v -42 113 15
v -27 113 4
v -26 113 4
v -21 113 4
v -20 113 4
v -26 114 16
v -25 114 16
v -22 114 16
v -21 114 16
v -26 114 4
v -25 114 4
v -22 114 4
v -21 114 4
v -25 115 16
v -24 115 16
v -23 115 16
v -22 115 16
v -25 115 4
v -24 115 4
v -23 115 4
v -22 115 4
v 9 116 22
v 24 116 22
v 9 116 21
v 24 116 21
v -8 118 22
v 8 118 22
v 9 118 21
v 24 118 21
v 9 118 20
v 24 118 20
v -8 118 18
v 8 118 18
v -7 118 17
v -6 118 17
v 6 118 17
v 7 118 17
v -8 118 -4
v -7 118 -4
v -6 118 -4
v 6 118 -4
v 7 118 -4
v 8 118 -4
v 9 119 20
v 24 119 20
v 9 119 19
v 10 119 19
v 23 119 19
v 24 119 19
v 10 119 18
v 23 119 18
v -8 121 -4
v -7 121 -4
v -8 121 -5
v -7 121 -5
v 10 122 -3
v 11 122 -3
v 22 122 -3
v 23 122 -3
v -7 122 -4
v 8 122 -4
v 10 122 -4
v 11 122 -4
v 22 122 -4
v 23 122 -4
v -7 122 -5
v 8 122 -5
v 9 123 19
v 10 123 19
v 23 123 19
v 24 123 19
v 9 123 -4
v 10 123 -4
v 23 123 -4
v 24 123 -4

# faces
f 3/58/1 2/58/1 1/58/1
f 4/58/1 2/58/1 3/58/1
f 5/58/1 2/58/1 4/58/1
f 8/15/1 5/15/1 4/15/1
f 9/46/1 6/46/1 5/46/1
f 11/58/1 8/58/1 7/58/1
f 12/15/1 5/15/1 8/15/1
f 12/58/1 8/58/1 11/58/1
f 13/46/1 10/46/1 9/46/1
f 13/15/1 5/15/1 12/15/1
f 13/46/1 9/46/1 5/46/1
f 14/46/1 10/46/1 13/46/1
f 16/15/1 12/15/1 11/15/1
f 17/58/1 13/58/1 12/58/1
f 17/15/1 12/15/1 16/15/1
f 17/58/1 14/58/1 13/58/1
f 18/58/1 14/58/1 17/58/1
f 19/26/1 15/26/1 14/26/1
f 19/58/1 14/58/1 18/58/1
f 20/26/1 15/26/1 19/26/1
f 21/58/1 17/58/1 16/58/1
f 22/58/1 17/58/1 21/58/1
f 24/26/1 19/26/1 18/26/1
f 25/58/1 20/58/1 19/58/1
f 25/26/1 19/26/1 24/26/1
f 26/46/1 22/46/1 21/46/1
f 27/29/1 23/29/1 22/29/1
f 27/46/1 22/46/1 26/46/1
f 28/5/1 24/5/1 23/5/1
f 28/5/1 25/5/1 24/5/1
f 29/58/1 20/58/1 25/58/1
f 29/5/1 25/5/1 28/5/1
f 30/29/1 27/29/1 26/29/1
f 31/29/1 23/29/1 27/29/1
f 31/29/1 27/29/1 30/29/1
f 32/5/1 28/5/1 23/5/1
f 32/29/1 23/29/1 31/29/1
f 33/29/1 29/29/1 28/29/1
f 33/5/1 28/5/1 32/5/1
f 34/58/1 20/58/1 29/58/1
f 34/29/1 29/29/1 33/29/1
f 35/58/1 20/58/1 34/58/1
f 36/58/1 31/58/1 30/58/1
f 36/5/1 32/5/1 31/5/1
f 37/58/1 33/58/1 32/58/1
f 37/5/1 32/5/1 36/5/1
f 38/29/1 34/29/1 33/29/1
f 38/58/1 33/58/1 37/58/1
f 39/29/1 34/29/1 38/29/1
f 40/58/1 36/58/1 30/58/1
f 40/58/1 37/58/1 36/58/1
f 41/29/1 38/29/1 37/29/1
f 41/58/1 37/58/1 40/58/1
f 42/29/1 38/29/1 41/29/1
f 47/32/1 44/32/1 43/32/1
f 48/32/1 46/32/1 45/32/1
f 49/32/1 47/32/1 43/32/1
f 49/61/1 48/61/1 47/61/1
f 50/32/1 46/32/1 48/32/1
f 50/61/1 48/61/1 49/61/1
f 51/32/1 49/32/1 43/32/1
f 52/32/1 46/32/1 50/32/1
f 53/32/1 51/32/1 43/32/1
f 53/61/1 52/61/1 51/61/1
f 54/32/1 46/32/1 52/32/1
f 54/61/1 52/61/1 53/61/1
f 55/32/1 53/32/1 43/32/1
f 56/32/1 46/32/1 54/32/1
f 57/32/1 55/32/1 43/32/1
f 57/61/1 56/61/1 55/61/1
f 58/32/1 46/32/1 56/32/1
f 58/61/1 56/61/1 57/61/1
f 61/59/1 60/59/1 59/59/1
f 62/59/1 60/59/1 61/59/1
f 63/32/1 57/32/1 43/32/1
f 64/32/1 46/32/1 58/32/1
f 65/32/1 63/32/1 43/32/1
f 65/61/1 64/61/1 63/61/1
f 66/32/1 46/32/1 64/32/1
f 66/61/1 64/61/1 65/61/1
f 67/32/1 65/32/1 43/32/1
f 68/32/1 65/32/1 67/32/1
f 71/32/1 65/32/1 68/32/1
f 72/32/1 65/32/1 71/32/1
f 73/32/1 46/32/1 66/32/1
f 74/5/1 70/5/1 69/5/1
f 75/5/1 70/5/1 74/5/1
f 76/61/1 73/61/1 72/61/1
f 77/61/1 73/61/1 76/61/1
f 78/61/1 73/61/1 77/61/1
f 79/61/1 73/61/1 78/61/1
f 80/32/1 46/32/1 73/32/1
f 80/61/1 73/61/1 79/61/1
f 83/32/1 82/32/1 81/32/1
f 84/32/1 82/32/1 83/32/1
f 85/32/1 82/32/1 84/32/1
f 86/32/1 46/32/1 80/32/1
f 87/32/1 46/32/1 86/32/1
f 90/58/1 89/58/1 88/58/1
f 91/58/1 89/58/1 90/58/1
f 94/59/1 93/59/1 92/59/1
f 95/59/1 93/59/1 94/59/1
f 100/58/1 97/58/1 96/58/1
f 101/58/1 97/58/1 100/58/1
f 102/58/1 99/58/1 98/58/1
f 103/58/1 99/58/1 102/58/1
f 104/58/1 102/58/1 101/58/1
f 105/58/1 102/58/1 104/58/1
f 108/43/1 107/43/1 106/43/1
f 109/43/1 107/43/1 108/43/1
f 112/43/1 111/43/1 110/43/1
f 113/43/1 111/43/1 112/43/1
f 116/58/1 115/58/1 114/58/1
f 117/58/1 115/58/1 116/58/1
f 121/58/1 119/58/1 118/58/1
f 121/58/1 120/58/1 119/58/1
f 122/58/1 120/58/1 121/58/1
f 123/58/1 120/58/1 122/58/1
f 124/58/1 120/58/1 123/58/1
f 125/58/1 120/58/1 124/58/1
f 126/58/1 120/58/1 125/58/1
f 127/59/1 122/59/1 121/59/1
f 127/57/1 123/57/1 122/57/1
f 128/59/1 124/59/1 123/59/1
f 128/57/1 123/57/1 127/57/1
f 129/57/1 125/57/1 124/57/1
f 129/59/1 124/59/1 128/59/1
f 130/59/1 126/59/1 125/59/1
f 130/57/1 125/57/1 129/57/1
f 131/59/1 127/59/1 121/59/1
f 131/59/1 128/59/1 127/59/1
f 132/57/1 129/57/1 128/57/1
f 132/59/1 128/59/1 131/59/1
f 133/59/1 130/59/1 129/59/1
f 133/57/1 129/57/1 132/57/1
f 134/59/1 126/59/1 130/59/1
f 134/59/1 130/59/1 133/59/1
f 135/59/1 131/59/1 121/59/1
f 135/57/1 133/57/1 132/57/1
f 135/57/1 134/57/1 133/57/1
f 135/57/1 132/57/1 131/57/1
f 136/59/1 126/59/1 134/59/1
f 136/57/1 134/57/1 135/57/1
f 137/58/1 121/58/1 118/58/1
f 137/59/1 135/59/1 121/59/1
f 137/59/1 136/59/1 135/59/1
f 138/59/1 126/59/1 136/59/1
f 138/59/1 136/59/1 137/59/1
f 138/58/1 120/58/1 126/58/1
f 139/58/1 137/58/1 118/58/1
f 139/58/1 138/58/1 137/58/1
f 140/58/1 120/58/1 138/58/1
f 140/58/1 138/58/1 139/58/1
f 141/20/1 140/20/1 139/20/1
f 142/20/1 140/20/1 141/20/1
f 147/58/1 144/58/1 143/58/1
f 148/58/1 144/58/1 147/58/1
f 151/58/1 146/58/1 145/58/1
f 152/58/1 146/58/1 151/58/1
f 153/58/1 149/58/1 148/58/1
f 154/58/1 149/58/1 153/58/1
f 155/58/1 151/58/1 150/58/1
f 156/58/1 151/58/1 155/58/1
f 157/58/1 155/58/1 154/58/1
f 158/58/1 155/58/1 157/58/1
f 162/57/1 160/57/1 159/57/1
f 163/57/1 160/57/1 162/57/1
f 167/43/1 166/43/1 165/43/1
f 168/43/1 166/43/1 167/43/1
f 169/43/1 166/43/1 168/43/1
f 170/59/1 164/59/1 163/59/1
f 170/59/1 163/59/1 162/59/1
f 170/59/1 162/59/1 161/59/1
f 171/59/1 164/59/1 170/59/1
f 172/1/1 171/1/1 170/1/1
f 173/1/1 171/1/1 172/1/1
f 174/4/1 173/4/1 172/4/1
f 175/4/1 173/4/1 174/4/1
f 176/59/1 175/59/1 174/59/1
f 177/59/1 175/59/1 176/59/1
f 178/59/1 175/59/1 177/59/1
f 179/59/1 175/59/1 178/59/1
f 180/59/1 178/59/1 177/59/1
f 181/59/1 178/59/1 180/59/1
f 184/40/1 183/40/1 182/40/1
f 185/40/1 183/40/1 184/40/1
f 199/59/1 187/59/1 186/59/1
f 200/37/1 188/37/1 187/37/1
f 200/59/1 187/59/1 199/59/1
f 201/42/1 189/42/1 188/42/1
f 201/38/1 190/38/1 189/38/1
f 202/59/1 191/59/1 190/59/1
f 202/38/1 190/38/1 201/38/1
f 203/59/1 194/59/1 193/59/1
f 203/38/1 195/38/1 194/38/1
f 204/37/1 196/37/1 195/37/1
f 204/38/1 195/38/1 203/38/1
f 205/37/1 188/37/1 200/37/1
f 206/42/1 201/42/1 188/42/1
f 206/37/1 188/37/1 205/37/1
f 207/42/1 201/42/1 206/42/1
f 208/59/1 191/59/1 202/59/1
f 209/38/1 192/38/1 191/38/1
f 209/59/1 191/59/1 208/59/1
f 210/37/1 193/37/1 192/37/1
f 210/38/1 192/38/1 209/38/1
f 211/59/1 203/59/1 193/59/1
f 211/37/1 193/37/1 210/37/1
f 212/59/1 203/59/1 211/59/1
f 213/37/1 196/37/1 204/37/1
f 214/39/1 197/39/1 196/39/1
f 214/37/1 196/37/1 213/37/1
f 215/37/1 198/37/1 197/37/1
f 215/39/1 197/39/1 214/39/1
f 216/37/1 198/37/1 215/37/1
f 220/58/1 218/58/1 217/58/1
f 220/58/1 219/58/1 218/58/1
f 221/58/1 219/58/1 220/58/1
f 222/59/1 221/59/1 220/59/1
f 223/59/1 221/59/1 222/59/1
f 224/59/1 221/59/1 223/59/1
f 225/59/1 221/59/1 224/59/1
f 226/57/1 224/57/1 223/57/1
f 227/57/1 224/57/1 226/57/1
f 233/57/1 229/57/1 228/57/1
f 234/57/1 229/57/1 233/57/1
f 235/57/1 231/57/1 230/57/1
f 236/57/1 231/57/1 235/57/1
f 238/59/1 233/59/1 232/59/1
f 239/59/1 233/59/1 238/59/1
f 240/59/1 237/59/1 236/59/1
f 241/59/1 237/59/1 240/59/1
f 242/40/1 239/40/1 238/40/1
f 243/1/1 241/1/1 240/1/1
f 244/1/1 241/1/1 243/1/1
f 245/40/1 242/40/1 238/40/1
f 246/40/1 242/40/1 245/40/1
f 247/4/1 246/4/1 245/4/1
f 248/4/1 246/4/1 247/4/1
f 249/4/1 244/4/1 243/4/1
f 250/4/1 244/4/1 249/4/1
f 251/59/1 248/59/1 247/59/1
f 252/59/1 248/59/1 251/59/1
f 255/59/1 250/59/1 249/59/1
f 256/59/1 250/59/1 255/59/1
f 257/59/1 253/59/1 252/59/1
f 258/59/1 255/59/1 254/59/1
f 259/59/1 257/59/1 252/59/1
f 259/59/1 258/59/1 257/59/1
f 260/59/1 255/59/1 258/59/1
f 260/59/1 258/59/1 259/59/1
f 263/58/1 262/58/1 261/58/1
f 264/58/1 262/58/1 263/58/1
f 267/58/1 266/58/1 265/58/1
f 268/58/1 266/58/1 267/58/1
f 271/58/1 270/58/1 269/58/1
f 272/58/1 270/58/1 271/58/1
f 279/58/1 278/58/1 277/58/1
f 280/58/1 278/58/1 279/58/1
f 281/57/1 274/57/1 273/57/1
f 282/57/1 274/57/1 281/57/1
f 283/57/1 276/57/1 275/57/1
f 284/57/1 276/57/1 283/57/1
f 285/57/1 283/57/1 282/57/1
f 286/57/1 283/57/1 285/57/1
f 291/57/1 288/57/1 287/57/1
f 292/57/1 288/57/1 291/57/1
f 293/57/1 290/57/1 289/57/1
f 294/57/1 290/57/1 293/57/1
f 299/59/1 296/59/1 295/59/1
f 300/59/1 296/59/1 299/59/1
f 301/59/1 298/59/1 297/59/1
f 302/59/1 298/59/1 301/59/1
f 305/4/1 304/4/1 303/4/1
f 306/4/1 304/4/1 305/4/1
f 311/57/1 308/57/1 307/57/1
f 312/57/1 308/57/1 311/57/1
f 315/57/1 310/57/1 309/57/1
f 316/57/1 310/57/1 315/57/1
f 317/57/1 313/57/1 312/57/1
f 318/57/1 313/57/1 317/57/1
f 321/57/1 315/57/1 314/57/1
f 322/57/1 315/57/1 321/57/1
f 323/57/1 319/57/1 318/57/1
f 324/58/1 320/58/1 319/58/1
f 324/57/1 319/57/1 323/57/1
f 325/57/1 321/57/1 320/57/1
f 325/58/1 320/58/1 324/58/1
f 326/57/1 321/57/1 325/57/1
f 329/43/1 328/43/1 327/43/1
f 330/43/1 328/43/1 329/43/1
f 331/43/1 328/43/1 330/43/1
f 332/43/1 331/43/1 330/43/1
f 333/43/1 331/43/1 332/43/1
f 334/43/1 333/43/1 332/43/1
f 335/43/1 333/43/1 334/43/1
f 338/55/1 337/55/1 336/55/1
f 339/55/1 337/55/1 338/55/1
f 340/58/1 339/58/1 338/58/1
f 341/55/1 337/55/1 339/55/1
f 341/58/1 339/58/1 340/58/1
f 342/55/1 337/55/1 341/55/1
f 343/55/1 341/55/1 340/55/1
f 343/58/1 342/58/1 341/58/1
f 344/55/1 337/55/1 342/55/1
f 344/58/1 342/58/1 343/58/1
f 345/55/1 343/55/1 340/55/1
f 345/55/1 344/55/1 343/55/1
f 346/55/1 337/55/1 344/55/1
f 346/55/1 344/55/1 345/55/1
f 349/63/1 348/63/1 347/63/1
f 350/63/1 348/63/1 349/63/1
f 355/58/1 352/58/1 351/58/1
f 356/58/1 355/58/1 351/58/1
f 357/58/1 355/58/1 356/58/1
f 358/55/1 357/55/1 356/55/1
f 359/55/1 357/55/1 358/55/1
f 360/59/1 359/59/1 358/59/1
f 361/59/1 359/59/1 360/59/1
f 362/55/1 361/55/1 360/55/1
f 363/55/1 361/55/1 362/55/1
f 364/55/1 354/55/1 353/55/1
f 365/55/1 354/55/1 364/55/1
f 368/58/1 367/58/1 366/58/1
f 369/58/1 367/58/1 368/58/1
f 372/51/1 371/51/1 370/51/1
f 373/51/1 371/51/1 372/51/1
f 376/31/1 375/31/1 374/31/1
f 377/31/1 375/31/1 376/31/1
f 382/58/1 379/58/1 378/58/1
f 383/58/1 379/58/1 382/58/1
f 384/58/1 381/58/1 380/58/1
f 385/58/1 381/58/1 384/58/1
f 386/20/1 383/20/1 382/20/1
f 387/20/1 383/20/1 386/20/1
f 388/20/1 383/20/1 387/20/1
f 389/20/1 385/20/1 384/20/1
f 390/20/1 385/20/1 389/20/1
f 394/24/1 392/24/1 391/24/1
f 395/24/1 394/24/1 393/24/1
f 396/24/1 392/24/1 394/24/1
f 396/24/1 394/24/1 395/24/1
f 401/51/1 400/51/1 399/51/1
f 402/51/1 400/51/1 401/51/1
f 403/7/1 398/7/1 397/7/1
f 404/7/1 398/7/1 403/7/1
f 405/55/1 404/55/1 403/55/1
f 406/55/1 404/55/1 405/55/1
f 409/63/1 408/63/1 407/63/1
f 410/63/1 408/63/1 409/63/1
f 413/58/1 412/58/1 411/58/1
f 414/58/1 412/58/1 413/58/1
f 415/59/1 414/59/1 413/59/1
f 416/59/1 414/59/1 415/59/1
f 417/58/1 416/58/1 415/58/1
f 418/58/1 416/58/1 417/58/1
f 419/57/1 418/57/1 417/57/1
f 420/57/1 418/57/1 419/57/1
f 421/57/1 418/57/1 420/57/1
f 424/20/1 423/20/1 422/20/1
f 425/20/1 423/20/1 424/20/1
f 429/57/1 427/57/1 426/57/1
f 429/57/1 428/57/1 427/57/1
f 430/57/1 428/57/1 429/57/1
f 431/58/1 430/58/1 429/58/1
f 432/58/1 430/58/1 431/58/1
f 437/20/1 434/20/1 433/20/1
f 438/20/1 434/20/1 437/20/1
f 439/20/1 436/20/1 435/20/1
f 440/20/1 436/20/1 439/20/1
f 447/58/1 443/58/1 442/58/1
f 448/57/1 444/57/1 443/57/1
f 448/58/1 443/58/1 447/58/1
f 449/57/1 442/57/1 441/57/1
f 450/58/1 447/58/1 442/58/1
f 450/57/1 442/57/1 449/57/1
f 451/58/1 447/58/1 450/58/1
f 452/57/1 444/57/1 448/57/1
f 453/58/1 445/58/1 444/58/1
f 453/57/1 444/57/1 452/57/1
f 454/57/1 446/57/1 445/57/1
f 454/58/1 445/58/1 453/58/1
f 455/57/1 446/57/1 454/57/1
f 458/19/1 457/19/1 456/19/1
f 459/19/1 457/19/1 458/19/1
f 460/8/1 459/8/1 458/8/1
f 461/19/1 457/19/1 459/19/1
f 461/8/1 459/8/1 460/8/1
f 462/19/1 461/19/1 460/19/1
f 463/19/1 457/19/1 461/19/1
f 463/19/1 461/19/1 462/19/1
f 466/20/1 465/20/1 464/20/1
f 467/20/1 465/20/1 466/20/1
f 468/19/1 467/19/1 466/19/1
f 469/19/1 467/19/1 468/19/1
f 472/19/1 471/19/1 470/19/1
f 473/19/1 471/19/1 472/19/1
f 477/41/1 475/41/1 474/41/1
f 477/41/1 476/41/1 475/41/1
f 478/41/1 476/41/1 477/41/1
f 481/19/1 480/19/1 479/19/1
f 482/19/1 480/19/1 481/19/1
f 486/19/1 484/19/1 483/19/1
f 487/20/1 485/20/1 484/20/1
f 487/19/1 484/19/1 486/19/1
f 488/19/1 486/19/1 483/19/1
f 489/20/1 487/20/1 486/20/1
f 489/19/1 486/19/1 488/19/1
f 490/20/1 485/20/1 487/20/1
f 490/20/1 487/20/1 489/20/1
f 491/20/1 489/20/1 488/20/1
f 492/19/1 490/19/1 489/19/1
f 492/20/1 489/20/1 491/20/1
f 493/19/1 490/19/1 492/19/1
f 496/15/1 495/15/1 494/15/1
f 497/15/1 495/15/1 496/15/1
f 501/40/1 499/40/1 498/40/1
f 502/41/1 500/41/1 499/41/1
f 502/40/1 499/40/1 501/40/1
f 503/41/1 500/41/1 502/41/1
f 504/41/1 500/41/1 503/41/1
f 505/58/1 502/58/1 501/58/1
f 506/57/1 503/57/1 502/57/1
f 506/58/1 502/58/1 505/58/1
f 507/58/1 504/58/1 503/58/1
f 507/57/1 503/57/1 506/57/1
f 508/57/1 506/57/1 505/57/1
f 509/62/1 507/62/1 506/62/1
f 509/57/1 506/57/1 508/57/1
f 510/58/1 504/58/1 507/58/1
f 510/62/1 507/62/1 509/62/1
f 511/58/1 504/58/1 510/58/1
f 512/58/1 509/58/1 508/58/1
f 512/58/1 510/58/1 509/58/1
f 513/58/1 510/58/1 512/58/1
f 514/57/1 511/57/1 510/57/1
f 514/58/1 510/58/1 513/58/1
f 515/57/1 511/57/1 514/57/1
f 516/59/1 513/59/1 512/59/1
f 517/58/1 514/58/1 513/58/1
f 517/59/1 513/59/1 516/59/1
f 518/59/1 515/59/1 514/59/1
f 518/58/1 514/58/1 517/58/1
f 518/58/1 517/58/1 516/58/1
f 519/59/1 515/59/1 518/59/1
f 520/58/1 518/58/1 516/58/1
f 520/58/1 519/58/1 518/58/1
f 521/58/1 519/58/1 520/58/1
f 532/19/1 523/19/1 522/19/1
f 532/44/1 524/44/1 523/44/1
f 533/19/1 525/19/1 524/19/1
f 533/44/1 524/44/1 532/44/1
f 534/19/1 525/19/1 533/19/1
f 535/44/1 526/44/1 525/44/1
f 535/19/1 525/19/1 534/19/1
f 536/19/1 527/19/1 526/19/1
f 536/44/1 526/44/1 535/44/1
f 537/44/1 528/44/1 527/44/1
f 537/19/1 527/19/1 536/19/1
f 538/44/1 528/44/1 537/44/1
f 539/20/1 529/20/1 528/20/1
f 539/44/1 528/44/1 538/44/1
f 540/44/1 530/44/1 529/44/1
f 540/20/1 529/20/1 539/20/1
f 541/20/1 531/20/1 530/20/1
f 541/44/1 530/44/1 540/44/1
f 542/20/1 531/20/1 541/20/1
f 543/19/1 532/19/1 522/19/1
f 543/19/1 533/19/1 532/19/1
f 544/44/1 534/44/1 533/44/1
f 544/19/1 533/19/1 543/19/1
f 545/20/1 535/20/1 534/20/1
f 545/44/1 534/44/1 544/44/1
f 545/20/1 536/20/1 535/20/1
f 545/20/1 537/20/1 536/20/1
f 546/20/1 537/20/1 545/20/1
f 547/44/1 538/44/1 537/44/1
f 547/20/1 537/20/1 546/20/1
f 548/20/1 540/20/1 539/20/1
f 548/44/1 538/44/1 547/44/1
f 548/20/1 539/20/1 538/20/1
f 548/20/1 541/20/1 540/20/1
f 549/19/1 542/19/1 541/19/1
f 549/20/1 541/20/1 548/20/1
f 550/20/1 531/20/1 542/20/1
f 550/19/1 542/19/1 549/19/1
f 551/20/1 544/20/1 543/20/1
f 552/44/1 545/44/1 544/44/1
f 552/20/1 544/20/1 551/20/1
f 552/44/1 546/44/1 545/44/1
f 553/20/1 547/20/1 546/20/1
f 553/44/1 546/44/1 552/44/1
f 554/47/1 548/47/1 547/47/1
f 554/20/1 547/20/1 553/20/1
f 555/20/1 549/20/1 548/20/1
f 555/47/1 548/47/1 554/47/1
f 555/20/1 550/20/1 549/20/1
f 556/20/1 531/20/1 550/20/1
f 556/20/1 550/20/1 555/20/1
f 561/57/1 558/57/1 557/57/1
f 561/57/1 560/57/1 559/57/1
f 561/57/1 559/57/1 558/57/1
f 562/57/1 560/57/1 561/57/1
f 567/40/1 564/40/1 563/40/1
f 568/41/1 566/41/1 565/41/1
f 569/40/1 567/40/1 563/40/1
f 570/40/1 569/40/1 563/40/1
f 571/40/1 569/40/1 570/40/1
f 572/41/1 566/41/1 568/41/1
f 573/41/1 566/41/1 572/41/1
f 574/59/1 571/59/1 570/59/1
f 575/60/1 573/60/1 572/60/1
f 576/59/1 574/59/1 570/59/1
f 577/59/1 574/59/1 576/59/1
f 578/60/1 573/60/1 575/60/1
f 579/60/1 573/60/1 578/60/1
f 580/58/1 577/58/1 576/58/1
f 581/58/1 577/58/1 580/58/1
f 582/58/1 579/58/1 578/58/1
f 583/58/1 579/58/1 582/58/1
f 586/19/1 585/19/1 584/19/1
f 587/19/1 585/19/1 586/19/1
f 599/20/1 589/20/1 588/20/1
f 600/19/1 590/19/1 589/19/1
f 600/20/1 589/20/1 599/20/1
f 601/19/1 590/19/1 600/19/1
f 602/44/1 591/44/1 590/44/1
f 602/19/1 590/19/1 601/19/1
f 603/19/1 592/19/1 591/19/1
f 603/44/1 591/44/1 602/44/1
f 604/44/1 593/44/1 592/44/1
f 604/19/1 592/19/1 603/19/1
f 604/44/1 594/44/1 593/44/1
f 605/19/1 598/19/1 597/19/1
f 605/47/1 596/47/1 595/47/1
f 605/47/1 597/47/1 596/47/1
f 606/19/1 598/19/1 605/19/1
f 607/19/1 600/19/1 599/19/1
f 608/19/1 600/19/1 607/19/1
f 609/20/1 601/20/1 600/20/1
f 609/19/1 600/19/1 608/19/1
f 610/44/1 602/44/1 601/44/1
f 610/20/1 601/20/1 609/20/1
f 610/44/1 603/44/1 602/44/1
f 610/44/1 604/44/1 603/44/1
f 611/44/1 604/44/1 610/44/1
f 612/44/1 604/44/1 611/44/1
f 613/44/1 594/44/1 604/44/1
f 613/44/1 604/44/1 612/44/1
f 614/19/1 595/19/1 594/19/1
f 614/44/1 594/44/1 613/44/1
f 615/47/1 606/47/1 605/47/1
f 615/19/1 595/19/1 614/19/1
f 615/47/1 605/47/1 595/47/1
f 616/47/1 606/47/1 615/47/1
f 617/19/1 598/19/1 606/19/1
f 617/47/1 606/47/1 616/47/1
f 618/20/1 608/20/1 607/20/1
f 619/19/1 609/19/1 608/19/1
f 619/20/1 608/20/1 618/20/1
f 619/19/1 611/19/1 610/19/1
f 619/19/1 610/19/1 609/19/1
f 620/44/1 612/44/1 611/44/1
f 620/19/1 611/19/1 619/19/1
f 621/19/1 613/19/1 612/19/1
f 621/44/1 612/44/1 620/44/1
f 622/44/1 614/44/1 613/44/1
f 622/19/1 613/19/1 621/19/1
f 623/44/1 614/44/1 622/44/1
f 624/20/1 615/20/1 614/20/1
f 624/44/1 614/44/1 623/44/1
f 625/47/1 616/47/1 615/47/1
f 626/19/1 617/19/1 616/19/1
f 626/47/1 616/47/1 625/47/1
f 627/19/1 619/19/1 618/19/1
f 627/19/1 620/19/1 619/19/1
f 627/19/1 621/19/1 620/19/1
f 627/44/1 623/44/1 622/44/1
f 627/44/1 622/44/1 621/44/1
f 628/20/1 624/20/1 623/20/1
f 628/44/1 623/44/1 627/44/1
f 629/20/1 615/20/1 624/20/1
f 629/20/1 624/20/1 628/20/1
f 630/47/1 625/47/1 615/47/1
f 630/20/1 615/20/1 629/20/1
f 631/19/1 626/19/1 625/19/1
f 631/47/1 625/47/1 630/47/1
f 632/19/1 617/19/1 626/19/1
f 632/19/1 626/19/1 631/19/1
f 632/19/1 598/19/1 617/19/1
f 633/19/1 628/19/1 627/19/1
f 633/19/1 627/19/1 618/19/1
f 634/19/1 628/19/1 633/19/1
f 635/19/1 631/19/1 630/19/1
f 635/19/1 630/19/1 629/19/1
f 635/20/1 632/20/1 631/20/1
f 636/19/1 598/19/1 632/19/1
f 636/20/1 632/20/1 635/20/1
f 637/19/1 598/19/1 636/19/1
f 638/20/1 634/20/1 633/20/1
f 639/19/1 628/19/1 634/19/1
f 639/20/1 634/20/1 638/20/1
f 640/19/1 628/19/1 639/19/1
f 641/20/1 629/20/1 628/20/1
f 641/19/1 628/19/1 640/19/1
f 642/19/1 635/19/1 629/19/1
f 642/20/1 629/20/1 641/20/1
f 642/19/1 636/19/1 635/19/1
f 643/19/1 636/19/1 642/19/1
f 644/19/1 636/19/1 643/19/1
f 645/20/1 637/20/1 636/20/1
f 645/19/1 636/19/1 644/19/1
f 646/19/1 598/19/1 637/19/1
f 646/20/1 637/20/1 645/20/1
f 647/19/1 598/19/1 646/19/1
f 648/20/1 641/20/1 640/20/1
f 649/20/1 641/20/1 648/20/1
f 650/19/1 649/19/1 648/19/1
f 651/19/1 649/19/1 650/19/1
f 652/19/1 644/19/1 643/19/1
f 653/19/1 644/19/1 652/19/1
f 654/19/1 652/19/1 651/19/1
f 655/19/1 652/19/1 654/19/1
f 658/41/1 657/41/1 656/41/1
f 659/41/1 658/41/1 656/41/1
f 660/41/1 658/41/1 659/41/1
f 661/41/1 660/41/1 659/41/1
f 662/41/1 660/41/1 661/41/1
f 663/41/1 660/41/1 662/41/1
f 664/60/1 663/60/1 662/60/1
f 665/60/1 663/60/1 664/60/1
f 668/19/1 667/19/1 666/19/1
f 669/19/1 667/19/1 668/19/1
f 674/24/1 671/24/1 670/24/1
f 675/24/1 671/24/1 674/24/1
f 676/24/1 673/24/1 672/24/1
f 677/24/1 673/24/1 676/24/1
f 680/41/1 679/41/1 678/41/1
f 681/41/1 680/41/1 678/41/1
f 682/41/1 680/41/1 681/41/1
f 684/60/1 682/60/1 681/60/1
f 684/60/1 683/60/1 682/60/1
f 685/60/1 683/60/1 684/60/1
f 686/60/1 684/60/1 681/60/1
f 687/60/1 684/60/1 686/60/1
f 690/19/1 689/19/1 688/19/1
f 691/19/1 689/19/1 690/19/1
f 692/19/1 689/19/1 691/19/1
f 694/19/1 689/19/1 692/19/1
f 695/19/1 689/19/1 694/19/1
f 697/19/1 694/19/1 693/19/1
f 697/19/1 696/19/1 695/19/1
f 697/19/1 695/19/1 694/19/1
f 698/19/1 696/19/1 697/19/1
f 701/41/1 700/41/1 699/41/1
f 702/41/1 700/41/1 701/41/1
f 703/59/1 702/59/1 701/59/1
f 704/59/1 702/59/1 703/59/1
f 705/59/1 704/59/1 703/59/1
f 706/59/1 704/59/1 705/59/1
f 709/58/1 706/58/1 705/58/1
f 710/58/1 706/58/1 709/58/1
f 711/58/1 708/58/1 707/58/1
f 712/58/1 710/58/1 709/58/1
f 712/58/1 711/58/1 710/58/1
f 713/58/1 708/58/1 711/58/1
f 713/58/1 711/58/1 712/58/1
f 716/57/1 715/57/1 714/57/1
f 717/57/1 715/57/1 716/57/1
f 718/58/1 717/58/1 716/58/1
f 719/58/1 717/58/1 718/58/1
f 722/19/1 721/19/1 720/19/1
f 723/19/1 721/19/1 722/19/1
f 727/59/1 725/59/1 724/59/1
f 728/59/1 725/59/1 727/59/1
f 729/57/1 727/57/1 726/57/1
f 729/57/1 728/57/1 727/57/1
f 730/57/1 728/57/1 729/57/1
f 733/65/1 732/65/1 731/65/1
f 734/65/1 732/65/1 733/65/1
f 735/59/1 734/59/1 733/59/1
f 736/65/1 732/65/1 734/65/1
f 736/59/1 734/59/1 735/59/1
f 737/65/1 732/65/1 736/65/1
f 738/25/1 736/25/1 735/25/1
f 738/25/1 737/25/1 736/25/1
f 739/25/1 737/25/1 738/25/1
f 740/59/1 739/59/1 738/59/1
f 741/25/1 737/25/1 739/25/1
f 741/59/1 739/59/1 740/59/1
f 742/25/1 741/25/1 740/25/1
f 743/25/1 737/25/1 741/25/1
f 743/25/1 741/25/1 742/25/1
f 744/65/1 743/65/1 742/65/1
f 745/65/1 743/65/1 744/65/1
f 748/58/1 747/58/1 746/58/1
f 749/58/1 747/58/1 748/58/1
f 750/58/1 747/58/1 749/58/1
f 753/64/1 752/64/1 751/64/1
f 754/64/1 752/64/1 753/64/1
f 755/33/1 754/33/1 753/33/1
f 756/33/1 754/33/1 755/33/1
f 757/64/1 756/64/1 755/64/1
f 758/64/1 756/64/1 757/64/1
f 761/65/1 760/65/1 759/65/1
f 762/65/1 760/65/1 761/65/1
f 763/25/1 762/25/1 761/25/1
f 764/25/1 762/25/1 763/25/1
f 765/25/1 762/25/1 764/25/1
f 770/64/1 769/64/1 768/64/1
f 771/64/1 769/64/1 770/64/1
f 772/46/1 767/46/1 766/46/1
f 773/46/1 772/46/1 766/46/1
f 774/46/1 773/46/1 766/46/1
f 775/33/1 771/33/1 770/33/1
f 776/33/1 771/33/1 775/33/1
f 777/46/1 774/46/1 766/46/1
f 778/46/1 774/46/1 777/46/1
f 779/64/1 778/64/1 777/64/1
f 780/64/1 778/64/1 779/64/1
f 790/20/1 782/20/1 781/20/1
f 790/19/1 783/19/1 782/19/1
f 791/19/1 783/19/1 790/19/1
f 792/20/1 784/20/1 783/20/1
f 792/19/1 785/19/1 784/19/1
f 793/20/1 786/20/1 785/20/1
f 793/19/1 785/19/1 792/19/1
f 794/20/1 786/20/1 793/20/1
f 795/20/1 786/20/1 794/20/1
f 796/19/1 787/19/1 786/19/1
f 796/20/1 786/20/1 795/20/1
f 797/20/1 788/20/1 787/20/1
f 797/19/1 787/19/1 796/19/1
f 798/19/1 789/19/1 788/19/1
f 798/20/1 788/20/1 797/20/1
f 799/19/1 789/19/1 798/19/1
f 800/20/1 791/20/1 790/20/1
f 800/20/1 790/20/1 781/20/1
f 801/20/1 791/20/1 800/20/1
f 802/19/1 783/19/1 791/19/1
f 803/20/1 792/20/1 783/20/1
f 803/19/1 783/19/1 802/19/1
f 803/20/1 793/20/1 792/20/1
f 804/20/1 793/20/1 803/20/1
f 805/19/1 794/19/1 793/19/1
f 805/20/1 793/20/1 804/20/1
f 806/20/1 795/20/1 794/20/1
f 806/19/1 794/19/1 805/19/1
f 807/19/1 797/19/1 796/19/1
f 807/20/1 795/20/1 806/20/1
f 807/19/1 796/19/1 795/19/1
f 807/19/1 798/19/1 797/19/1
f 808/20/1 799/20/1 798/20/1
f 808/19/1 798/19/1 807/19/1
f 809/20/1 799/20/1 808/20/1
f 810/19/1 801/19/1 800/19/1
f 811/20/1 791/20/1 801/20/1
f 811/19/1 801/19/1 810/19/1
f 812/19/1 802/19/1 791/19/1
f 813/20/1 803/20/1 802/20/1
f 813/19/1 802/19/1 812/19/1
f 813/20/1 804/20/1 803/20/1
f 814/20/1 804/20/1 813/20/1
f 815/19/1 805/19/1 804/19/1
f 815/20/1 804/20/1 814/20/1
f 816/20/1 806/20/1 805/20/1
f 816/19/1 805/19/1 815/19/1
f 817/19/1 807/19/1 806/19/1
f 817/20/1 806/20/1 816/20/1
f 817/19/1 808/19/1 807/19/1
f 817/19/1 809/19/1 808/19/1
f 818/19/1 809/19/1 817/19/1
f 819/20/1 811/20/1 810/20/1
f 820/19/1 812/19/1 791/19/1
f 820/20/1 811/20/1 819/20/1
f 820/20/1 791/20/1 811/20/1
f 821/19/1 812/19/1 820/19/1
f 822/20/1 814/20/1 813/20/1
f 822/20/1 813/20/1 812/20/1
f 823/19/1 815/19/1 814/19/1
f 823/20/1 814/20/1 822/20/1
f 824/20/1 816/20/1 815/20/1
f 824/19/1 815/19/1 823/19/1
f 825/19/1 818/19/1 817/19/1
f 825/20/1 816/20/1 824/20/1
f 825/19/1 817/19/1 816/19/1
f 826/19/1 812/19/1 821/19/1
f 826/20/1 821/20/1 820/20/1
f 827/20/1 822/20/1 812/20/1
f 827/19/1 812/19/1 826/19/1
f 828/19/1 823/19/1 822/19/1
f 828/20/1 822/20/1 827/20/1
f 829/20/1 824/20/1 823/20/1
f 829/19/1 823/19/1 828/19/1
f 830/19/1 825/19/1 824/19/1
f 830/20/1 824/20/1 829/20/1
f 831/19/1 818/19/1 825/19/1
f 831/19/1 825/19/1 830/19/1
f 832/19/1 818/19/1 831/19/1
f 833/20/1 826/20/1 820/20/1
f 833/20/1 828/20/1 827/20/1
f 833/20/1 827/20/1 826/20/1
f 833/20/1 829/20/1 828/20/1
f 833/19/1 820/19/1 819/19/1
f 834/20/1 829/20/1 833/20/1
f 835/20/1 829/20/1 834/20/1
f 836/20/1 829/20/1 835/20/1
f 837/19/1 830/19/1 829/19/1
f 837/19/1 831/19/1 830/19/1
f 838/20/1 832/20/1 831/20/1
f 838/19/1 831/19/1 837/19/1
f 839/20/1 832/20/1 838/20/1
f 840/19/1 833/19/1 819/19/1
f 840/19/1 834/19/1 833/19/1
f 841/20/1 835/20/1 834/20/1
f 841/19/1 834/19/1 840/19/1
f 842/20/1 835/20/1 841/20/1
f 843/19/1 836/19/1 835/19/1
f 843/20/1 835/20/1 842/20/1
f 844/19/1 837/19/1 829/19/1
f 845/20/1 838/20/1 837/20/1
f 845/19/1 837/19/1 844/19/1
f 846/19/1 839/19/1 838/19/1
f 846/20/1 838/20/1 845/20/1
f 847/19/1 839/19/1 846/19/1
f 848/19/1 840/19/1 819/19/1
f 849/19/1 840/19/1 848/19/1
f 850/20/1 842/20/1 841/20/1
f 850/19/1 840/19/1 849/19/1
f 850/20/1 841/20/1 840/20/1
f 851/19/1 836/19/1 843/19/1
f 851/20/1 829/20/1 836/20/1
f 851/19/1 843/19/1 842/19/1
f 852/19/1 844/19/1 829/19/1
f 852/20/1 829/20/1 851/20/1
f 853/20/1 845/20/1 844/20/1
f 853/19/1 844/19/1 852/19/1
f 854/19/1 846/19/1 845/19/1
f 854/20/1 845/20/1 853/20/1
f 855/20/1 847/20/1 846/20/1
f 855/19/1 846/19/1 854/19/1
f 856/20/1 847/20/1 855/20/1
f 857/20/1 842/20/1 850/20/1
f 857/20/1 850/20/1 849/20/1
f 858/19/1 852/19/1 851/19/1
f 858/20/1 842/20/1 857/20/1
f 858/19/1 851/19/1 842/19/1
f 859/19/1 852/19/1 858/19/1
f 860/20/1 853/20/1 852/20/1
f 861/19/1 856/19/1 855/19/1
f 861/20/1 853/20/1 860/20/1
f 861/19/1 855/19/1 854/19/1
f 861/19/1 854/19/1 853/19/1
f 862/19/1 856/19/1 861/19/1
f 863/19/1 849/19/1 848/19/1
f 864/20/1 857/20/1 849/20/1
f 864/19/1 849/19/1 863/19/1
f 865/19/1 858/19/1 857/19/1
f 865/20/1 857/20/1 864/20/1
f 866/20/1 859/20/1 858/20/1
f 866/19/1 858/19/1 865/19/1
f 867/19/1 852/19/1 859/19/1
f 867/20/1 859/20/1 866/20/1
f 868/20/1 860/20/1 852/20/1
f 868/19/1 852/19/1 867/19/1
f 869/19/1 861/19/1 860/19/1
f 869/20/1 860/20/1 868/20/1
f 869/19/1 862/19/1 861/19/1
f 870/19/1 862/19/1 869/19/1
f 871/20/1 867/20/1 866/20/1
f 871/20/1 865/20/1 864/20/1
f 871/20/1 870/20/1 869/20/1
f 871/20/1 869/20/1 868/20/1
f 871/20/1 868/20/1 867/20/1
f 871/20/1 866/20/1 865/20/1
f 871/20/1 864/20/1 863/20/1
f 872/20/1 870/20/1 871/20/1
f 873/20/1 870/20/1 872/20/1
f 874/20/1 870/20/1 873/20/1
f 875/20/1 870/20/1 874/20/1
f 876/20/1 870/20/1 875/20/1
f 877/19/1 873/19/1 872/19/1
f 878/19/1 873/19/1 877/19/1
f 879/19/1 875/19/1 874/19/1
f 880/19/1 875/19/1 879/19/1
f 881/19/1 879/19/1 878/19/1
f 882/19/1 879/19/1 881/19/1
f 886/58/1 884/58/1 883/58/1
f 886/58/1 885/58/1 884/58/1
f 887/58/1 885/58/1 886/58/1
f 888/41/1 887/41/1 886/41/1
f 889/41/1 887/41/1 888/41/1
f 890/41/1 888/41/1 886/41/1
f 890/40/1 889/40/1 888/40/1
f 891/40/1 889/40/1 890/40/1
f 892/40/1 889/40/1 891/40/1
f 893/41/1 890/41/1 886/41/1
f 893/58/1 891/58/1 890/58/1
f 894/3/1 892/3/1 891/3/1
f 894/58/1 891/58/1 893/58/1
f 895/40/1 889/40/1 892/40/1
f 895/3/1 892/3/1 894/3/1
f 896/41/1 887/41/1 889/41/1
f 896/40/1 889/40/1 895/40/1
f 897/58/1 886/58/1 883/58/1
f 898/41/1 895/41/1 894/41/1
f 898/58/1 886/58/1 897/58/1
f 898/41/1 894/41/1 893/41/1
f 898/41/1 896/41/1 895/41/1
f 898/41/1 893/41/1 886/41/1
f 899/41/1 887/41/1 896/41/1
f 899/41/1 896/41/1 898/41/1
f 899/58/1 885/58/1 887/58/1
f 900/58/1 885/58/1 899/58/1
f 914/20/1 907/20/1 906/20/1
f 915/18/1 908/18/1 907/18/1
f 915/20/1 907/20/1 914/20/1
f 916/20/1 909/20/1 908/20/1
f 916/18/1 908/18/1 915/18/1
f 917/20/1 909/20/1 916/20/1
f 918/20/1 903/20/1 902/20/1
f 918/20/1 904/20/1 903/20/1
f 919/20/1 904/20/1 918/20/1
f 920/20/1 914/20/1 906/20/1
f 921/20/1 914/20/1 920/20/1
f 922/20/1 909/20/1 917/20/1
f 922/18/1 910/18/1 909/18/1
f 923/20/1 911/20/1 910/20/1
f 923/18/1 910/18/1 922/18/1
f 924/18/1 912/18/1 911/18/1
f 924/20/1 911/20/1 923/20/1
f 925/18/1 902/18/1 901/18/1
f 926/20/1 918/20/1 902/20/1
f 926/18/1 902/18/1 925/18/1
f 927/20/1 918/20/1 926/20/1
f 928/20/1 904/20/1 919/20/1
f 929/20/1 904/20/1 928/20/1
f 930/18/1 906/18/1 905/18/1
f 931/20/1 920/20/1 906/20/1
f 931/18/1 906/18/1 930/18/1
f 932/20/1 920/20/1 931/20/1
f 933/18/1 916/18/1 915/18/1
f 934/18/1 916/18/1 933/18/1
f 935/20/1 922/20/1 917/20/1
f 936/20/1 922/20/1 935/20/1
f 937/18/1 912/18/1 924/18/1
f 938/20/1 913/20/1 912/20/1
f 938/18/1 912/18/1 937/18/1
f 939/20/1 913/20/1 938/20/1
f 942/64/1 941/64/1 940/64/1
f 943/64/1 941/64/1 942/64/1
f 944/64/1 941/64/1 943/64/1
f 949/46/1 946/46/1 945/46/1
f 950/46/1 946/46/1 949/46/1
f 951/11/1 948/11/1 947/11/1
f 952/11/1 948/11/1 951/11/1
f 953/46/1 952/46/1 951/46/1
f 954/46/1 952/46/1 953/46/1
f 957/19/1 956/19/1 955/19/1
f 958/19/1 956/19/1 957/19/1
f 959/19/1 956/19/1 958/19/1
f 964/52/1 961/52/1 960/52/1
f 965/52/1 961/52/1 964/52/1
f 966/54/1 963/54/1 962/54/1
f 967/54/1 963/54/1 966/54/1
f 968/1/1 965/1/1 964/1/1
f 969/1/1 965/1/1 968/1/1
f 970/64/1 969/64/1 968/64/1
f 971/1/1 965/1/1 969/1/1
f 971/64/1 969/64/1 970/64/1
f 972/1/1 971/1/1 970/1/1
f 973/1/1 965/1/1 971/1/1
f 973/1/1 971/1/1 972/1/1
f 974/55/1 967/55/1 966/55/1
f 975/55/1 967/55/1 974/55/1
f 976/46/1 973/46/1 972/46/1
f 977/46/1 973/46/1 976/46/1
f 978/52/1 975/52/1 974/52/1
f 979/52/1 975/52/1 978/52/1
f 984/22/1 981/22/1 980/22/1
f 985/22/1 981/22/1 984/22/1
f 986/22/1 981/22/1 985/22/1
f 987/11/1 983/11/1 982/11/1
f 988/11/1 983/11/1 987/11/1
f 989/52/1 986/52/1 985/52/1
f 990/52/1 986/52/1 989/52/1
f 995/52/1 992/52/1 991/52/1
f 996/52/1 992/52/1 995/52/1
f 997/54/1 994/54/1 993/54/1
f 998/54/1 994/54/1 997/54/1
f 999/1/1 996/1/1 995/1/1
f 1000/1/1 996/1/1 999/1/1
f 1001/1/1 996/1/1 1000/1/1
f 1002/1/1 996/1/1 1001/1/1
f 1003/1/1 996/1/1 1002/1/1
f 1004/55/1 998/55/1 997/55/1
f 1005/55/1 998/55/1 1004/55/1
f 1008/55/1 1007/55/1 1006/55/1
f 1009/55/1 1007/55/1 1008/55/1
f 1012/22/1 1011/22/1 1010/22/1
f 1013/22/1 1011/22/1 1012/22/1
f 1016/54/1 1015/54/1 1014/54/1
f 1017/54/1 1015/54/1 1016/54/1
f 1018/54/1 1015/54/1 1017/54/1
f 1019/54/1 1015/54/1 1018/54/1
f 1024/19/1 1021/19/1 1020/19/1
f 1024/19/1 1022/19/1 1021/19/1
f 1025/19/1 1022/19/1 1024/19/1
f 1026/19/1 1024/19/1 1023/19/1
f 1027/20/1 1025/20/1 1024/20/1
f 1027/19/1 1024/19/1 1026/19/1
f 1028/20/1 1025/20/1 1027/20/1
f 1029/20/1 1025/20/1 1028/20/1
f 1030/20/1 1025/20/1 1029/20/1
f 1031/19/1 1030/19/1 1029/19/1
f 1032/19/1 1030/19/1 1031/19/1
f 1038/58/1 1034/58/1 1033/58/1
f 1039/58/1 1034/58/1 1038/58/1
f 1040/64/1 1035/64/1 1034/64/1
f 1040/58/1 1034/58/1 1039/58/1
f 1041/58/1 1036/58/1 1035/58/1
f 1041/64/1 1035/64/1 1040/64/1
f 1042/64/1 1037/64/1 1036/64/1
f 1042/58/1 1036/58/1 1041/58/1
f 1043/59/1 1039/59/1 1038/59/1
f 1044/64/1 1041/64/1 1040/64/1
f 1044/59/1 1039/59/1 1043/59/1
f 1044/64/1 1040/64/1 1039/64/1
f 1044/64/1 1042/64/1 1041/64/1
f 1045/64/1 1044/64/1 1043/64/1
f 1046/64/1 1042/64/1 1044/64/1
f 1046/64/1 1044/64/1 1045/64/1
f 1047/64/1 1037/64/1 1042/64/1
f 1047/64/1 1042/64/1 1046/64/1
f 1048/64/1 1037/64/1 1047/64/1
f 1049/13/1 1047/13/1 1046/13/1
f 1050/13/1 1047/13/1 1049/13/1
f 1051/30/1 1050/30/1 1049/30/1
f 1052/30/1 1050/30/1 1051/30/1
f 1053/58/1 1052/58/1 1051/58/1
f 1054/58/1 1052/58/1 1053/58/1
f 1057/19/1 1056/19/1 1055/19/1
f 1058/19/1 1056/19/1 1057/19/1
f 1061/58/1 1060/58/1 1059/58/1
f 1062/58/1 1060/58/1 1061/58/1
f 1067/20/1 1064/20/1 1063/20/1
f 1067/20/1 1065/20/1 1064/20/1
f 1068/20/1 1067/20/1 1066/20/1
f 1069/20/1 1065/20/1 1067/20/1
f 1069/20/1 1067/20/1 1068/20/1
f 1070/20/1 1065/20/1 1069/20/1
f 1071/20/1 1065/20/1 1070/20/1
f 1074/58/1 1073/58/1 1072/58/1
f 1075/58/1 1073/58/1 1074/58/1
f 1078/64/1 1077/64/1 1076/64/1
f 1079/64/1 1077/64/1 1078/64/1
f 1080/64/1 1077/64/1 1079/64/1
f 1081/64/1 1077/64/1 1080/64/1
f 1082/64/1 1077/64/1 1081/64/1
f 1083/64/1 1077/64/1 1082/64/1
f 1086/24/1 1085/24/1 1084/24/1
f 1087/24/1 1085/24/1 1086/24/1
f 1090/58/1 1089/58/1 1088/58/1
f 1095/58/1 1090/58/1 1088/58/1
f 1096/58/1 1090/58/1 1095/58/1
f 1097/58/1 1092/58/1 1091/58/1
f 1098/58/1 1092/58/1 1097/58/1
f 1099/16/1 1094/16/1 1093/16/1
f 1100/16/1 1094/16/1 1099/16/1
f 1103/58/1 1102/58/1 1101/58/1
f 1104/58/1 1102/58/1 1103/58/1
f 1107/24/1 1106/24/1 1105/24/1
f 1108/24/1 1106/24/1 1107/24/1
f 1111/58/1 1110/58/1 1109/58/1
f 1112/58/1 1110/58/1 1111/58/1
f 1115/58/1 1111/58/1 1109/58/1
f 1116/58/1 1111/58/1 1115/58/1
f 1118/58/1 1114/58/1 1113/58/1
f 1119/58/1 1118/58/1 1117/58/1
f 1120/58/1 1114/58/1 1118/58/1
f 1120/58/1 1118/58/1 1119/58/1
f 1125/35/1 1122/35/1 1121/35/1
f 1126/35/1 1122/35/1 1125/35/1
f 1128/35/1 1124/35/1 1123/35/1
f 1129/35/1 1124/35/1 1128/35/1
f 1131/35/1 1128/35/1 1127/35/1
f 1131/35/1 1130/35/1 1129/35/1
f 1131/35/1 1129/35/1 1128/35/1
f 1132/35/1 1130/35/1 1131/35/1
f 1133/35/1 1130/35/1 1132/35/1
f 1134/35/1 1130/35/1 1133/35/1
f 1138/57/1 1136/57/1 1135/57/1
f 1139/57/1 1138/57/1 1137/57/1
f 1140/57/1 1136/57/1 1138/57/1
f 1140/57/1 1138/57/1 1139/57/1
f 1143/53/1 1142/53/1 1141/53/1
f 1144/53/1 1142/53/1 1143/53/1
f 1147/58/1 1146/58/1 1145/58/1
f 1148/58/1 1146/58/1 1147/58/1
f 1149/58/1 1146/58/1 1148/58/1
f 1150/58/1 1146/58/1 1149/58/1
f 1153/53/1 1152/53/1 1151/53/1
f 1154/53/1 1152/53/1 1153/53/1
f 1157/24/1 1156/24/1 1155/24/1
f 1158/24/1 1156/24/1 1157/24/1
f 1162/58/1 1160/58/1 1159/58/1
f 1163/58/1 1160/58/1 1162/58/1
f 1165/58/1 1162/58/1 1161/58/1
f 1165/58/1 1164/58/1 1163/58/1
f 1165/58/1 1163/58/1 1162/58/1
f 1166/58/1 1164/58/1 1165/58/1
f 1169/58/1 1168/58/1 1167/58/1
f 1170/58/1 1168/58/1 1169/58/1
f 1171/57/1 1170/57/1 1169/57/1
f 1172/57/1 1170/57/1 1171/57/1
f 1173/58/1 1172/58/1 1171/58/1
f 1174/58/1 1172/58/1 1173/58/1
f 1179/16/1 1176/16/1 1175/16/1
f 1180/16/1 1176/16/1 1179/16/1
f 1183/16/1 1178/16/1 1177/16/1
f 1184/16/1 1178/16/1 1183/16/1
f 1186/27/1 1182/27/1 1181/27/1
f 1187/27/1 1182/27/1 1186/27/1
f 1188/16/1 1185/16/1 1184/16/1
f 1189/16/1 1185/16/1 1188/16/1
f 1198/10/1 1191/10/1 1190/10/1
f 1199/9/1 1192/9/1 1191/9/1
f 1199/10/1 1191/10/1 1198/10/1
f 1200/10/1 1193/10/1 1192/10/1
f 1200/9/1 1192/9/1 1199/9/1
f 1201/10/1 1193/10/1 1200/10/1
f 1202/10/1 1200/10/1 1199/10/1
f 1203/10/1 1200/10/1 1202/10/1
f 1204/58/1 1195/58/1 1194/58/1
f 1205/58/1 1195/58/1 1204/58/1
f 1206/58/1 1197/58/1 1196/58/1
f 1207/58/1 1197/58/1 1206/58/1
f 1208/57/1 1205/57/1 1204/57/1
f 1209/57/1 1205/57/1 1208/57/1
f 1210/57/1 1207/57/1 1206/57/1
f 1211/57/1 1207/57/1 1210/57/1
f 1212/58/1 1209/58/1 1208/58/1
f 1213/58/1 1209/58/1 1212/58/1
f 1214/58/1 1211/58/1 1210/58/1
f 1215/58/1 1211/58/1 1214/58/1
f 1216/58/1 1214/58/1 1213/58/1
f 1217/58/1 1214/58/1 1216/58/1
f 1224/10/1 1219/10/1 1218/10/1
f 1225/10/1 1219/10/1 1224/10/1
f 1228/10/1 1221/10/1 1220/10/1
f 1229/10/1 1221/10/1 1228/10/1
f 1230/9/1 1226/9/1 1225/9/1
f 1231/9/1 1226/9/1 1230/9/1
f 1232/9/1 1228/9/1 1227/9/1
f 1233/9/1 1228/9/1 1232/9/1
f 1234/10/1 1231/10/1 1230/10/1
f 1234/10/1 1232/10/1 1231/10/1
f 1234/10/1 1233/10/1 1232/10/1
f 1235/10/1 1233/10/1 1234/10/1
f 1236/10/1 1233/10/1 1235/10/1
f 1237/10/1 1233/10/1 1236/10/1
f 1238/9/1 1236/9/1 1235/9/1
f 1239/9/1 1236/9/1 1238/9/1
f 1240/6/1 1223/6/1 1222/6/1
f 1241/6/1 1223/6/1 1240/6/1
f 1242/6/1 1240/6/1 1222/6/1
f 1242/57/1 1241/57/1 1240/57/1
f 1243/57/1 1241/57/1 1242/57/1
f 1244/6/1 1242/6/1 1222/6/1
f 1244/6/1 1243/6/1 1242/6/1
f 1245/6/1 1243/6/1 1244/6/1
f 1248/59/1 1247/59/1 1246/59/1
f 1249/59/1 1247/59/1 1248/59/1
f 1254/16/1 1253/16/1 1252/16/1
f 1255/16/1 1251/16/1 1250/16/1
f 1256/16/1 1251/16/1 1255/16/1
f 1258/16/1 1254/16/1 1252/16/1
f 1259/16/1 1258/16/1 1257/16/1
f 1260/16/1 1254/16/1 1258/16/1
f 1260/16/1 1258/16/1 1259/16/1
f 1263/47/1 1262/47/1 1261/47/1
f 1264/47/1 1262/47/1 1263/47/1
f 1275/10/1 1272/10/1 1271/10/1
f 1276/10/1 1272/10/1 1275/10/1
f 1277/9/1 1274/9/1 1273/9/1
f 1278/9/1 1274/9/1 1277/9/1
f 1283/10/1 1280/10/1 1279/10/1
f 1284/10/1 1280/10/1 1283/10/1
f 1285/9/1 1282/9/1 1281/9/1
f 1286/9/1 1282/9/1 1285/9/1
f 1287/9/1 1285/9/1 1284/9/1
f 1288/9/1 1285/9/1 1287/9/1
f 1289/6/1 1270/6/1 1269/6/1
f 1290/6/1 1270/6/1 1289/6/1
f 1291/57/1 1290/57/1 1289/57/1
f 1292/57/1 1290/57/1 1291/57/1
f 1293/58/1 1266/58/1 1265/58/1
f 1294/58/1 1266/58/1 1293/58/1
f 1295/6/1 1268/6/1 1267/6/1
f 1296/6/1 1268/6/1 1295/6/1
f 1297/6/1 1292/6/1 1291/6/1
f 1298/6/1 1292/6/1 1297/6/1
f 1299/6/1 1297/6/1 1296/6/1
f 1300/6/1 1297/6/1 1299/6/1
f 1304/20/1 1302/20/1 1301/20/1
f 1305/20/1 1302/20/1 1304/20/1
f 1306/19/1 1304/19/1 1303/19/1
f 1306/19/1 1305/19/1 1304/19/1
f 1307/19/1 1305/19/1 1306/19/1
f 1308/19/1 1305/19/1 1307/19/1
f 1313/58/1 1310/58/1 1309/58/1
f 1314/58/1 1310/58/1 1313/58/1
f 1316/58/1 1310/58/1 1314/58/1
f 1317/58/1 1310/58/1 1316/58/1
f 1319/33/1 1312/33/1 1311/33/1
f 1320/58/1 1316/58/1 1315/58/1
f 1320/58/1 1317/58/1 1316/58/1
f 1321/57/1 1318/57/1 1317/57/1
f 1321/58/1 1317/58/1 1320/58/1
f 1322/33/1 1319/33/1 1318/33/1
f 1322/57/1 1318/57/1 1321/57/1
f 1323/33/1 1319/33/1 1322/33/1
f 1324/33/1 1312/33/1 1319/33/1
f 1324/33/1 1319/33/1 1323/33/1
f 1325/57/1 1323/57/1 1322/57/1
f 1325/57/1 1322/57/1 1321/57/1
f 1326/57/1 1323/57/1 1325/57/1
f 1330/57/1 1328/57/1 1327/57/1
f 1330/57/1 1329/57/1 1328/57/1
f 1331/57/1 1329/57/1 1330/57/1
f 1332/20/1 1331/20/1 1330/20/1
f 1333/20/1 1331/20/1 1332/20/1
f 1336/7/1 1335/7/1 1334/7/1
f 1337/7/1 1335/7/1 1336/7/1
f 1340/19/1 1339/19/1 1338/19/1
f 1341/19/1 1339/19/1 1340/19/1
f 1342/19/1 1340/19/1 1338/19/1
f 1343/19/1 1340/19/1 1342/19/1
f 1346/27/1 1345/27/1 1344/27/1
f 1348/27/1 1346/27/1 1344/27/1
f 1348/27/1 1347/27/1 1346/27/1
f 1349/27/1 1347/27/1 1348/27/1
f 1352/6/1 1351/6/1 1350/6/1
f 1353/6/1 1351/6/1 1352/6/1
f 1354/57/1 1353/57/1 1352/57/1
f 1355/57/1 1353/57/1 1354/57/1
f 1356/6/1 1355/6/1 1354/6/1
f 1357/6/1 1355/6/1 1356/6/1
f 1360/57/1 1359/57/1 1358/57/1
f 1361/57/1 1359/57/1 1360/57/1
f 1364/57/1 1363/57/1 1362/57/1
f 1366/57/1 1364/57/1 1362/57/1
f 1366/57/1 1365/57/1 1364/57/1
f 1367/57/1 1365/57/1 1366/57/1
f 1371/56/1 1369/56/1 1368/56/1
f 1372/56/1 1371/56/1 1370/56/1
f 1373/56/1 1369/56/1 1371/56/1
f 1373/56/1 1371/56/1 1372/56/1
f 1379/20/1 1378/20/1 1377/20/1
f 1380/20/1 1378/20/1 1379/20/1
f 1382/20/1 1381/20/1 1380/20/1
f 1383/20/1 1381/20/1 1382/20/1
f 1384/20/1 1375/20/1 1374/20/1
f 1384/20/1 1376/20/1 1375/20/1
f 1385/20/1 1376/20/1 1384/20/1
f 1386/20/1 1384/20/1 1383/20/1
f 1387/19/1 1385/19/1 1384/19/1
f 1387/20/1 1384/20/1 1386/20/1
f 1388/19/1 1385/19/1 1387/19/1
f 1389/20/1 1388/20/1 1387/20/1
f 1390/20/1 1388/20/1 1389/20/1
f 1395/12/1 1392/12/1 1391/12/1
f 1396/12/1 1392/12/1 1395/12/1
f 1397/58/1 1396/58/1 1395/58/1
f 1398/58/1 1396/58/1 1397/58/1
f 1399/40/1 1398/40/1 1397/40/1
f 1400/40/1 1398/40/1 1399/40/1
f 1401/58/1 1400/58/1 1399/58/1
f 1402/58/1 1400/58/1 1401/58/1
f 1403/12/1 1402/12/1 1401/12/1
f 1404/12/1 1402/12/1 1403/12/1
f 1405/54/1 1394/54/1 1393/54/1
f 1406/54/1 1394/54/1 1405/54/1
f 1409/58/1 1408/58/1 1407/58/1
f 1411/58/1 1410/58/1 1409/58/1
f 1412/58/1 1409/58/1 1407/58/1
f 1412/58/1 1411/58/1 1409/58/1
f 1413/58/1 1411/58/1 1412/58/1
f 1416/20/1 1415/20/1 1414/20/1
f 1418/20/1 1416/20/1 1414/20/1
f 1418/20/1 1417/20/1 1416/20/1
f 1419/20/1 1417/20/1 1418/20/1
f 1427/12/1 1421/12/1 1420/12/1
f 1428/12/1 1421/12/1 1427/12/1
f 1429/12/1 1423/12/1 1422/12/1
f 1430/58/1 1428/58/1 1427/58/1
f 1431/58/1 1428/58/1 1430/58/1
f 1432/12/1 1423/12/1 1429/12/1
f 1433/40/1 1431/40/1 1430/40/1
f 1434/40/1 1431/40/1 1433/40/1
f 1435/12/1 1423/12/1 1432/12/1
f 1436/58/1 1434/58/1 1433/58/1
f 1437/58/1 1434/58/1 1436/58/1
f 1438/12/1 1423/12/1 1435/12/1
f 1439/12/1 1437/12/1 1436/12/1
f 1440/12/1 1437/12/1 1439/12/1
f 1441/12/1 1423/12/1 1438/12/1
f 1442/54/1 1424/54/1 1423/54/1
f 1442/12/1 1423/12/1 1441/12/1
f 1443/54/1 1424/54/1 1442/54/1
f 1444/54/1 1426/54/1 1425/54/1
f 1445/54/1 1426/54/1 1444/54/1
f 1446/12/1 1441/12/1 1440/12/1
f 1447/12/1 1441/12/1 1446/12/1
f 1448/54/1 1444/54/1 1443/54/1
f 1449/54/1 1444/54/1 1448/54/1
f 1454/27/1 1453/27/1 1452/27/1
f 1455/27/1 1453/27/1 1454/27/1
f 1456/45/1 1451/45/1 1450/45/1
f 1457/45/1 1451/45/1 1456/45/1
f 1461/27/1 1459/27/1 1458/27/1
f 1462/27/1 1461/27/1 1460/27/1
f 1463/27/1 1459/27/1 1461/27/1
f 1463/27/1 1461/27/1 1462/27/1
f 1464/27/1 1459/27/1 1463/27/1
f 1465/58/1 1464/58/1 1463/58/1
f 1467/58/1 1465/58/1 1463/58/1
f 1467/58/1 1466/58/1 1465/58/1
f 1468/58/1 1466/58/1 1467/58/1
f 1473/58/1 1470/58/1 1469/58/1
f 1474/58/1 1470/58/1 1473/58/1
f 1475/58/1 1472/58/1 1471/58/1
f 1476/58/1 1472/58/1 1475/58/1
f 1481/12/1 1478/12/1 1477/12/1
f 1482/12/1 1478/12/1 1481/12/1
f 1483/12/1 1478/12/1 1482/12/1
f 1484/12/1 1478/12/1 1483/12/1
f 1485/54/1 1480/54/1 1479/54/1
f 1486/54/1 1480/54/1 1485/54/1
f 1489/20/1 1488/20/1 1487/20/1
f 1490/20/1 1488/20/1 1489/20/1
f 1491/20/1 1488/20/1 1490/20/1
f 1494/20/1 1488/20/1 1491/20/1
f 1497/20/1 1493/20/1 1492/20/1
f 1498/20/1 1493/20/1 1497/20/1
f 1499/20/1 1488/20/1 1494/20/1
f 1501/20/1 1496/20/1 1495/20/1
f 1502/20/1 1496/20/1 1501/20/1
f 1503/20/1 1500/20/1 1499/20/1
f 1503/20/1 1499/20/1 1494/20/1
f 1504/20/1 1500/20/1 1503/20/1
f 1506/20/1 1501/20/1 1495/20/1
f 1507/20/1 1493/20/1 1498/20/1
f 1509/20/1 1500/20/1 1504/20/1
f 1513/20/1 1508/20/1 1507/20/1
f 1513/20/1 1507/20/1 1498/20/1
f 1514/20/1 1508/20/1 1513/20/1
f 1516/20/1 1510/20/1 1509/20/1
f 1516/20/1 1509/20/1 1504/20/1
f 1517/20/1 1506/20/1 1505/20/1
f 1517/20/1 1501/20/1 1506/20/1
f 1518/20/1 1512/20/1 1511/20/1
f 1519/20/1 1512/20/1 1518/20/1
f 1519/20/1 1518/20/1 1517/20/1
f 1520/20/1 1516/20/1 1515/20/1
f 1521/20/1 1517/20/1 1505/20/1
f 1521/20/1 1520/20/1 1519/20/1
f 1521/20/1 1519/20/1 1517/20/1
f 1522/20/1 1516/20/1 1520/20/1
f 1522/20/1 1520/20/1 1521/20/1
f 1522/20/1 1510/20/1 1516/20/1
f 1527/57/1 1524/57/1 1523/57/1
f 1528/57/1 1524/57/1 1527/57/1
f 1529/34/1 1528/34/1 1527/34/1
f 1530/34/1 1528/34/1 1529/34/1
f 1531/57/1 1530/57/1 1529/57/1
f 1532/57/1 1530/57/1 1531/57/1
f 1533/59/1 1532/59/1 1531/59/1
f 1534/59/1 1532/59/1 1533/59/1
f 1535/23/1 1526/23/1 1525/23/1
f 1536/23/1 1526/23/1 1535/23/1
f 1539/64/1 1538/64/1 1537/64/1
f 1540/64/1 1538/64/1 1539/64/1
f 1541/49/1 1540/49/1 1539/49/1
f 1542/49/1 1540/49/1 1541/49/1
f 1543/49/1 1540/49/1 1542/49/1
f 1544/49/1 1540/49/1 1543/49/1
f 1545/6/1 1543/6/1 1542/6/1
f 1546/6/1 1543/6/1 1545/6/1
f 1547/58/1 1546/58/1 1545/58/1
f 1548/58/1 1546/58/1 1547/58/1
f 1549/46/1 1548/46/1 1547/46/1
f 1550/46/1 1548/46/1 1549/46/1
f 1561/57/1 1552/57/1 1551/57/1
f 1562/57/1 1552/57/1 1561/57/1
f 1563/57/1 1554/57/1 1553/57/1
f 1564/57/1 1554/57/1 1563/57/1
f 1565/34/1 1562/34/1 1561/34/1
f 1566/34/1 1562/34/1 1565/34/1
f 1567/34/1 1564/34/1 1563/34/1
f 1568/34/1 1564/34/1 1567/34/1
f 1569/40/1 1556/40/1 1555/40/1
f 1570/40/1 1556/40/1 1569/40/1
f 1571/57/1 1566/57/1 1565/57/1
f 1572/57/1 1566/57/1 1571/57/1
f 1573/57/1 1568/57/1 1567/57/1
f 1574/57/1 1568/57/1 1573/57/1
f 1575/57/1 1570/57/1 1569/57/1
f 1576/57/1 1570/57/1 1575/57/1
f 1577/59/1 1572/59/1 1571/59/1
f 1578/59/1 1572/59/1 1577/59/1
f 1579/59/1 1574/59/1 1573/59/1
f 1580/59/1 1574/59/1 1579/59/1
f 1581/40/1 1576/40/1 1575/40/1
f 1582/40/1 1576/40/1 1581/40/1
f 1583/23/1 1558/23/1 1557/23/1
f 1584/23/1 1558/23/1 1583/23/1
f 1585/23/1 1560/23/1 1559/23/1
f 1586/23/1 1560/23/1 1585/23/1
f 1587/59/1 1579/59/1 1578/59/1
f 1588/59/1 1579/59/1 1587/59/1
f 1589/23/1 1585/23/1 1584/23/1
f 1590/23/1 1585/23/1 1589/23/1
f 1595/6/1 1592/6/1 1591/6/1
f 1596/6/1 1592/6/1 1595/6/1
f 1597/6/1 1594/6/1 1593/6/1
f 1598/6/1 1594/6/1 1597/6/1
f 1599/58/1 1596/58/1 1595/58/1
f 1600/58/1 1596/58/1 1599/58/1
f 1601/58/1 1598/58/1 1597/58/1
f 1602/58/1 1598/58/1 1601/58/1
f 1603/46/1 1600/46/1 1599/46/1
f 1604/46/1 1600/46/1 1603/46/1
f 1605/46/1 1602/46/1 1601/46/1
f 1606/46/1 1602/46/1 1605/46/1
f 1611/40/1 1608/40/1 1607/40/1
f 1612/40/1 1608/40/1 1611/40/1
f 1613/40/1 1610/40/1 1609/40/1
f 1614/57/1 1612/57/1 1611/57/1
f 1615/57/1 1612/57/1 1614/57/1
f 1616/40/1 1610/40/1 1613/40/1
f 1617/40/1 1615/40/1 1614/40/1
f 1618/40/1 1615/40/1 1617/40/1
f 1619/40/1 1610/40/1 1616/40/1
f 1620/40/1 1610/40/1 1619/40/1
f 1623/40/1 1619/40/1 1618/40/1
f 1624/40/1 1619/40/1 1623/40/1
f 1627/7/1 1622/7/1 1621/7/1
f 1628/7/1 1622/7/1 1627/7/1
f 1629/57/1 1626/57/1 1625/57/1
f 1630/57/1 1626/57/1 1629/57/1
f 1635/57/1 1632/57/1 1631/57/1
f 1636/57/1 1632/57/1 1635/57/1
f 1637/34/1 1636/34/1 1635/34/1
f 1638/34/1 1636/34/1 1637/34/1
f 1639/23/1 1634/23/1 1633/23/1
f 1640/23/1 1634/23/1 1639/23/1
f 1641/57/1 1638/57/1 1637/57/1
f 1642/57/1 1638/57/1 1641/57/1
f 1643/57/1 1640/57/1 1639/57/1
f 1644/57/1 1640/57/1 1643/57/1
f 1645/59/1 1642/59/1 1641/59/1
f 1646/59/1 1642/59/1 1645/59/1
f 1647/23/1 1644/23/1 1643/23/1
f 1648/23/1 1644/23/1 1647/23/1
f 1651/57/1 1650/57/1 1649/57/1
f 1652/57/1 1650/57/1 1651/57/1
f 1655/6/1 1654/6/1 1653/6/1
f 1656/6/1 1654/6/1 1655/6/1
f 1657/58/1 1656/58/1 1655/58/1
f 1658/58/1 1656/58/1 1657/58/1
f 1661/40/1 1660/40/1 1659/40/1
f 1662/40/1 1660/40/1 1661/40/1
f 1663/40/1 1662/40/1 1661/40/1
f 1664/40/1 1662/40/1 1663/40/1
f 1665/40/1 1664/40/1 1663/40/1
f 1666/40/1 1664/40/1 1665/40/1
f 1669/57/1 1668/57/1 1667/57/1
f 1670/57/1 1668/57/1 1669/57/1
f 1671/20/1 1670/20/1 1669/20/1
f 1672/20/1 1670/20/1 1671/20/1
f 1675/20/1 1674/20/1 1673/20/1
f 1676/20/1 1674/20/1 1675/20/1
f 1678/19/1 1676/19/1 1675/19/1
f 1679/19/1 1676/19/1 1678/19/1
f 1680/20/1 1678/20/1 1677/20/1
f 1680/20/1 1679/20/1 1678/20/1
f 1682/20/1 1680/20/1 1677/20/1
f 1682/20/1 1681/20/1 1680/20/1
f 1683/20/1 1681/20/1 1682/20/1
f 1688/32/1 1685/32/1 1684/32/1
f 1689/32/1 1685/32/1 1688/32/1
f 1690/32/1 1687/32/1 1686/32/1
f 1691/32/1 1687/32/1 1690/32/1
f 1692/32/1 1685/32/1 1689/32/1
f 1693/32/1 1685/32/1 1692/32/1
f 1694/32/1 1690/32/1 1686/32/1
f 1695/32/1 1690/32/1 1694/32/1
f 1700/32/1 1697/32/1 1696/32/1
f 1701/32/1 1697/32/1 1700/32/1
f 1702/32/1 1699/32/1 1698/32/1
f 1703/32/1 1699/32/1 1702/32/1
f 1704/32/1 1697/32/1 1701/32/1
f 1705/32/1 1697/32/1 1704/32/1
f 1706/32/1 1702/32/1 1698/32/1
f 1707/32/1 1702/32/1 1706/32/1
f 1712/32/1 1709/32/1 1708/32/1
f 1713/32/1 1709/32/1 1712/32/1
f 1714/32/1 1711/32/1 1710/32/1
f 1715/32/1 1711/32/1 1714/32/1
f 1716/32/1 1709/32/1 1713/32/1
f 1717/32/1 1709/32/1 1716/32/1
f 1718/32/1 1714/32/1 1710/32/1
f 1719/32/1 1714/32/1 1718/32/1
f 1724/32/1 1721/32/1 1720/32/1
f 1725/32/1 1721/32/1 1724/32/1
f 1726/32/1 1723/32/1 1722/32/1
f 1727/32/1 1723/32/1 1726/32/1
f 1728/32/1 1721/32/1 1725/32/1
f 1729/32/1 1721/32/1 1728/32/1
f 1730/32/1 1726/32/1 1722/32/1
f 1731/32/1 1726/32/1 1730/32/1
f 1736/32/1 1733/32/1 1732/32/1
f 1737/32/1 1733/32/1 1736/32/1
f 1738/32/1 1735/32/1 1734/32/1
f 1739/32/1 1735/32/1 1738/32/1
f 1740/32/1 1733/32/1 1737/32/1
f 1741/32/1 1733/32/1 1740/32/1
f 1742/32/1 1738/32/1 1734/32/1
f 1743/32/1 1738/32/1 1742/32/1
f 1746/32/1 1745/32/1 1744/32/1
f 1747/32/1 1745/32/1 1746/32/1
f 1750/61/1 1749/61/1 1748/61/1
f 1751/61/1 1749/61/1 1750/61/1
f 1754/61/1 1753/61/1 1752/61/1
f 1755/61/1 1753/61/1 1754/61/1
f 1758/61/1 1757/61/1 1756/61/1
f 1759/61/1 1757/61/1 1758/61/1
f 1762/61/1 1761/61/1 1760/61/1
f 1763/61/1 1761/61/1 1762/61/1
f 1766/61/1 1765/61/1 1764/61/1
f 1767/61/1 1765/61/1 1766/61/1
f 1768/58/2 1769/58/2 1773/58/2
f 1769/26/2 1770/26/2 1774/26/2
f 1773/58/2 1769/58/2 1774/58/2
f 1774/26/2 1770/26/2 1775/26/2
f 1771/58/2 1772/58/2 1776/58/2
f 1776/58/2 1772/58/2 1777/58/2
f 1773/26/2 1774/26/2 1778/26/2
f 1774/58/2 1775/58/2 1779/58/2
f 1778/26/2 1774/26/2 1779/26/2
f 1778/5/2 1779/5/2 1780/5/2
f 1779/58/2 1775/58/2 1781/58/2
f 1780/5/2 1779/5/2 1781/5/2
f 1780/29/2 1781/29/2 1782/29/2
f 1781/58/2 1775/58/2 1782/58/2
f 1782/58/2 1775/58/2 1783/58/2
f 1780/29/2 1782/29/2 1786/29/2
f 1786/29/2 1782/29/2 1787/29/2
f 1784/58/2 1785/58/2 1788/58/2
f 1785/29/2 1786/29/2 1789/29/2
f 1788/58/2 1785/58/2 1789/58/2
f 1789/29/2 1786/29/2 1790/29/2
f 1791/61/2 1792/61/2 1793/61/2
f 1793/61/2 1792/61/2 1794/61/2
f 1795/61/2 1796/61/2 1797/61/2
f 1797/61/2 1796/61/2 1798/61/2
f 1799/61/2 1800/61/2 1801/61/2
f 1801/61/2 1800/61/2 1802/61/2
f 1803/59/2 1804/59/2 1805/59/2
f 1805/59/2 1804/59/2 1806/59/2
f 1807/61/2 1808/61/2 1809/61/2
f 1809/61/2 1808/61/2 1810/61/2
f 1811/5/2 1812/5/2 1813/5/2
f 1813/5/2 1812/5/2 1814/5/2
f 1815/61/2 1816/61/2 1817/61/2
f 1817/61/2 1816/61/2 1818/61/2
f 1819/32/2 1820/32/2 1823/32/2
f 1823/32/2 1820/32/2 1824/32/2
f 1821/32/2 1822/32/2 1825/32/2
f 1825/32/2 1822/32/2 1826/32/2
f 1824/32/2 1820/32/2 1827/32/2
f 1827/32/2 1820/32/2 1828/32/2
f 1821/32/2 1825/32/2 1829/32/2
f 1829/32/2 1825/32/2 1830/32/2
f 1831/32/2 1832/32/2 1835/32/2
f 1835/32/2 1832/32/2 1836/32/2
f 1833/32/2 1834/32/2 1837/32/2
f 1837/32/2 1834/32/2 1838/32/2
f 1836/32/2 1832/32/2 1839/32/2
f 1839/32/2 1832/32/2 1840/32/2
f 1833/32/2 1837/32/2 1841/32/2
f 1841/32/2 1837/32/2 1842/32/2
f 1843/32/2 1844/32/2 1847/32/2
f 1847/32/2 1844/32/2 1848/32/2
f 1845/32/2 1846/32/2 1849/32/2
f 1849/32/2 1846/32/2 1850/32/2
f 1848/32/2 1844/32/2 1851/32/2
f 1851/32/2 1844/32/2 1852/32/2
f 1845/32/2 1849/32/2 1853/32/2
f 1853/32/2 1849/32/2 1854/32/2
f 1859/59/2 1860/59/2 1861/59/2
f 1861/59/2 1860/59/2 1862/59/2
f 1855/32/2 1856/32/2 1863/32/2
f 1863/32/2 1856/32/2 1864/32/2
f 1857/32/2 1858/32/2 1865/32/2
f 1865/32/2 1858/32/2 1866/32/2
f 1864/32/2 1856/32/2 1867/32/2
f 1867/32/2 1856/32/2 1868/32/2
f 1857/32/2 1865/32/2 1869/32/2
f 1869/32/2 1865/32/2 1870/32/2
f 1873/32/2 1874/32/2 1875/32/2
f 1871/32/2 1872/32/2 1877/32/2
f 1877/32/2 1872/32/2 1878/32/2
f 1875/32/2 1874/32/2 1879/32/2
f 1879/32/2 1874/32/2 1880/32/2
f 1876/40/2 1877/40/2 1881/40/2
f 1881/40/2 1877/40/2 1882/40/2
f 1878/32/2 1872/32/2 1883/32/2
f 1883/32/2 1872/32/2 1884/32/2
f 1875/32/2 1879/32/2 1885/32/2
f 1885/32/2 1879/32/2 1886/32/2
f 1887/32/2 1888/32/2 1891/32/2
f 1891/32/2 1888/32/2 1892/32/2
f 1892/32/2 1888/32/2 1894/32/2
f 1894/32/2 1888/32/2 1895/32/2
f 1889/32/2 1890/32/2 1896/32/2
f 1896/32/2 1890/32/2 1897/32/2
f 1893/58/2 1894/58/2 1898/58/2
f 1898/58/2 1894/58/2 1899/58/2
f 1900/58/2 1901/58/2 1902/58/2
f 1902/58/2 1901/58/2 1903/58/2
f 1904/58/2 1905/58/2 1906/58/2
f 1906/58/2 1905/58/2 1907/58/2
f 1908/58/2 1909/58/2 1912/58/2
f 1912/58/2 1909/58/2 1913/58/2
f 1910/58/2 1911/58/2 1914/58/2
f 1914/58/2 1911/58/2 1915/58/2
f 1912/20/2 1913/20/2 1916/20/2
f 1916/20/2 1913/20/2 1917/20/2
f 1914/20/2 1915/20/2 1918/20/2
f 1918/20/2 1915/20/2 1919/20/2
f 1920/58/2 1921/58/2 1922/58/2
f 1922/58/2 1921/58/2 1923/58/2
f 1924/58/2 1925/58/2 1926/58/2
f 1926/58/2 1925/58/2 1927/58/2
f 1928/58/2 1929/58/2 1930/58/2
f 1930/58/2 1929/58/2 1931/58/2
f 1932/59/2 1933/59/2 1936/59/2
f 1936/59/2 1933/59/2 1937/59/2
f 1934/59/2 1935/59/2 1938/59/2
f 1938/59/2 1935/59/2 1939/59/2
f 1940/5/2 1941/5/2 1942/5/2
f 1942/5/2 1941/5/2 1943/5/2
f 1942/36/2 1943/36/2 1944/36/2
f 1944/36/2 1943/36/2 1945/36/2
f 1944/58/2 1945/58/2 1946/58/2
f 1946/58/2 1945/58/2 1947/58/2
f 1946/16/2 1947/16/2 1948/16/2
f 1948/16/2 1947/16/2 1949/16/2
f 1950/58/2 1951/58/2 1952/58/2
f 1952/58/2 1951/58/2 1953/58/2
f 1954/59/2 1955/59/2 1956/59/2
f 1956/59/2 1955/59/2 1957/59/2
f 1958/59/2 1959/59/2 1960/59/2
f 1960/59/2 1959/59/2 1961/59/2
f 1961/59/2 1959/59/2 1962/59/2
f 1961/59/2 1962/59/2 1963/59/2
f 1963/59/2 1962/59/2 1964/59/2
f 1963/59/2 1964/59/2 1965/59/2
f 1965/59/2 1964/59/2 1966/59/2
f 1967/58/2 1968/58/2 1971/58/2
f 1971/58/2 1968/58/2 1972/58/2
f 1969/58/2 1970/58/2 1975/58/2
f 1975/58/2 1970/58/2 1976/58/2
f 1972/58/2 1973/58/2 1977/58/2
f 1977/58/2 1973/58/2 1978/58/2
f 1974/58/2 1975/58/2 1979/58/2
f 1979/58/2 1975/58/2 1980/58/2
f 1978/58/2 1979/58/2 1981/58/2
f 1981/58/2 1979/58/2 1982/58/2
f 1983/57/2 1984/57/2 1987/57/2
f 1987/57/2 1984/57/2 1988/57/2
f 1985/57/2 1986/57/2 1989/57/2
f 1989/57/2 1986/57/2 1990/57/2
f 1991/59/2 1992/59/2 1995/59/2
f 1995/59/2 1992/59/2 1996/59/2
f 1993/59/2 1994/59/2 1997/59/2
f 1997/59/2 1994/59/2 1998/59/2
f 1999/4/2 2000/4/2 2001/4/2
f 2001/4/2 2000/4/2 2002/4/2
f 2003/58/2 2004/58/2 2007/58/2
f 2007/58/2 2004/58/2 2008/58/2
f 2005/58/2 2006/58/2 2009/58/2
f 2009/58/2 2006/58/2 2010/58/2
f 2008/58/2 2009/58/2 2011/58/2
f 2011/58/2 2009/58/2 2012/58/2
f 2013/57/2 2014/57/2 2018/57/2
f 2018/57/2 2014/57/2 2019/57/2
f 2015/57/2 2016/57/2 2020/57/2
f 2020/57/2 2016/57/2 2021/57/2
f 2017/59/2 2018/59/2 2026/59/2
f 2026/59/2 2018/59/2 2027/59/2
f 2021/59/2 2022/59/2 2028/59/2
f 2028/59/2 2022/59/2 2029/59/2
f 2023/43/2 2024/43/2 2030/43/2
f 2024/43/2 2025/43/2 2030/43/2
f 2030/43/2 2025/43/2 2031/43/2
f 2026/1/2 2027/1/2 2032/1/2
f 2032/1/2 2027/1/2 2033/1/2
f 2028/1/2 2029/1/2 2034/1/2
f 2034/1/2 2029/1/2 2035/1/2
f 2032/58/2 2033/58/2 2036/58/2
f 2036/58/2 2033/58/2 2037/58/2
f 2036/4/2 2037/4/2 2038/4/2
f 2038/4/2 2037/4/2 2039/4/2
f 2034/4/2 2035/4/2 2040/4/2
f 2040/4/2 2035/4/2 2041/4/2
f 2038/59/2 2039/59/2 2042/59/2
f 2042/59/2 2039/59/2 2043/59/2
f 2040/59/2 2041/59/2 2046/59/2
f 2046/59/2 2041/59/2 2047/59/2
f 2043/59/2 2044/59/2 2048/59/2
f 2045/59/2 2046/59/2 2049/59/2
f 2043/59/2 2048/59/2 2050/59/2
f 2048/59/2 2049/59/2 2050/59/2
f 2049/59/2 2046/59/2 2051/59/2
f 2050/59/2 2049/59/2 2051/59/2
f 2052/58/2 2053/58/2 2054/58/2
f 2054/58/2 2053/58/2 2055/58/2
f 2056/57/2 2057/57/2 2061/57/2
f 2061/57/2 2057/57/2 2062/57/2
f 2058/43/2 2059/43/2 2064/43/2
f 2064/43/2 2059/43/2 2065/43/2
f 2065/43/2 2059/43/2 2066/43/2
f 2066/43/2 2059/43/2 2067/43/2
f 2062/59/2 2063/59/2 2068/59/2
f 2060/59/2 2061/59/2 2068/59/2
f 2061/59/2 2062/59/2 2068/59/2
f 2068/59/2 2063/59/2 2069/59/2
f 2068/1/2 2069/1/2 2070/1/2
f 2070/1/2 2069/1/2 2071/1/2
f 2070/4/2 2071/4/2 2072/4/2
f 2072/4/2 2071/4/2 2073/4/2
f 2072/59/2 2073/59/2 2074/59/2
f 2074/59/2 2073/59/2 2075/59/2
f 2075/59/2 2073/59/2 2076/59/2
f 2076/59/2 2073/59/2 2077/59/2
f 2075/59/2 2076/59/2 2078/59/2
f 2078/59/2 2076/59/2 2079/59/2
f 2080/57/2 2081/57/2 2084/57/2
f 2084/57/2 2081/57/2 2085/57/2
f 2082/57/2 2083/57/2 2088/57/2
f 2088/57/2 2083/57/2 2089/57/2
f 2085/58/2 2086/58/2 2090/58/2
f 2090/58/2 2086/58/2 2091/58/2
f 2087/57/2 2088/57/2 2092/57/2
f 2090/57/2 2091/57/2 2093/57/2
f 2093/57/2 2091/57/2 2094/57/2
f 2092/57/2 2088/57/2 2097/57/2
f 2097/57/2 2088/57/2 2098/57/2
f 2095/57/2 2096/57/2 2099/57/2
f 2096/57/2 2097/57/2 2099/57/2
f 2094/57/2 2095/57/2 2099/57/2
f 2099/57/2 2097/57/2 2100/57/2
f 2101/58/2 2102/58/2 2104/58/2
f 2103/58/2 2104/58/2 2105/58/2
f 2104/58/2 2102/58/2 2106/58/2
f 2105/58/2 2104/58/2 2106/58/2
f 2107/57/2 2108/57/2 2111/57/2
f 2111/57/2 2108/57/2 2112/57/2
f 2109/57/2 2110/57/2 2115/57/2
f 2115/57/2 2110/57/2 2116/57/2
f 2113/57/2 2114/57/2 2117/57/2
f 2112/57/2 2113/57/2 2117/57/2
f 2114/58/2 2115/58/2 2118/58/2
f 2117/57/2 2114/57/2 2118/57/2
f 2118/58/2 2115/58/2 2119/58/2
f 2112/57/2 2117/57/2 2120/57/2
f 2117/58/2 2118/58/2 2121/58/2
f 2120/57/2 2117/57/2 2121/57/2
f 2118/57/2 2119/57/2 2122/57/2
f 2121/58/2 2118/58/2 2122/58/2
f 2122/57/2 2119/57/2 2123/57/2
f 2124/57/2 2125/57/2 2128/57/2
f 2125/58/2 2126/58/2 2129/58/2
f 2128/57/2 2125/57/2 2129/57/2
f 2126/57/2 2127/57/2 2130/57/2
f 2129/58/2 2126/58/2 2130/58/2
f 2130/57/2 2127/57/2 2131/57/2
f 2132/55/2 2133/55/2 2134/55/2
f 2134/55/2 2133/55/2 2135/55/2
f 2136/63/2 2137/63/2 2138/63/2
f 2138/63/2 2137/63/2 2139/63/2
f 2140/59/2 2141/59/2 2153/59/2
f 2141/37/2 2142/37/2 2154/37/2
f 2153/59/2 2141/59/2 2154/59/2
f 2142/42/2 2143/42/2 2155/42/2
f 2143/38/2 2144/38/2 2155/38/2
f 2144/59/2 2145/59/2 2156/59/2
f 2155/38/2 2144/38/2 2156/38/2
f 2147/59/2 2148/59/2 2157/59/2
f 2148/38/2 2149/38/2 2157/38/2
f 2149/37/2 2150/37/2 2158/37/2
f 2157/38/2 2149/38/2 2158/38/2
f 2154/37/2 2142/37/2 2159/37/2
f 2142/42/2 2155/42/2 2160/42/2
f 2159/37/2 2142/37/2 2160/37/2
f 2160/42/2 2155/42/2 2161/42/2
f 2156/59/2 2145/59/2 2162/59/2
f 2145/38/2 2146/38/2 2163/38/2
f 2162/59/2 2145/59/2 2163/59/2
f 2146/37/2 2147/37/2 2164/37/2
f 2163/38/2 2146/38/2 2164/38/2
f 2147/59/2 2157/59/2 2165/59/2
f 2164/37/2 2147/37/2 2165/37/2
f 2165/59/2 2157/59/2 2166/59/2
f 2158/37/2 2150/37/2 2167/37/2
f 2150/39/2 2151/39/2 2168/39/2
f 2167/37/2 2150/37/2 2168/37/2
f 2151/37/2 2152/37/2 2169/37/2
f 2168/39/2 2151/39/2 2169/39/2
f 2169/37/2 2152/37/2 2170/37/2
f 2171/58/2 2172/58/2 2174/58/2
f 2172/58/2 2173/58/2 2174/58/2
f 2174/58/2 2173/58/2 2175/58/2
f 2176/58/2 2177/58/2 2179/58/2
f 2177/58/2 2178/58/2 2179/58/2
f 2179/58/2 2178/58/2 2180/58/2
f 2179/20/2 2180/20/2 2181/20/2
f 2181/20/2 2180/20/2 2182/20/2
f 2183/24/2 2184/24/2 2185/24/2
f 2185/24/2 2184/24/2 2186/24/2
f 2187/7/2 2188/7/2 2191/7/2
f 2191/7/2 2188/7/2 2192/7/2
f 2189/7/2 2190/7/2 2193/7/2
f 2193/7/2 2190/7/2 2194/7/2
f 2191/55/2 2192/55/2 2195/55/2
f 2195/55/2 2192/55/2 2196/55/2
f 2193/55/2 2194/55/2 2197/55/2
f 2195/59/2 2196/59/2 2198/59/2
f 2198/59/2 2196/59/2 2199/59/2
f 2197/55/2 2194/55/2 2200/55/2
f 2198/55/2 2199/55/2 2201/55/2
f 2201/55/2 2199/55/2 2202/55/2
f 2200/55/2 2194/55/2 2203/55/2
f 2203/55/2 2194/55/2 2204/55/2
f 2205/7/2 2206/7/2 2207/7/2
f 2207/7/2 2206/7/2 2208/7/2
f 2208/7/2 2206/7/2 2209/7/2
f 2209/7/2 2206/7/2 2210/7/2
f 2207/55/2 2208/55/2 2211/55/2
f 2208/58/2 2209/58/2 2212/58/2
f 2211/55/2 2208/55/2 2212/55/2
f 2209/55/2 2210/55/2 2213/55/2
f 2212/58/2 2209/58/2 2213/58/2
f 2213/55/2 2210/55/2 2214/55/2
f 2211/58/2 2212/58/2 2215/58/2
f 2212/58/2 2213/58/2 2215/58/2
f 2213/58/2 2214/58/2 2215/58/2
f 2215/58/2 2214/58/2 2216/58/2
f 2215/55/2 2216/55/2 2217/55/2
f 2217/55/2 2216/55/2 2218/55/2
f 2219/31/2 2220/31/2 2221/31/2
f 2221/31/2 2220/31/2 2222/31/2
f 2223/63/2 2224/63/2 2225/63/2
f 2225/63/2 2224/63/2 2226/63/2
f 2227/57/2 2228/57/2 2229/57/2
f 2229/57/2 2228/57/2 2230/57/2
f 2229/58/2 2230/58/2 2231/58/2
f 2231/58/2 2230/58/2 2232/58/2
f 2233/20/2 2234/20/2 2237/20/2
f 2237/20/2 2234/20/2 2238/20/2
f 2235/50/2 2236/50/2 2239/50/2
f 2239/50/2 2236/50/2 2240/50/2
f 2237/19/2 2238/19/2 2241/19/2
f 2241/19/2 2238/19/2 2242/19/2
f 2243/40/2 2244/40/2 2245/40/2
f 2245/40/2 2244/40/2 2246/40/2
f 2247/51/2 2248/51/2 2249/51/2
f 2249/51/2 2248/51/2 2250/51/2
f 2251/19/2 2252/19/2 2253/19/2
f 2253/19/2 2252/19/2 2254/19/2
f 2253/8/2 2254/8/2 2255/8/2
f 2254/19/2 2252/19/2 2256/19/2
f 2255/8/2 2254/8/2 2256/8/2
f 2255/19/2 2256/19/2 2258/19/2
f 2256/19/2 2252/19/2 2259/19/2
f 2258/19/2 2256/19/2 2259/19/2
f 2257/19/2 2258/19/2 2261/19/2
f 2259/19/2 2260/19/2 2261/19/2
f 2258/19/2 2259/19/2 2261/19/2
f 2261/19/2 2260/19/2 2262/19/2
f 2263/20/2 2264/20/2 2267/20/2
f 2267/20/2 2264/20/2 2268/20/2
f 2265/20/2 2266/20/2 2269/20/2
f 2269/20/2 2266/20/2 2270/20/2
f 2271/19/2 2272/19/2 2273/19/2
f 2273/19/2 2272/19/2 2274/19/2
f 2275/20/2 2276/20/2 2277/20/2
f 2277/20/2 2276/20/2 2278/20/2
f 2279/19/2 2280/19/2 2281/19/2
f 2281/19/2 2280/19/2 2282/19/2
f 2283/19/2 2284/19/2 2286/19/2
f 2284/20/2 2285/20/2 2287/20/2
f 2286/19/2 2284/19/2 2287/19/2
f 2287/20/2 2285/20/2 2288/20/2
f 2286/20/2 2287/20/2 2289/20/2
f 2289/20/2 2287/20/2 2290/20/2
f 2290/20/2 2287/20/2 2291/20/2
f 2291/20/2 2287/20/2 2292/20/2
f 2292/20/2 2287/20/2 2293/20/2
f 2293/20/2 2287/20/2 2294/20/2
f 2294/20/2 2287/20/2 2295/20/2
f 2295/20/2 2287/20/2 2296/20/2
f 2287/19/2 2288/19/2 2297/19/2
f 2296/20/2 2287/20/2 2297/20/2
f 2297/19/2 2288/19/2 2298/19/2
f 2299/40/2 2300/40/2 2301/40/2
f 2301/40/2 2300/40/2 2302/40/2
f 2301/58/2 2302/58/2 2303/58/2
f 2303/58/2 2302/58/2 2304/58/2
f 2303/57/2 2304/57/2 2305/57/2
f 2305/57/2 2304/57/2 2306/57/2
f 2305/58/2 2306/58/2 2308/58/2
f 2306/58/2 2307/58/2 2308/58/2
f 2308/58/2 2307/58/2 2309/58/2
f 2309/58/2 2307/58/2 2310/58/2
f 2308/59/2 2309/59/2 2311/59/2
f 2309/58/2 2310/58/2 2312/58/2
f 2311/59/2 2309/59/2 2312/59/2
f 2311/58/2 2312/58/2 2313/58/2
f 2312/58/2 2310/58/2 2313/58/2
f 2311/58/2 2313/58/2 2315/58/2
f 2313/58/2 2314/58/2 2315/58/2
f 2315/58/2 2314/58/2 2316/58/2
f 2317/19/2 2318/19/2 2327/19/2
f 2318/44/2 2319/44/2 2328/44/2
f 2327/19/2 2318/19/2 2328/19/2
f 2319/19/2 2320/19/2 2329/19/2
f 2328/44/2 2319/44/2 2329/44/2
f 2329/19/2 2320/19/2 2330/19/2
f 2320/44/2 2321/44/2 2331/44/2
f 2330/19/2 2320/19/2 2331/19/2
f 2321/19/2 2322/19/2 2332/19/2
f 2331/44/2 2321/44/2 2332/44/2
f 2322/44/2 2323/44/2 2333/44/2
f 2332/19/2 2322/19/2 2333/19/2
f 2333/44/2 2323/44/2 2334/44/2
f 2323/20/2 2324/20/2 2335/20/2
f 2334/44/2 2323/44/2 2335/44/2
f 2324/44/2 2325/44/2 2336/44/2
f 2335/20/2 2324/20/2 2336/20/2
f 2325/20/2 2326/20/2 2337/20/2
f 2336/44/2 2325/44/2 2337/44/2
f 2337/20/2 2326/20/2 2338/20/2
f 2327/19/2 2328/19/2 2339/19/2
f 2328/19/2 2329/19/2 2339/19/2
f 2329/44/2 2330/44/2 2340/44/2
f 2339/19/2 2329/19/2 2340/19/2
f 2330/20/2 2331/20/2 2341/20/2
f 2340/44/2 2330/44/2 2341/44/2
f 2331/20/2 2332/20/2 2341/20/2
f 2332/20/2 2333/20/2 2341/20/2
f 2341/20/2 2333/20/2 2342/20/2
f 2333/44/2 2334/44/2 2343/44/2
f 2342/20/2 2333/20/2 2343/20/2
f 2335/20/2 2336/20/2 2344/20/2
f 2343/44/2 2334/44/2 2344/44/2
f 2336/20/2 2337/20/2 2344/20/2
f 2334/20/2 2335/20/2 2344/20/2
f 2337/19/2 2338/19/2 2345/19/2
f 2344/20/2 2337/20/2 2345/20/2
f 2345/19/2 2338/19/2 2346/19/2
f 2339/20/2 2340/20/2 2347/20/2
f 2347/20/2 2340/20/2 2348/20/2
f 2348/20/2 2340/20/2 2349/20/2
f 2340/44/2 2341/44/2 2350/44/2
f 2349/20/2 2340/20/2 2350/20/2
f 2341/44/2 2342/44/2 2350/44/2
f 2350/44/2 2342/44/2 2351/44/2
f 2342/20/2 2343/20/2 2352/20/2
f 2351/44/2 2342/44/2 2352/44/2
f 2352/20/2 2343/20/2 2353/20/2
f 2343/47/2 2344/47/2 2354/47/2
f 2353/20/2 2343/20/2 2354/20/2
f 2344/20/2 2345/20/2 2355/20/2
f 2354/47/2 2344/47/2 2355/47/2
f 2345/20/2 2346/20/2 2355/20/2
f 2355/20/2 2346/20/2 2356/20/2
f 2356/20/2 2346/20/2 2357/20/2
f 2358/41/2 2359/41/2 2360/41/2
f 2360/41/2 2359/41/2 2361/41/2
f 2360/60/2 2361/60/2 2362/60/2
f 2360/60/2 2362/60/2 2363/60/2
f 2363/60/2 2362/60/2 2364/60/2
f 2365/60/2 2366/60/2 2367/60/2
f 2367/60/2 2366/60/2 2368/60/2
f 2369/19/2 2370/19/2 2371/19/2
f 2371/19/2 2370/19/2 2372/19/2
f 2373/20/2 2374/20/2 2382/20/2
f 2374/19/2 2375/19/2 2383/19/2
f 2382/20/2 2374/20/2 2383/20/2
f 2383/19/2 2375/19/2 2384/19/2
f 2375/44/2 2376/44/2 2385/44/2
f 2384/19/2 2375/19/2 2385/19/2
f 2376/19/2 2377/19/2 2386/19/2
f 2385/44/2 2376/44/2 2386/44/2
f 2377/44/2 2378/44/2 2387/44/2
f 2386/19/2 2377/19/2 2387/19/2
f 2380/19/2 2381/19/2 2388/19/2
f 2379/47/2 2380/47/2 2388/47/2
f 2388/19/2 2381/19/2 2389/19/2
f 2389/19/2 2381/19/2 2390/19/2
f 2383/20/2 2384/20/2 2391/20/2
f 2382/19/2 2383/19/2 2391/19/2
f 2384/44/2 2385/44/2 2392/44/2
f 2391/20/2 2384/20/2 2392/20/2
f 2385/44/2 2386/44/2 2392/44/2
f 2386/44/2 2387/44/2 2392/44/2
f 2392/44/2 2387/44/2 2393/44/2
f 2393/44/2 2387/44/2 2394/44/2
f 2387/44/2 2378/44/2 2395/44/2
f 2394/44/2 2387/44/2 2395/44/2
f 2378/19/2 2379/19/2 2396/19/2
f 2395/44/2 2378/44/2 2396/44/2
f 2388/47/2 2389/47/2 2397/47/2
f 2396/19/2 2379/19/2 2397/19/2
f 2379/47/2 2388/47/2 2397/47/2
f 2397/47/2 2389/47/2 2398/47/2
f 2389/19/2 2390/19/2 2399/19/2
f 2398/47/2 2389/47/2 2399/47/2
f 2393/44/2 2394/44/2 2400/44/2
f 2392/19/2 2393/19/2 2400/19/2
f 2391/19/2 2392/19/2 2400/19/2
f 2394/19/2 2395/19/2 2401/19/2
f 2400/44/2 2394/44/2 2401/44/2
f 2395/44/2 2396/44/2 2402/44/2
f 2401/19/2 2395/19/2 2402/19/2
f 2402/44/2 2396/44/2 2403/44/2
f 2396/20/2 2397/20/2 2404/20/2
f 2403/44/2 2396/44/2 2404/44/2
f 2397/47/2 2398/47/2 2405/47/2
f 2398/19/2 2399/19/2 2406/19/2
f 2405/47/2 2398/47/2 2406/47/2
f 2382/19/2 2391/19/2 2407/19/2
f 2400/19/2 2401/19/2 2407/19/2
f 2391/19/2 2400/19/2 2407/19/2
f 2402/44/2 2403/44/2 2408/44/2
f 2407/19/2 2401/19/2 2408/19/2
f 2401/44/2 2402/44/2 2408/44/2
f 2403/20/2 2404/20/2 2409/20/2
f 2408/44/2 2403/44/2 2409/44/2
f 2404/20/2 2397/20/2 2410/20/2
f 2409/20/2 2404/20/2 2410/20/2
f 2397/47/2 2405/47/2 2411/47/2
f 2410/20/2 2397/20/2 2411/20/2
f 2405/19/2 2406/19/2 2412/19/2
f 2411/47/2 2405/47/2 2412/47/2
f 2399/19/2 2390/19/2 2413/19/2
f 2412/19/2 2406/19/2 2413/19/2
f 2406/19/2 2399/19/2 2413/19/2
f 2411/19/2 2412/19/2 2414/19/2
f 2410/19/2 2411/19/2 2414/19/2
f 2412/20/2 2413/20/2 2414/20/2
f 2413/19/2 2390/19/2 2415/19/2
f 2414/20/2 2413/20/2 2415/20/2
f 2415/19/2 2390/19/2 2416/19/2
f 2408/19/2 2409/19/2 2417/19/2
f 2407/19/2 2408/19/2 2417/19/2
f 2417/19/2 2409/19/2 2418/19/2
f 2409/20/2 2410/20/2 2419/20/2
f 2418/19/2 2409/19/2 2419/19/2
f 2410/19/2 2414/19/2 2420/19/2
f 2419/20/2 2410/20/2 2420/20/2
f 2414/19/2 2415/19/2 2420/19/2
f 2420/19/2 2415/19/2 2421/19/2
f 2421/19/2 2415/19/2 2422/19/2
f 2415/20/2 2416/20/2 2423/20/2
f 2422/19/2 2415/19/2 2423/19/2
f 2416/19/2 2390/19/2 2424/19/2
f 2423/20/2 2416/20/2 2424/20/2
f 2424/19/2 2390/19/2 2425/19/2
f 2418/20/2 2419/20/2 2426/20/2
f 2426/20/2 2419/20/2 2427/20/2
f 2426/19/2 2427/19/2 2428/19/2
f 2428/19/2 2427/19/2 2429/19/2
f 2421/19/2 2422/19/2 2430/19/2
f 2430/19/2 2422/19/2 2431/19/2
f 2429/19/2 2430/19/2 2432/19/2
f 2432/19/2 2430/19/2 2433/19/2
f 2434/58/2 2435/58/2 2436/58/2
f 2436/58/2 2435/58/2 2437/58/2
f 2436/59/2 2437/59/2 2438/59/2
f 2438/59/2 2437/59/2 2439/59/2
f 2438/58/2 2439/58/2 2440/58/2
f 2440/58/2 2439/58/2 2441/58/2
f 2440/57/2 2441/57/2 2442/57/2
f 2442/57/2 2441/57/2 2443/57/2
f 2443/57/2 2441/57/2 2444/57/2
f 2445/17/2 2446/17/2 2447/17/2
f 2447/17/2 2446/17/2 2448/17/2
f 2449/41/2 2450/41/2 2451/41/2
f 2451/41/2 2450/41/2 2452/41/2
f 2451/41/2 2452/41/2 2453/41/2
f 2453/41/2 2452/41/2 2454/41/2
f 2453/60/2 2454/60/2 2455/60/2
f 2455/60/2 2454/60/2 2456/60/2
f 2457/19/2 2458/19/2 2459/19/2
f 2459/19/2 2458/19/2 2460/19/2
f 2461/24/2 2462/24/2 2463/24/2
f 2463/24/2 2462/24/2 2464/24/2
f 2465/40/2 2466/40/2 2469/40/2
f 2467/40/2 2468/40/2 2470/40/2
f 2470/40/2 2468/40/2 2471/40/2
f 2465/40/2 2469/40/2 2472/40/2
f 2472/40/2 2469/40/2 2473/40/2
f 2472/59/2 2473/59/2 2474/59/2
f 2470/60/2 2471/60/2 2475/60/2
f 2475/60/2 2471/60/2 2476/60/2
f 2472/59/2 2474/59/2 2477/59/2
f 2477/59/2 2474/59/2 2478/59/2
f 2477/58/2 2478/58/2 2479/58/2
f 2479/58/2 2478/58/2 2480/58/2
f 2475/58/2 2476/58/2 2481/58/2
f 2481/58/2 2476/58/2 2482/58/2
f 2483/19/2 2484/19/2 2485/19/2
f 2485/19/2 2484/19/2 2486/19/2
f 2485/58/2 2486/58/2 2487/58/2
f 2486/19/2 2484/19/2 2488/19/2
f 2487/58/2 2486/58/2 2488/58/2
f 2487/62/2 2488/62/2 2489/62/2
f 2488/19/2 2484/19/2 2490/19/2
f 2489/62/2 2488/62/2 2490/62/2
f 2489/19/2 2490/19/2 2491/19/2
f 2490/19/2 2484/19/2 2492/19/2
f 2491/19/2 2490/19/2 2492/19/2
f 2493/41/2 2494/41/2 2496/41/2
f 2496/41/2 2494/41/2 2497/41/2
f 2494/40/2 2495/40/2 2498/40/2
f 2497/41/2 2494/41/2 2498/41/2
f 2498/40/2 2495/40/2 2499/40/2
f 2496/59/2 2497/59/2 2500/59/2
f 2497/41/2 2498/41/2 2500/41/2
f 2498/60/2 2499/60/2 2501/60/2
f 2500/41/2 2498/41/2 2501/41/2
f 2496/59/2 2500/59/2 2502/59/2
f 2500/60/2 2501/60/2 2503/60/2
f 2502/59/2 2500/59/2 2503/59/2
f 2501/60/2 2499/60/2 2504/60/2
f 2503/60/2 2501/60/2 2504/60/2
f 2504/60/2 2499/60/2 2505/60/2
f 2502/58/2 2503/58/2 2506/58/2
f 2503/60/2 2504/60/2 2506/60/2
f 2504/58/2 2505/58/2 2507/58/2
f 2506/60/2 2504/60/2 2507/60/2
f 2502/58/2 2506/58/2 2508/58/2
f 2506/58/2 2507/58/2 2508/58/2
f 2507/58/2 2505/58/2 2509/58/2
f 2508/58/2 2507/58/2 2509/58/2
f 2511/58/2 2512/58/2 2516/58/2
f 2512/57/2 2513/57/2 2517/57/2
f 2516/58/2 2512/58/2 2517/58/2
f 2510/57/2 2511/57/2 2518/57/2
f 2511/58/2 2516/58/2 2519/58/2
f 2518/57/2 2511/57/2 2519/57/2
f 2519/58/2 2516/58/2 2520/58/2
f 2517/57/2 2513/57/2 2521/57/2
f 2513/58/2 2514/58/2 2522/58/2
f 2521/57/2 2513/57/2 2522/57/2
f 2514/57/2 2515/57/2 2523/57/2
f 2522/58/2 2514/58/2 2523/58/2
f 2523/57/2 2515/57/2 2524/57/2
f 2525/57/2 2526/57/2 2527/57/2
f 2527/57/2 2526/57/2 2528/57/2
f 2529/57/2 2530/57/2 2532/57/2
f 2530/57/2 2531/57/2 2532/57/2
f 2532/57/2 2531/57/2 2533/57/2
f 2532/58/2 2533/58/2 2534/58/2
f 2534/58/2 2533/58/2 2535/58/2
f 2536/19/2 2537/19/2 2538/19/2
f 2538/19/2 2537/19/2 2539/19/2
f 2540/65/2 2541/65/2 2542/65/2
f 2542/65/2 2541/65/2 2543/65/2
f 2542/25/2 2543/25/2 2544/25/2
f 2544/25/2 2543/25/2 2545/25/2
f 2545/25/2 2543/25/2 2546/25/2
f 2547/64/2 2548/64/2 2549/64/2
f 2549/64/2 2548/64/2 2550/64/2
f 2549/33/2 2550/33/2 2551/33/2
f 2551/33/2 2550/33/2 2552/33/2
f 2553/65/2 2554/65/2 2555/65/2
f 2555/65/2 2554/65/2 2556/65/2
f 2555/25/2 2556/25/2 2557/25/2
f 2557/25/2 2556/25/2 2558/25/2
f 2557/65/2 2558/65/2 2559/65/2
f 2559/65/2 2558/65/2 2560/65/2
f 2561/59/2 2562/59/2 2563/59/2
f 2563/59/2 2562/59/2 2564/59/2
f 2567/64/2 2568/64/2 2569/64/2
f 2569/64/2 2568/64/2 2570/64/2
f 2569/33/2 2570/33/2 2571/33/2
f 2571/33/2 2570/33/2 2572/33/2
f 2565/46/2 2566/46/2 2573/46/2
f 2573/46/2 2566/46/2 2574/46/2
f 2571/64/2 2572/64/2 2575/64/2
f 2575/64/2 2572/64/2 2576/64/2
f 2577/41/2 2578/41/2 2582/41/2
f 2578/41/2 2579/41/2 2582/41/2
f 2582/41/2 2579/41/2 2583/41/2
f 2583/41/2 2579/41/2 2584/41/2
f 2580/41/2 2581/41/2 2585/41/2
f 2585/41/2 2581/41/2 2586/41/2
f 2586/41/2 2581/41/2 2587/41/2
f 2585/19/2 2586/19/2 2588/19/2
f 2588/19/2 2586/19/2 2589/19/2
f 2583/20/2 2584/20/2 2590/20/2
f 2590/20/2 2584/20/2 2591/20/2
f 2588/20/2 2589/20/2 2592/20/2
f 2589/19/2 2586/19/2 2593/19/2
f 2592/20/2 2589/20/2 2593/20/2
f 2593/19/2 2586/19/2 2594/19/2
f 2591/20/2 2584/20/2 2595/20/2
f 2590/19/2 2591/19/2 2595/19/2
f 2595/20/2 2584/20/2 2596/20/2
f 2593/20/2 2594/20/2 2597/20/2
f 2592/19/2 2593/19/2 2597/19/2
f 2594/19/2 2586/19/2 2598/19/2
f 2597/20/2 2594/20/2 2598/20/2
f 2598/19/2 2586/19/2 2599/19/2
f 2595/19/2 2596/19/2 2600/19/2
f 2590/19/2 2595/19/2 2600/19/2
f 2600/19/2 2596/19/2 2601/19/2
f 2598/20/2 2599/20/2 2602/20/2
f 2597/19/2 2598/19/2 2602/19/2
f 2602/20/2 2599/20/2 2603/20/2
f 2600/20/2 2601/20/2 2604/20/2
f 2604/20/2 2601/20/2 2605/20/2
f 2592/19/2 2597/19/2 2606/19/2
f 2597/19/2 2602/19/2 2606/19/2
f 2602/19/2 2603/19/2 2606/19/2
f 2606/19/2 2603/19/2 2607/19/2
f 2592/19/2 2606/19/2 2608/19/2
f 2606/20/2 2607/20/2 2609/20/2
f 2608/19/2 2606/19/2 2609/19/2
f 2609/20/2 2607/20/2 2610/20/2
f 2608/20/2 2609/20/2 2611/20/2
f 2609/19/2 2610/19/2 2612/19/2
f 2611/20/2 2609/20/2 2612/20/2
f 2612/19/2 2610/19/2 2613/19/2
f 2604/19/2 2605/19/2 2614/19/2
f 2611/19/2 2612/19/2 2618/19/2
f 2612/20/2 2613/20/2 2619/20/2
f 2618/19/2 2612/19/2 2619/19/2
f 2613/19/2 2610/19/2 2620/19/2
f 2619/20/2 2613/20/2 2620/20/2
f 2620/19/2 2610/19/2 2621/19/2
f 2614/20/2 2615/20/2 2622/20/2
f 2615/19/2 2616/19/2 2623/19/2
f 2622/20/2 2615/20/2 2623/20/2
f 2623/19/2 2616/19/2 2624/19/2
f 2616/20/2 2617/20/2 2625/20/2
f 2618/19/2 2619/19/2 2626/19/2
f 2625/20/2 2617/20/2 2626/20/2
f 2617/19/2 2618/19/2 2626/19/2
f 2619/19/2 2620/19/2 2626/19/2
f 2620/20/2 2621/20/2 2627/20/2
f 2626/19/2 2620/19/2 2627/19/2
f 2627/20/2 2621/20/2 2628/20/2
f 2604/19/2 2614/19/2 2629/19/2
f 2614/20/2 2622/20/2 2630/20/2
f 2629/19/2 2614/19/2 2630/19/2
f 2622/19/2 2623/19/2 2631/19/2
f 2630/20/2 2622/20/2 2631/20/2
f 2623/20/2 2624/20/2 2632/20/2
f 2631/19/2 2623/19/2 2632/19/2
f 2624/19/2 2616/19/2 2633/19/2
f 2632/20/2 2624/20/2 2633/20/2
f 2616/20/2 2625/20/2 2634/20/2
f 2633/19/2 2616/19/2 2634/19/2
f 2625/19/2 2626/19/2 2635/19/2
f 2634/20/2 2625/20/2 2635/20/2
f 2626/19/2 2627/19/2 2635/19/2
f 2627/19/2 2628/19/2 2635/19/2
f 2635/19/2 2628/19/2 2636/19/2
f 2632/20/2 2633/20/2 2637/20/2
f 2631/20/2 2632/20/2 2637/20/2
f 2635/20/2 2636/20/2 2637/20/2
f 2634/20/2 2635/20/2 2637/20/2
f 2633/20/2 2634/20/2 2637/20/2
f 2629/20/2 2630/20/2 2637/20/2
f 2630/20/2 2631/20/2 2637/20/2
f 2637/20/2 2636/20/2 2638/20/2
f 2638/20/2 2636/20/2 2639/20/2
f 2639/20/2 2636/20/2 2640/20/2
f 2640/20/2 2636/20/2 2641/20/2
f 2641/20/2 2636/20/2 2642/20/2
f 2638/19/2 2639/19/2 2643/19/2
f 2643/19/2 2639/19/2 2644/19/2
f 2640/19/2 2641/19/2 2645/19/2
f 2645/19/2 2641/19/2 2646/19/2
f 2644/19/2 2645/19/2 2647/19/2
f 2647/19/2 2645/19/2 2648/19/2
f 2649/58/2 2650/58/2 2651/58/2
f 2651/58/2 2650/58/2 2652/58/2
f 2649/58/2 2651/58/2 2653/58/2
f 2651/41/2 2652/41/2 2654/41/2
f 2654/41/2 2652/41/2 2655/41/2
f 2651/41/2 2654/41/2 2656/41/2
f 2654/40/2 2655/40/2 2656/40/2
f 2656/40/2 2655/40/2 2657/40/2
f 2657/40/2 2655/40/2 2658/40/2
f 2653/58/2 2651/58/2 2659/58/2
f 2651/41/2 2656/41/2 2660/41/2
f 2656/58/2 2657/58/2 2660/58/2
f 2657/3/2 2658/3/2 2661/3/2
f 2660/58/2 2657/58/2 2661/58/2
f 2661/3/2 2658/3/2 2662/3/2
f 2659/58/2 2651/58/2 2663/58/2
f 2651/41/2 2660/41/2 2664/41/2
f 2663/58/2 2651/58/2 2664/58/2
f 2660/41/2 2661/41/2 2664/41/2
f 2661/41/2 2662/41/2 2664/41/2
f 2664/41/2 2662/41/2 2665/41/2
f 2666/58/2 2667/58/2 2668/58/2
f 2668/58/2 2667/58/2 2669/58/2
f 2670/46/2 2671/46/2 2674/46/2
f 2674/46/2 2671/46/2 2675/46/2
f 2675/46/2 2671/46/2 2676/46/2
f 2672/11/2 2673/11/2 2677/11/2
f 2677/11/2 2673/11/2 2678/11/2
f 2675/64/2 2676/64/2 2679/64/2
f 2679/64/2 2676/64/2 2680/64/2
f 2681/19/2 2682/19/2 2683/19/2
f 2683/19/2 2682/19/2 2684/19/2
f 2684/19/2 2682/19/2 2685/19/2
f 2685/19/2 2682/19/2 2686/19/2
f 2687/52/2 2688/52/2 2691/52/2
f 2691/52/2 2688/52/2 2692/52/2
f 2689/54/2 2690/54/2 2693/54/2
f 2693/54/2 2690/54/2 2694/54/2
f 2691/1/2 2692/1/2 2695/1/2
f 2695/1/2 2692/1/2 2696/1/2
f 2696/1/2 2692/1/2 2697/1/2
f 2697/1/2 2692/1/2 2698/1/2
f 2698/1/2 2692/1/2 2699/1/2
f 2693/55/2 2694/55/2 2700/55/2
f 2700/55/2 2694/55/2 2701/55/2
f 2702/64/2 2703/64/2 2705/64/2
f 2705/64/2 2703/64/2 2706/64/2
f 2706/64/2 2703/64/2 2707/64/2
f 2704/57/2 2705/57/2 2708/57/2
f 2705/57/2 2706/57/2 2708/57/2
f 2708/57/2 2706/57/2 2709/57/2
f 2710/22/2 2711/22/2 2714/22/2
f 2714/22/2 2711/22/2 2715/22/2
f 2712/11/2 2713/11/2 2716/11/2
f 2716/11/2 2713/11/2 2717/11/2
f 2716/46/2 2717/46/2 2718/46/2
f 2718/46/2 2717/46/2 2719/46/2
f 2720/48/2 2721/48/2 2724/48/2
f 2722/48/2 2723/48/2 2725/48/2
f 2720/48/2 2724/48/2 2726/48/2
f 2725/48/2 2723/48/2 2727/48/2
f 2720/48/2 2726/48/2 2728/48/2
f 2727/48/2 2723/48/2 2729/48/2
f 2720/48/2 2728/48/2 2730/48/2
f 2728/48/2 2729/48/2 2730/48/2
f 2729/48/2 2723/48/2 2731/48/2
f 2730/48/2 2729/48/2 2731/48/2
f 2732/52/2 2733/52/2 2736/52/2
f 2736/52/2 2733/52/2 2737/52/2
f 2734/54/2 2735/54/2 2738/54/2
f 2738/54/2 2735/54/2 2739/54/2
f 2736/1/2 2737/1/2 2740/1/2
f 2740/1/2 2737/1/2 2741/1/2
f 2740/64/2 2741/64/2 2742/64/2
f 2741/1/2 2737/1/2 2743/1/2
f 2742/64/2 2741/64/2 2743/64/2
f 2742/1/2 2743/1/2 2744/1/2
f 2743/1/2 2737/1/2 2745/1/2
f 2744/1/2 2743/1/2 2745/1/2
f 2738/55/2 2739/55/2 2746/55/2
f 2746/55/2 2739/55/2 2747/55/2
f 2744/46/2 2745/46/2 2748/46/2
f 2748/46/2 2745/46/2 2749/46/2
f 2746/52/2 2747/52/2 2750/52/2
f 2750/52/2 2747/52/2 2751/52/2
f 2752/22/2 2753/22/2 2754/22/2
f 2754/22/2 2753/22/2 2755/22/2
f 2754/52/2 2755/52/2 2756/52/2
f 2756/52/2 2755/52/2 2757/52/2
f 2758/19/2 2759/19/2 2760/19/2
f 2760/19/2 2759/19/2 2761/19/2
f 2761/19/2 2759/19/2 2762/19/2
f 2762/19/2 2759/19/2 2763/19/2
f 2761/19/2 2762/19/2 2764/19/2
f 2764/19/2 2762/19/2 2765/19/2
f 2763/19/2 2759/19/2 2766/19/2
f 2766/19/2 2759/19/2 2767/19/2
f 2768/58/2 2769/58/2 2770/58/2
f 2770/58/2 2769/58/2 2771/58/2
f 2772/20/2 2773/20/2 2776/20/2
f 2776/20/2 2773/20/2 2777/20/2
f 2774/20/2 2775/20/2 2778/20/2
f 2778/20/2 2775/20/2 2779/20/2
f 2776/19/2 2777/19/2 2781/19/2
f 2779/19/2 2780/19/2 2781/19/2
f 2778/19/2 2779/19/2 2781/19/2
f 2777/19/2 2778/19/2 2781/19/2
f 2781/19/2 2780/19/2 2782/19/2
f 2782/19/2 2780/19/2 2783/19/2
f 2784/54/2 2785/54/2 2788/54/2
f 2786/54/2 2787/54/2 2789/54/2
f 2784/54/2 2788/54/2 2790/54/2
f 2788/54/2 2789/54/2 2790/54/2
f 2790/54/2 2789/54/2 2791/54/2
f 2791/54/2 2789/54/2 2792/54/2
f 2789/54/2 2787/54/2 2793/54/2
f 2792/54/2 2789/54/2 2793/54/2
f 2794/59/2 2795/59/2 2796/59/2
f 2796/59/2 2795/59/2 2797/59/2
f 2796/65/2 2797/65/2 2798/65/2
f 2798/65/2 2797/65/2 2799/65/2
f 2798/59/2 2799/59/2 2800/59/2
f 2800/59/2 2799/59/2 2801/59/2
f 2802/55/2 2803/55/2 2804/55/2
f 2804/55/2 2803/55/2 2805/55/2
f 2806/58/2 2807/58/2 2808/58/2
f 2808/58/2 2807/58/2 2809/58/2
f 2810/64/2 2811/64/2 2812/64/2
f 2812/64/2 2811/64/2 2813/64/2
f 2813/64/2 2811/64/2 2814/64/2
f 2814/64/2 2811/64/2 2815/64/2
f 2815/64/2 2811/64/2 2816/64/2
f 2816/64/2 2811/64/2 2817/64/2
f 2820/20/2 2821/20/2 2823/20/2
f 2818/20/2 2819/20/2 2824/20/2
f 2824/20/2 2819/20/2 2825/20/2
f 2822/20/2 2823/20/2 2826/20/2
f 2823/20/2 2821/20/2 2827/20/2
f 2826/20/2 2823/20/2 2827/20/2
f 2822/20/2 2826/20/2 2830/20/2
f 2830/20/2 2826/20/2 2831/20/2
f 2818/20/2 2824/20/2 2832/20/2
f 2828/20/2 2829/20/2 2835/20/2
f 2835/20/2 2829/20/2 2836/20/2
f 2832/20/2 2833/20/2 2838/20/2
f 2836/20/2 2837/20/2 2840/20/2
f 2834/20/2 2835/20/2 2840/20/2
f 2835/20/2 2836/20/2 2840/20/2
f 2840/20/2 2837/20/2 2841/20/2
f 2841/20/2 2837/20/2 2842/20/2
f 2842/20/2 2837/20/2 2843/20/2
f 2838/20/2 2839/20/2 2844/20/2
f 2838/20/2 2844/20/2 2850/20/2
f 2818/20/2 2832/20/2 2850/20/2
f 2832/20/2 2838/20/2 2850/20/2
f 2850/20/2 2844/20/2 2851/20/2
f 2845/20/2 2846/20/2 2852/20/2
f 2852/20/2 2846/20/2 2853/20/2
f 2847/20/2 2848/20/2 2855/20/2
f 2855/20/2 2848/20/2 2856/20/2
f 2856/20/2 2848/20/2 2857/20/2
f 2850/20/2 2851/20/2 2859/20/2
f 2853/20/2 2854/20/2 2859/20/2
f 2849/20/2 2850/20/2 2859/20/2
f 2852/20/2 2853/20/2 2859/20/2
f 2851/20/2 2852/20/2 2859/20/2
f 2856/20/2 2857/20/2 2861/20/2
f 2857/20/2 2858/20/2 2861/20/2
f 2859/20/2 2860/20/2 2862/20/2
f 2860/20/2 2861/20/2 2862/20/2
f 2849/20/2 2859/20/2 2862/20/2
f 2861/20/2 2858/20/2 2863/20/2
f 2862/20/2 2861/20/2 2863/20/2
f 2864/58/2 2865/58/2 2866/58/2
f 2866/58/2 2865/58/2 2867/58/2
f 2868/58/2 2869/58/2 2870/58/2
f 2870/58/2 2869/58/2 2871/58/2
f 2872/58/2 2873/58/2 2874/58/2
f 2874/58/2 2873/58/2 2875/58/2
f 2876/58/2 2877/58/2 2878/58/2
f 2878/58/2 2877/58/2 2879/58/2
f 2880/58/2 2881/58/2 2882/58/2
f 2882/58/2 2881/58/2 2883/58/2
f 2884/2/2 2885/2/2 2886/2/2
f 2886/2/2 2885/2/2 2887/2/2
f 2888/13/2 2889/13/2 2890/13/2
f 2890/13/2 2889/13/2 2891/13/2
f 2890/30/2 2891/30/2 2892/30/2
f 2892/30/2 2891/30/2 2893/30/2
f 2894/4/2 2895/4/2 2896/4/2
f 2896/4/2 2895/4/2 2897/4/2
f 2902/20/2 2903/20/2 2910/20/2
f 2903/18/2 2904/18/2 2911/18/2
f 2910/20/2 2903/20/2 2911/20/2
f 2904/20/2 2905/20/2 2912/20/2
f 2911/18/2 2904/18/2 2912/18/2
f 2912/20/2 2905/20/2 2913/20/2
f 2899/20/2 2900/20/2 2914/20/2
f 2914/20/2 2900/20/2 2915/20/2
f 2902/20/2 2910/20/2 2916/20/2
f 2916/20/2 2910/20/2 2917/20/2
f 2913/20/2 2905/20/2 2918/20/2
f 2905/18/2 2906/18/2 2918/18/2
f 2906/20/2 2907/20/2 2919/20/2
f 2918/18/2 2906/18/2 2919/18/2
f 2907/18/2 2908/18/2 2920/18/2
f 2919/20/2 2907/20/2 2920/20/2
f 2898/18/2 2899/18/2 2921/18/2
f 2899/20/2 2914/20/2 2922/20/2
f 2921/18/2 2899/18/2 2922/18/2
f 2922/20/2 2914/20/2 2923/20/2
f 2915/20/2 2900/20/2 2924/20/2
f 2924/20/2 2900/20/2 2925/20/2
f 2901/18/2 2902/18/2 2926/18/2
f 2902/20/2 2916/20/2 2927/20/2
f 2926/18/2 2902/18/2 2927/18/2
f 2927/20/2 2916/20/2 2928/20/2
f 2911/18/2 2912/18/2 2929/18/2
f 2929/18/2 2912/18/2 2930/18/2
f 2913/20/2 2918/20/2 2931/20/2
f 2931/20/2 2918/20/2 2932/20/2
f 2920/18/2 2908/18/2 2933/18/2
f 2908/20/2 2909/20/2 2934/20/2
f 2933/18/2 2908/18/2 2934/18/2
f 2934/20/2 2909/20/2 2935/20/2
f 2936/64/2 2937/64/2 2938/64/2
f 2938/64/2 2937/64/2 2939/64/2
f 2938/59/2 2939/59/2 2940/59/2
f 2939/64/2 2937/64/2 2941/64/2
f 2940/59/2 2939/59/2 2941/59/2
f 2940/64/2 2941/64/2 2942/64/2
f 2941/64/2 2937/64/2 2943/64/2
f 2942/64/2 2941/64/2 2943/64/2
f 2944/53/2 2945/53/2 2946/53/2
f 2948/53/2 2949/53/2 2952/53/2
f 2952/53/2 2949/53/2 2953/53/2
f 2950/53/2 2951/53/2 2954/53/2
f 2954/53/2 2951/53/2 2955/53/2
f 2944/53/2 2946/53/2 2956/53/2
f 2946/53/2 2947/53/2 2956/53/2
f 2956/53/2 2947/53/2 2957/53/2
f 2944/53/2 2956/53/2 2961/53/2
f 2961/53/2 2956/53/2 2962/53/2
f 2957/53/2 2958/53/2 2963/53/2
f 2963/53/2 2958/53/2 2964/53/2
f 2959/21/2 2960/21/2 2965/21/2
f 2965/21/2 2960/21/2 2966/21/2
f 2966/21/2 2960/21/2 2967/21/2
f 2965/21/2 2966/21/2 2968/21/2
f 2968/21/2 2966/21/2 2969/21/2
f 2970/58/2 2971/58/2 2973/58/2
f 2971/58/2 2972/58/2 2973/58/2
f 2973/58/2 2972/58/2 2974/58/2
f 2973/40/2 2974/40/2 2975/40/2
f 2974/58/2 2972/58/2 2976/58/2
f 2975/40/2 2974/40/2 2976/40/2
f 2975/58/2 2976/58/2 2977/58/2
f 2976/58/2 2972/58/2 2978/58/2
f 2977/58/2 2976/58/2 2978/58/2
f 2979/58/2 2980/58/2 2981/58/2
f 2981/58/2 2980/58/2 2982/58/2
f 2983/16/2 2984/16/2 2985/16/2
f 2985/16/2 2984/16/2 2986/16/2
f 2986/16/2 2984/16/2 2987/16/2
f 2987/58/2 2988/58/2 2989/58/2
f 2986/58/2 2987/58/2 2989/58/2
f 2989/58/2 2988/58/2 2990/58/2
f 2991/58/2 2992/58/2 2997/58/2
f 2997/58/2 2992/58/2 2998/58/2
f 2995/58/2 2996/58/2 2999/58/2
f 2999/58/2 2996/58/2 3000/58/2
f 2998/58/2 2992/58/2 3001/58/2
f 3001/58/2 2992/58/2 3002/58/2
f 2993/28/2 2994/28/2 3004/28/2
f 3004/28/2 2994/28/2 3005/28/2
f 3005/28/2 2994/28/2 3006/28/2
f 3004/57/2 3005/57/2 3007/57/2
f 3003/57/2 3004/57/2 3007/57/2
f 3007/57/2 3005/57/2 3008/57/2
f 3009/53/2 3010/53/2 3011/53/2
f 3011/53/2 3010/53/2 3012/53/2
f 3013/58/2 3014/58/2 3015/58/2
f 3015/58/2 3014/58/2 3016/58/2
f 3017/59/2 3018/59/2 3019/59/2
f 3019/59/2 3018/59/2 3020/59/2
f 3027/10/2 3028/10/2 3031/10/2
f 3031/10/2 3028/10/2 3032/10/2
f 3029/9/2 3030/9/2 3033/9/2
f 3033/9/2 3030/9/2 3034/9/2
f 3035/10/2 3036/10/2 3039/10/2
f 3039/10/2 3036/10/2 3040/10/2
f 3037/9/2 3038/9/2 3041/9/2
f 3041/9/2 3038/9/2 3042/9/2
f 3021/58/2 3022/58/2 3043/58/2
f 3043/58/2 3022/58/2 3044/58/2
f 3023/58/2 3024/58/2 3045/58/2
f 3045/58/2 3024/58/2 3046/58/2
f 3040/9/2 3041/9/2 3047/9/2
f 3047/9/2 3041/9/2 3048/9/2
f 3025/6/2 3026/6/2 3049/6/2
f 3049/6/2 3026/6/2 3050/6/2
f 3043/57/2 3044/57/2 3051/57/2
f 3051/57/2 3044/57/2 3052/57/2
f 3045/57/2 3046/57/2 3053/57/2
f 3053/57/2 3046/57/2 3054/57/2
f 3049/57/2 3050/57/2 3055/57/2
f 3055/57/2 3050/57/2 3056/57/2
f 3055/6/2 3056/6/2 3057/6/2
f 3057/6/2 3056/6/2 3058/6/2
f 3051/58/2 3052/58/2 3059/58/2
f 3059/58/2 3052/58/2 3060/58/2
f 3053/58/2 3054/58/2 3061/58/2
f 3061/58/2 3054/58/2 3062/58/2
f 3060/58/2 3061/58/2 3063/58/2
f 3063/58/2 3061/58/2 3064/58/2
f 3065/24/2 3066/24/2 3067/24/2
f 3067/24/2 3066/24/2 3068/24/2
f 3068/24/2 3066/24/2 3069/24/2
f 3069/24/2 3066/24/2 3070/24/2
f 3071/27/2 3072/27/2 3074/27/2
f 3072/16/2 3073/16/2 3075/16/2
f 3074/27/2 3072/27/2 3075/27/2
f 3075/16/2 3073/16/2 3076/16/2
f 3077/58/2 3078/58/2 3079/58/2
f 3077/58/2 3079/58/2 3081/58/2
f 3079/58/2 3080/58/2 3081/58/2
f 3081/58/2 3080/58/2 3082/58/2
f 3083/57/2 3084/57/2 3085/57/2
f 3085/57/2 3084/57/2 3086/57/2
f 3085/20/2 3086/20/2 3087/20/2
f 3087/20/2 3086/20/2 3088/20/2
f 3089/9/2 3090/9/2 3095/9/2
f 3095/9/2 3090/9/2 3096/9/2
f 3091/10/2 3092/10/2 3099/10/2
f 3099/10/2 3092/10/2 3100/10/2
f 3096/9/2 3097/9/2 3101/9/2
f 3101/9/2 3097/9/2 3102/9/2
f 3098/9/2 3099/9/2 3103/9/2
f 3103/9/2 3099/9/2 3104/9/2
f 3101/10/2 3102/10/2 3105/10/2
f 3102/9/2 3103/9/2 3106/9/2
f 3105/10/2 3102/10/2 3106/10/2
f 3103/10/2 3104/10/2 3107/10/2
f 3106/9/2 3103/9/2 3107/9/2
f 3107/10/2 3104/10/2 3108/10/2
f 3106/9/2 3107/9/2 3109/9/2
f 3109/9/2 3107/9/2 3110/9/2
f 3093/58/2 3094/58/2 3111/58/2
f 3111/58/2 3094/58/2 3112/58/2
f 3111/57/2 3112/57/2 3113/57/2
f 3113/57/2 3112/57/2 3114/57/2
f 3113/58/2 3114/58/2 3115/58/2
f 3115/58/2 3114/58/2 3116/58/2
f 3117/7/2 3118/7/2 3119/7/2
f 3119/7/2 3118/7/2 3120/7/2
f 3121/19/2 3122/19/2 3125/19/2
f 3122/19/2 3123/19/2 3125/19/2
f 3125/19/2 3123/19/2 3126/19/2
f 3124/19/2 3125/19/2 3127/19/2
f 3125/20/2 3126/20/2 3128/20/2
f 3127/19/2 3125/19/2 3128/19/2
f 3126/19/2 3123/19/2 3129/19/2
f 3128/20/2 3126/20/2 3129/20/2
f 3129/19/2 3123/19/2 3130/19/2
f 3129/20/2 3130/20/2 3131/20/2
f 3131/20/2 3130/20/2 3132/20/2
f 3131/19/2 3132/19/2 3133/19/2
f 3133/19/2 3132/19/2 3134/19/2
f 3135/16/2 3136/16/2 3137/16/2
f 3137/16/2 3136/16/2 3138/16/2
f 3138/16/2 3136/16/2 3139/16/2
f 3140/10/2 3141/10/2 3148/10/2
f 3141/9/2 3142/9/2 3149/9/2
f 3148/10/2 3141/10/2 3149/10/2
f 3142/10/2 3143/10/2 3150/10/2
f 3149/9/2 3142/9/2 3150/9/2
f 3150/10/2 3143/10/2 3151/10/2
f 3149/9/2 3150/9/2 3152/9/2
f 3152/9/2 3150/9/2 3153/9/2
f 3146/6/2 3147/6/2 3154/6/2
f 3154/6/2 3147/6/2 3155/6/2
f 3154/57/2 3155/57/2 3156/57/2
f 3156/57/2 3155/57/2 3157/57/2
f 3144/6/2 3145/6/2 3158/6/2
f 3158/6/2 3145/6/2 3159/6/2
f 3156/6/2 3157/6/2 3160/6/2
f 3160/6/2 3157/6/2 3161/6/2
f 3159/6/2 3160/6/2 3162/6/2
f 3162/6/2 3160/6/2 3163/6/2
f 3164/24/2 3165/24/2 3166/24/2
f 3164/24/2 3166/24/2 3168/24/2
f 3166/24/2 3167/24/2 3168/24/2
f 3168/24/2 3167/24/2 3169/24/2
f 3170/16/2 3171/16/2 3172/16/2
f 3172/16/2 3171/16/2 3173/16/2
f 3170/16/2 3172/16/2 3174/16/2
f 3174/16/2 3172/16/2 3175/16/2
f 3176/58/2 3177/58/2 3178/58/2
f 3176/58/2 3178/58/2 3180/58/2
f 3178/57/2 3179/57/2 3181/57/2
f 3180/58/2 3178/58/2 3181/58/2
f 3181/57/2 3179/57/2 3182/57/2
f 3182/57/2 3183/57/2 3184/57/2
f 3181/57/2 3182/57/2 3184/57/2
f 3184/57/2 3183/57/2 3185/57/2
f 3186/6/2 3187/6/2 3188/6/2
f 3188/6/2 3187/6/2 3189/6/2
f 3188/57/2 3189/57/2 3190/57/2
f 3190/57/2 3189/57/2 3191/57/2
f 3190/6/2 3191/6/2 3192/6/2
f 3192/6/2 3191/6/2 3193/6/2
f 3194/20/2 3195/20/2 3196/20/2
f 3196/20/2 3195/20/2 3197/20/2
f 3196/19/2 3197/19/2 3199/19/2
f 3199/19/2 3197/19/2 3200/19/2
f 3198/20/2 3199/20/2 3201/20/2
f 3199/20/2 3200/20/2 3201/20/2
f 3198/20/2 3201/20/2 3203/20/2
f 3201/20/2 3202/20/2 3203/20/2
f 3203/20/2 3202/20/2 3204/20/2
f 3205/58/2 3206/58/2 3207/58/2
f 3207/58/2 3206/58/2 3208/58/2
f 3209/16/2 3210/16/2 3211/16/2
f 3209/16/2 3211/16/2 3212/16/2
f 3212/16/2 3211/16/2 3213/16/2
f 3213/16/2 3211/16/2 3214/16/2
f 3215/56/2 3216/56/2 3217/56/2
f 3217/56/2 3216/56/2 3218/56/2
f 3219/24/2 3220/24/2 3221/24/2
f 3221/24/2 3220/24/2 3222/24/2
f 3223/35/2 3224/35/2 3225/35/2
f 3225/35/2 3224/35/2 3226/35/2
f 3226/35/2 3224/35/2 3227/35/2
f 3227/35/2 3224/35/2 3228/35/2
f 3229/12/2 3230/12/2 3233/12/2
f 3233/12/2 3230/12/2 3234/12/2
f 3234/12/2 3230/12/2 3235/12/2
f 3234/40/2 3235/40/2 3236/40/2
f 3236/40/2 3235/40/2 3237/40/2
f 3236/58/2 3237/58/2 3238/58/2
f 3238/58/2 3237/58/2 3239/58/2
f 3238/12/2 3239/12/2 3240/12/2
f 3240/12/2 3239/12/2 3241/12/2
f 3231/54/2 3232/54/2 3242/54/2
f 3242/54/2 3232/54/2 3243/54/2
f 3244/33/2 3245/33/2 3246/33/2
f 3244/33/2 3246/33/2 3248/33/2
f 3246/33/2 3247/33/2 3248/33/2
f 3248/33/2 3247/33/2 3249/33/2
f 3250/33/2 3251/33/2 3254/33/2
f 3254/33/2 3251/33/2 3255/33/2
f 3252/57/2 3253/57/2 3256/57/2
f 3256/57/2 3253/57/2 3257/57/2
f 3258/58/2 3259/58/2 3262/58/2
f 3262/58/2 3259/58/2 3263/58/2
f 3260/58/2 3261/58/2 3264/58/2
f 3264/58/2 3261/58/2 3265/58/2
f 3266/12/2 3267/12/2 3273/12/2
f 3273/12/2 3267/12/2 3274/12/2
f 3268/12/2 3269/12/2 3275/12/2
f 3269/54/2 3270/54/2 3276/54/2
f 3275/12/2 3269/12/2 3276/12/2
f 3276/54/2 3270/54/2 3277/54/2
f 3271/54/2 3272/54/2 3278/54/2
f 3278/54/2 3272/54/2 3279/54/2
f 3274/12/2 3275/12/2 3280/12/2
f 3280/12/2 3275/12/2 3281/12/2
f 3277/54/2 3278/54/2 3282/54/2
f 3282/54/2 3278/54/2 3283/54/2
f 3284/20/2 3285/20/2 3288/20/2
f 3285/20/2 3286/20/2 3288/20/2
f 3287/20/2 3288/20/2 3289/20/2
f 3288/20/2 3286/20/2 3290/20/2
f 3289/20/2 3288/20/2 3290/20/2
f 3290/20/2 3286/20/2 3291/20/2
f 3291/20/2 3286/20/2 3292/20/2
f 3293/20/2 3294/20/2 3295/20/2
f 3295/20/2 3294/20/2 3296/20/2
f 3297/12/2 3298/12/2 3301/12/2
f 3301/12/2 3298/12/2 3302/12/2
f 3302/12/2 3298/12/2 3303/12/2
f 3303/12/2 3298/12/2 3304/12/2
f 3304/12/2 3298/12/2 3305/12/2
f 3299/54/2 3300/54/2 3306/54/2
f 3306/54/2 3300/54/2 3307/54/2
f 3308/57/2 3309/57/2 3312/57/2
f 3312/57/2 3309/57/2 3313/57/2
f 3310/23/2 3311/23/2 3314/23/2
f 3314/23/2 3311/23/2 3315/23/2
f 3313/57/2 3309/57/2 3316/57/2
f 3314/23/2 3315/23/2 3317/23/2
f 3317/23/2 3315/23/2 3318/23/2
f 3316/57/2 3309/57/2 3319/57/2
f 3319/57/2 3309/57/2 3320/57/2
f 3317/23/2 3318/23/2 3321/23/2
f 3321/23/2 3318/23/2 3322/23/2
f 3323/6/2 3324/6/2 3325/6/2
f 3325/6/2 3324/6/2 3326/6/2
f 3325/6/2 3326/6/2 3327/6/2
f 3327/6/2 3326/6/2 3328/6/2
f 3329/40/2 3330/40/2 3331/40/2
f 3331/40/2 3330/40/2 3332/40/2
f 3331/57/2 3332/57/2 3333/57/2
f 3333/57/2 3332/57/2 3334/57/2
f 3333/40/2 3334/40/2 3335/40/2
f 3335/40/2 3334/40/2 3336/40/2
f 3337/7/2 3338/7/2 3341/7/2
f 3341/7/2 3338/7/2 3342/7/2
f 3339/57/2 3340/57/2 3343/57/2
f 3343/57/2 3340/57/2 3344/57/2
f 3345/57/2 3346/57/2 3353/57/2
f 3353/57/2 3346/57/2 3354/57/2
f 3347/57/2 3348/57/2 3355/57/2
f 3355/57/2 3348/57/2 3356/57/2
f 3353/34/2 3354/34/2 3357/34/2
f 3357/34/2 3354/34/2 3358/34/2
f 3355/34/2 3356/34/2 3359/34/2
f 3359/34/2 3356/34/2 3360/34/2
f 3349/23/2 3350/23/2 3361/23/2
f 3361/23/2 3350/23/2 3362/23/2
f 3351/23/2 3352/23/2 3363/23/2
f 3363/23/2 3352/23/2 3364/23/2
f 3357/57/2 3358/57/2 3365/57/2
f 3365/57/2 3358/57/2 3366/57/2
f 3359/57/2 3360/57/2 3367/57/2
f 3367/57/2 3360/57/2 3368/57/2
f 3361/57/2 3362/57/2 3369/57/2
f 3369/57/2 3362/57/2 3370/57/2
f 3363/57/2 3364/57/2 3371/57/2
f 3371/57/2 3364/57/2 3372/57/2
f 3365/59/2 3366/59/2 3373/59/2
f 3373/59/2 3366/59/2 3374/59/2
f 3367/59/2 3368/59/2 3375/59/2
f 3375/59/2 3368/59/2 3376/59/2
f 3369/23/2 3370/23/2 3377/23/2
f 3377/23/2 3370/23/2 3378/23/2
f 3371/23/2 3372/23/2 3379/23/2
f 3379/23/2 3372/23/2 3380/23/2
f 3374/59/2 3375/59/2 3381/59/2
f 3381/59/2 3375/59/2 3382/59/2
f 3378/23/2 3379/23/2 3385/23/2
f 3385/23/2 3379/23/2 3386/23/2
f 3383/57/2 3384/57/2 3387/57/2
f 3387/57/2 3384/57/2 3388/57/2
f 3389/6/2 3390/6/2 3393/6/2
f 3393/6/2 3390/6/2 3394/6/2
f 3391/6/2 3392/6/2 3395/6/2
f 3395/6/2 3392/6/2 3396/6/2
f 3393/58/2 3394/58/2 3397/58/2
f 3397/58/2 3394/58/2 3398/58/2
f 3395/58/2 3396/58/2 3399/58/2
f 3399/58/2 3396/58/2 3400/58/2
f 3397/46/2 3398/46/2 3401/46/2
f 3401/46/2 3398/46/2 3402/46/2
f 3399/46/2 3400/46/2 3403/46/2
f 3403/46/2 3400/46/2 3404/46/2
f 3405/57/2 3406/57/2 3413/57/2
f 3413/57/2 3406/57/2 3414/57/2
f 3413/34/2 3414/34/2 3415/34/2
f 3415/34/2 3414/34/2 3416/34/2
f 3411/23/2 3412/23/2 3417/23/2
f 3417/23/2 3412/23/2 3418/23/2
f 3415/57/2 3416/57/2 3419/57/2
f 3419/57/2 3416/57/2 3420/57/2
f 3417/57/2 3418/57/2 3421/57/2
f 3421/57/2 3418/57/2 3422/57/2
f 3419/59/2 3420/59/2 3423/59/2
f 3423/59/2 3420/59/2 3424/59/2
f 3407/40/2 3408/40/2 3425/40/2
f 3425/40/2 3408/40/2 3426/40/2
f 3409/40/2 3410/40/2 3427/40/2
f 3427/40/2 3410/40/2 3428/40/2
f 3421/23/2 3422/23/2 3429/23/2
f 3429/23/2 3422/23/2 3430/23/2
f 3426/40/2 3427/40/2 3431/40/2
f 3431/40/2 3427/40/2 3432/40/2
f 3433/57/2 3434/57/2 3436/57/2
f 3434/57/2 3435/57/2 3436/57/2
f 3436/57/2 3435/57/2 3437/57/2
f 3436/20/2 3437/20/2 3438/20/2
f 3438/20/2 3437/20/2 3439/20/2
f 3440/6/2 3441/6/2 3442/6/2
f 3442/6/2 3441/6/2 3443/6/2
f 3442/58/2 3443/58/2 3444/58/2
f 3444/58/2 3443/58/2 3445/58/2
f 3444/46/2 3445/46/2 3446/46/2
f 3446/46/2 3445/46/2 3447/46/2
f 3448/40/2 3449/40/2 3450/40/2
f 3450/40/2 3449/40/2 3451/40/2
f 3452/64/2 3453/64/2 3454/64/2
f 3454/64/2 3453/64/2 3455/64/2
f 3454/49/2 3455/49/2 3456/49/2
f 3456/49/2 3455/49/2 3457/49/2
f 3458/20/2 3459/20/2 3462/20/2
f 3460/20/2 3461/20/2 3463/20/2
f 3463/20/2 3461/20/2 3464/20/2
f 3466/20/2 3467/20/2 3468/20/2
f 3468/20/2 3467/20/2 3469/20/2
f 3469/20/2 3470/20/2 3471/20/2
f 3471/20/2 3470/20/2 3472/20/2
f 3458/20/2 3462/20/2 3473/20/2
f 3462/20/2 3463/20/2 3473/20/2
f 3463/20/2 3464/20/2 3473/20/2
f 3464/20/2 3465/20/2 3473/20/2
f 3473/20/2 3465/20/2 3474/20/2
f 3472/20/2 3473/20/2 3475/20/2
f 3473/19/2 3474/19/2 3476/19/2
f 3475/20/2 3473/20/2 3476/20/2
f 3476/19/2 3474/19/2 3477/19/2
f 3476/20/2 3477/20/2 3478/20/2
f 3478/20/2 3477/20/2 3479/20/2
f 3480/32/2 3481/32/2 3484/32/2
f 3482/32/2 3483/32/2 3485/32/2
f 3480/32/2 3484/32/2 3486/32/2
f 3484/61/2 3485/61/2 3486/61/2
f 3485/32/2 3483/32/2 3487/32/2
f 3486/61/2 3485/61/2 3487/61/2
f 3480/32/2 3486/32/2 3488/32/2
f 3487/32/2 3483/32/2 3489/32/2
f 3480/32/2 3488/32/2 3490/32/2
f 3488/61/2 3489/61/2 3490/61/2
f 3489/32/2 3483/32/2 3491/32/2
f 3490/61/2 3489/61/2 3491/61/2
f 3480/32/2 3490/32/2 3492/32/2
f 3491/32/2 3483/32/2 3493/32/2
f 3480/32/2 3492/32/2 3494/32/2
f 3492/61/2 3493/61/2 3494/61/2
f 3493/32/2 3483/32/2 3495/32/2
f 3494/61/2 3493/61/2 3495/61/2
f 3480/32/2 3494/32/2 3496/32/2
f 3495/32/2 3483/32/2 3497/32/2
f 3480/32/2 3496/32/2 3498/32/2
f 3496/61/2 3497/61/2 3498/61/2
f 3497/32/2 3483/32/2 3499/32/2
f 3498/61/2 3497/61/2 3499/61/2
f 3480/32/2 3498/32/2 3500/32/2
f 3499/32/2 3483/32/2 3501/32/2
f 3480/32/2 3500/32/2 3502/32/2
f 3500/61/2 3501/61/2 3502/61/2
f 3501/32/2 3483/32/2 3503/32/2
f 3502/61/2 3501/61/2 3503/61/2
f 3480/32/2 3502/32/2 3504/32/2
f 3504/32/2 3502/32/2 3505/32/2
f 3503/32/2 3483/32/2 3506/32/2
f 3506/32/2 3483/32/2 3507/32/2
f 3510/58/3 3509/58/3 3508/58/3
f 3511/58/3 3509/58/3 3510/58/3
f 3512/58/3 3510/58/3 3508/58/3
f 3513/58/3 3510/58/3 3512/58/3
f 3514/58/3 3510/58/3 3513/58/3
f 3515/41/3 3511/41/3 3510/41/3
f 3515/58/3 3510/58/3 3514/58/3
f 3516/58/3 3509/58/3 3511/58/3
f 3516/41/3 3511/41/3 3515/41/3
f 3517/58/3 3509/58/3 3516/58/3
f 3518/40/3 3513/40/3 3512/40/3
f 3519/40/3 3513/40/3 3518/40/3
f 3520/40/3 3516/40/3 3515/40/3
f 3521/41/3 3517/41/3 3516/41/3
f 3521/40/3 3516/40/3 3520/40/3
f 3522/58/3 3512/58/3 3508/58/3
f 3522/40/3 3518/40/3 3512/40/3
f 3523/58/3 3519/58/3 3518/58/3
f 3523/40/3 3518/40/3 3522/40/3
f 3524/40/3 3513/40/3 3519/40/3
f 3524/58/3 3519/58/3 3523/58/3
f 3525/58/3 3514/58/3 3513/58/3
f 3525/40/3 3513/40/3 3524/40/3
f 3526/40/3 3520/40/3 3515/40/3
f 3526/3/3 3521/3/3 3520/3/3
f 3527/41/3 3517/41/3 3521/41/3
f 3527/3/3 3521/3/3 3526/3/3
f 3528/3/3 3523/3/3 3522/3/3
f 3528/58/3 3522/58/3 3508/58/3
f 3529/58/3 3524/58/3 3523/58/3
f 3529/3/3 3523/3/3 3528/3/3
f 3529/58/3 3525/58/3 3524/58/3
f 3530/41/3 3515/41/3 3514/41/3
f 3530/58/3 3525/58/3 3529/58/3
f 3530/58/3 3514/58/3 3525/58/3
f 3531/40/3 3526/40/3 3515/40/3
f 3531/41/3 3515/41/3 3530/41/3
f 3532/58/3 3527/58/3 3526/58/3
f 3532/40/3 3526/40/3 3531/40/3
f 3533/41/3 3517/41/3 3527/41/3
f 3533/58/3 3527/58/3 3532/58/3
f 3534/41/3 3517/41/3 3533/41/3
f 3535/58/3 3529/58/3 3528/58/3
f 3535/58/3 3528/58/3 3508/58/3
f 3535/58/3 3530/58/3 3529/58/3
f 3535/58/3 3531/58/3 3530/58/3
f 3536/58/3 3531/58/3 3535/58/3
f 3537/41/3 3533/41/3 3532/41/3
f 3537/58/3 3531/58/3 3536/58/3
f 3537/41/3 3532/41/3 3531/41/3
f 3538/58/3 3534/58/3 3533/58/3
f 3538/41/3 3533/41/3 3537/41/3
f 3541/40/3 3536/40/3 3535/40/3
f 3542/58/3 3537/58/3 3536/58/3
f 3542/40/3 3536/40/3 3541/40/3
f 3542/58/3 3538/58/3 3537/58/3
f 3543/40/3 3541/40/3 3535/40/3
f 3543/58/3 3542/58/3 3541/58/3
f 3544/58/3 3542/58/3 3543/58/3
f 3545/40/3 3543/40/3 3535/40/3
f 3545/40/3 3544/40/3 3543/40/3
f 3546/58/3 3542/58/3 3544/58/3
f 3546/40/3 3544/40/3 3545/40/3
f 3547/40/3 3545/40/3 3535/40/3
f 3547/58/3 3546/58/3 3545/58/3
f 3548/58/3 3542/58/3 3546/58/3
f 3548/58/3 3546/58/3 3547/58/3
f 3549/40/3 3548/40/3 3547/40/3
f 3549/58/3 3542/58/3 3548/58/3
f 3550/58/3 3538/58/3 3542/58/3
f 3550/58/3 3542/58/3 3549/58/3
f 3551/40/3 3549/40/3 3547/40/3
f 3551/40/3 3547/40/3 3535/40/3
f 3551/40/3 3550/40/3 3549/40/3
f 3552/58/3 3538/58/3 3550/58/3
f 3552/40/3 3550/40/3 3551/40/3
f 3553/40/3 3551/40/3 3535/40/3
f 3553/58/3 3552/58/3 3551/58/3
f 3554/58/3 3552/58/3 3553/58/3
f 3555/58/3 3535/58/3 3508/58/3
f 3555/40/3 3553/40/3 3535/40/3
f 3555/40/3 3554/40/3 3553/40/3
f 3556/40/3 3554/40/3 3555/40/3
f 3557/58/3 3555/58/3 3508/58/3
f 3557/58/3 3556/58/3 3555/58/3
f 3558/40/3 3554/40/3 3556/40/3
f 3558/58/3 3556/58/3 3557/58/3
f 3559/58/3 3552/58/3 3554/58/3
f 3559/40/3 3554/40/3 3558/40/3
f 3560/58/3 3557/58/3 3508/58/3
f 3561/40/3 3558/40/3 3557/40/3
f 3561/58/3 3557/58/3 3560/58/3
f 3562/58/3 3559/58/3 3558/58/3
f 3562/40/3 3558/40/3 3561/40/3
f 3563/58/3 3534/58/3 3538/58/3
f 3563/58/3 3559/58/3 3562/58/3
f 3563/58/3 3538/58/3 3552/58/3
f 3563/58/3 3552/58/3 3559/58/3
f 3564/19/3 3540/19/3 3539/19/3
f 3565/19/3 3540/19/3 3564/19/3
f 3568/20/3 3567/20/3 3566/20/3
f 3569/20/3 3567/20/3 3568/20/3
f 3574/20/3 3571/20/3 3570/20/3
f 3575/20/3 3571/20/3 3574/20/3
f 3576/20/3 3573/20/3 3572/20/3
f 3577/20/3 3573/20/3 3576/20/3
f 3582/20/3 3581/20/3 3580/20/3
f 3583/20/3 3581/20/3 3582/20/3
f 3588/20/3 3579/20/3 3578/20/3
f 3589/20/3 3579/20/3 3588/20/3
f 3590/20/3 3587/20/3 3586/20/3
f 3591/20/3 3587/20/3 3590/20/3
f 3592/20/3 3585/20/3 3584/20/3
f 3593/20/3 3585/20/3 3592/20/3
f 3596/41/3 3595/41/3 3594/41/3
f 3597/41/3 3595/41/3 3596/41/3
f 3605/20/3 3604/20/3 3603/20/3
f 3606/20/3 3604/20/3 3605/20/3
f 3607/57/3 3599/57/3 3598/57/3
f 3608/20/3 3600/20/3 3599/20/3
f 3608/57/3 3599/57/3 3607/57/3
f 3609/57/3 3607/57/3 3598/57/3
f 3609/59/3 3608/59/3 3607/59/3
f 3610/20/3 3600/20/3 3608/20/3
f 3610/59/3 3608/59/3 3609/59/3
f 3611/20/3 3602/20/3 3601/20/3
f 3612/20/3 3602/20/3 3611/20/3
f 3613/18/3 3612/18/3 3611/18/3
f 3614/20/3 3602/20/3 3612/20/3
f 3614/18/3 3612/18/3 3613/18/3
f 3615/57/3 3609/57/3 3598/57/3
f 3615/57/3 3610/57/3 3609/57/3
f 3616/20/3 3600/20/3 3610/20/3
f 3616/57/3 3610/57/3 3615/57/3
f 3617/20/3 3600/20/3 3616/20/3
f 3620/20/3 3614/20/3 3613/20/3
f 3621/20/3 3602/20/3 3614/20/3
f 3621/20/3 3614/20/3 3620/20/3
f 3622/20/3 3619/20/3 3618/20/3
f 3623/20/3 3619/20/3 3622/20/3
f 3633/58/3 3625/58/3 3624/58/3
f 3634/58/3 3625/58/3 3633/58/3
f 3635/58/3 3627/58/3 3626/58/3
f 3636/15/3 3628/15/3 3627/15/3
f 3636/58/3 3627/58/3 3635/58/3
f 3637/58/3 3629/58/3 3628/58/3
f 3637/15/3 3628/15/3 3636/15/3
f 3638/46/3 3630/46/3 3629/46/3
f 3638/58/3 3629/58/3 3637/58/3
f 3639/29/3 3631/29/3 3630/29/3
f 3639/46/3 3630/46/3 3638/46/3
f 3640/58/3 3632/58/3 3631/58/3
f 3640/29/3 3631/29/3 3639/29/3
f 3641/58/3 3632/58/3 3640/58/3
f 3642/5/3 3634/5/3 3633/5/3
f 3642/5/3 3635/5/3 3634/5/3
f 3642/5/3 3636/5/3 3635/5/3
f 3642/5/3 3637/5/3 3636/5/3
f 3643/5/3 3637/5/3 3642/5/3
f 3644/5/3 3637/5/3 3643/5/3
f 3645/5/3 3637/5/3 3644/5/3
f 3646/46/3 3639/46/3 3638/46/3
f 3646/58/3 3640/58/3 3639/58/3
f 3647/29/3 3641/29/3 3640/29/3
f 3647/58/3 3640/58/3 3646/58/3
f 3648/29/3 3641/29/3 3647/29/3
f 3649/40/3 3644/40/3 3643/40/3
f 3650/40/3 3644/40/3 3649/40/3
f 3651/58/3 3645/58/3 3644/58/3
f 3651/40/3 3644/40/3 3650/40/3
f 3652/58/3 3645/58/3 3651/58/3
f 3653/46/3 3646/46/3 3638/46/3
f 3654/36/3 3647/36/3 3646/36/3
f 3654/46/3 3646/46/3 3653/46/3
f 3655/58/3 3648/58/3 3647/58/3
f 3655/36/3 3647/36/3 3654/36/3
f 3656/58/3 3648/58/3 3655/58/3
f 3657/58/3 3648/58/3 3656/58/3
f 3661/58/3 3652/58/3 3651/58/3
f 3661/58/3 3653/58/3 3652/58/3
f 3661/58/3 3651/58/3 3650/58/3
f 3662/58/3 3653/58/3 3661/58/3
f 3663/58/3 3653/58/3 3662/58/3
f 3664/36/3 3654/36/3 3653/36/3
f 3664/58/3 3653/58/3 3663/58/3
f 3665/58/3 3656/58/3 3655/58/3
f 3665/36/3 3654/36/3 3664/36/3
f 3665/58/3 3655/58/3 3654/58/3
f 3666/58/3 3656/58/3 3665/58/3
f 3667/58/3 3656/58/3 3666/58/3
f 3671/5/3 3663/5/3 3662/5/3
f 3672/36/3 3664/36/3 3663/36/3
f 3672/5/3 3663/5/3 3671/5/3
f 3673/58/3 3665/58/3 3664/58/3
f 3673/36/3 3664/36/3 3672/36/3
f 3674/16/3 3666/16/3 3665/16/3
f 3674/58/3 3665/58/3 3673/58/3
f 3675/16/3 3666/16/3 3674/16/3
f 3676/58/3 3659/58/3 3658/58/3
f 3677/20/3 3660/20/3 3659/20/3
f 3677/58/3 3659/58/3 3676/58/3
f 3678/58/3 3676/58/3 3658/58/3
f 3678/59/3 3677/59/3 3676/59/3
f 3679/20/3 3660/20/3 3677/20/3
f 3679/59/3 3677/59/3 3678/59/3
f 3680/20/3 3660/20/3 3679/20/3
f 3681/20/3 3660/20/3 3680/20/3
f 3682/20/3 3680/20/3 3679/20/3
f 3682/58/3 3681/58/3 3680/58/3
f 3683/58/3 3681/58/3 3682/58/3
f 3684/58/3 3669/58/3 3668/58/3
f 3685/59/3 3670/59/3 3669/59/3
f 3685/58/3 3669/58/3 3684/58/3
f 3686/59/3 3670/59/3 3685/59/3
f 3688/58/3 3678/58/3 3658/58/3
f 3688/58/3 3679/58/3 3678/58/3
f 3689/20/3 3683/20/3 3682/20/3
f 3689/58/3 3679/58/3 3688/58/3
f 3689/20/3 3682/20/3 3679/20/3
f 3690/20/3 3683/20/3 3689/20/3
f 3694/57/3 3692/57/3 3691/57/3
f 3695/57/3 3692/57/3 3694/57/3
f 3699/19/3 3697/19/3 3696/19/3
f 3700/19/3 3697/19/3 3699/19/3
f 3701/20/3 3698/20/3 3697/20/3
f 3701/19/3 3697/19/3 3700/19/3
f 3702/20/3 3698/20/3 3701/20/3
f 3705/57/3 3694/57/3 3691/57/3
f 3705/58/3 3695/58/3 3694/58/3
f 3706/57/3 3692/57/3 3695/57/3
f 3706/58/3 3695/58/3 3705/58/3
f 3707/58/3 3693/58/3 3692/58/3
f 3707/57/3 3692/57/3 3706/57/3
f 3708/19/3 3703/19/3 3702/19/3
f 3708/20/3 3700/20/3 3699/20/3
f 3708/19/3 3701/19/3 3700/19/3
f 3708/19/3 3702/19/3 3701/19/3
f 3709/19/3 3703/19/3 3708/19/3
f 3710/20/3 3704/20/3 3703/20/3
f 3710/19/3 3703/19/3 3709/19/3
f 3711/20/3 3704/20/3 3710/20/3
f 3717/59/3 3706/59/3 3705/59/3
f 3717/57/3 3705/57/3 3691/57/3
f 3717/59/3 3707/59/3 3706/59/3
f 3718/58/3 3693/58/3 3707/58/3
f 3718/59/3 3707/59/3 3717/59/3
f 3719/20/3 3709/20/3 3708/20/3
f 3720/19/3 3710/19/3 3709/19/3
f 3720/20/3 3709/20/3 3719/20/3
f 3720/19/3 3711/19/3 3710/19/3
f 3721/20/3 3712/20/3 3711/20/3
f 3721/19/3 3711/19/3 3720/19/3
f 3722/20/3 3714/20/3 3713/20/3
f 3722/19/3 3713/19/3 3712/19/3
f 3723/19/3 3715/19/3 3714/19/3
f 3723/20/3 3714/20/3 3722/20/3
f 3724/19/3 3715/19/3 3723/19/3
f 3725/20/3 3716/20/3 3715/20/3
f 3725/19/3 3715/19/3 3724/19/3
f 3726/20/3 3708/20/3 3699/20/3
f 3726/20/3 3719/20/3 3708/20/3
f 3727/20/3 3719/20/3 3726/20/3
f 3728/19/3 3720/19/3 3719/19/3
f 3728/20/3 3719/20/3 3727/20/3
f 3729/19/3 3720/19/3 3728/19/3
f 3730/20/3 3721/20/3 3720/20/3
f 3730/19/3 3720/19/3 3729/19/3
f 3731/19/3 3724/19/3 3723/19/3
f 3731/20/3 3721/20/3 3730/20/3
f 3731/19/3 3722/19/3 3712/19/3
f 3731/20/3 3712/20/3 3721/20/3
f 3731/19/3 3723/19/3 3722/19/3
f 3732/20/3 3725/20/3 3724/20/3
f 3732/19/3 3724/19/3 3731/19/3
f 3733/20/3 3716/20/3 3725/20/3
f 3733/20/3 3725/20/3 3732/20/3
f 3734/24/3 3687/24/3 3686/24/3
f 3734/24/3 3686/24/3 3685/24/3
f 3735/24/3 3687/24/3 3734/24/3
f 3736/20/3 3729/20/3 3728/20/3
f 3736/20/3 3728/20/3 3727/20/3
f 3736/19/3 3727/19/3 3726/19/3
f 3737/19/3 3730/19/3 3729/19/3
f 3737/20/3 3729/20/3 3736/20/3
f 3737/19/3 3731/19/3 3730/19/3
f 3738/19/3 3731/19/3 3737/19/3
f 3739/19/3 3733/19/3 3732/19/3
f 3739/20/3 3732/20/3 3731/20/3
f 3740/20/3 3716/20/3 3733/20/3
f 3740/19/3 3733/19/3 3739/19/3
f 3741/20/3 3738/20/3 3737/20/3
f 3741/19/3 3737/19/3 3736/19/3
f 3742/19/3 3731/19/3 3738/19/3
f 3742/20/3 3738/20/3 3741/20/3
f 3743/20/3 3739/20/3 3731/20/3
f 3743/19/3 3731/19/3 3742/19/3
f 3743/20/3 3740/20/3 3739/20/3
f 3744/20/3 3740/20/3 3743/20/3
f 3745/19/3 3742/19/3 3741/19/3
f 3745/19/3 3741/19/3 3736/19/3
f 3746/20/3 3743/20/3 3742/20/3
f 3746/19/3 3742/19/3 3745/19/3
f 3747/19/3 3744/19/3 3743/19/3
f 3747/20/3 3743/20/3 3746/20/3
f 3748/19/3 3744/19/3 3747/19/3
f 3749/20/3 3740/20/3 3744/20/3
f 3749/19/3 3744/19/3 3748/19/3
f 3750/20/3 3716/20/3 3740/20/3
f 3750/20/3 3740/20/3 3749/20/3
f 3751/57/3 3717/57/3 3691/57/3
f 3751/57/3 3718/57/3 3717/57/3
f 3752/58/3 3693/58/3 3718/58/3
f 3752/57/3 3718/57/3 3751/57/3
f 3753/58/3 3693/58/3 3752/58/3
f 3754/19/3 3736/19/3 3726/19/3
f 3754/19/3 3745/19/3 3736/19/3
f 3755/20/3 3748/20/3 3747/20/3
f 3755/19/3 3745/19/3 3754/19/3
f 3755/20/3 3746/20/3 3745/20/3
f 3755/20/3 3747/20/3 3746/20/3
f 3756/20/3 3748/20/3 3755/20/3
f 3757/19/3 3750/19/3 3749/19/3
f 3757/20/3 3748/20/3 3756/20/3
f 3757/19/3 3749/19/3 3748/19/3
f 3758/19/3 3750/19/3 3757/19/3
f 3759/20/3 3756/20/3 3755/20/3
f 3759/20/3 3755/20/3 3754/20/3
f 3760/19/3 3757/19/3 3756/19/3
f 3760/20/3 3756/20/3 3759/20/3
f 3761/19/3 3757/19/3 3760/19/3
f 3762/20/3 3758/20/3 3757/20/3
f 3762/19/3 3757/19/3 3761/19/3
f 3763/19/3 3750/19/3 3758/19/3
f 3763/20/3 3758/20/3 3762/20/3
f 3764/20/3 3716/20/3 3750/20/3
f 3764/19/3 3750/19/3 3763/19/3
f 3765/20/3 3759/20/3 3754/20/3
f 3766/19/3 3760/19/3 3759/19/3
f 3766/20/3 3759/20/3 3765/20/3
f 3767/19/3 3762/19/3 3761/19/3
f 3767/19/3 3763/19/3 3762/19/3
f 3767/20/3 3764/20/3 3763/20/3
f 3768/20/3 3716/20/3 3764/20/3
f 3768/20/3 3764/20/3 3767/20/3
f 3769/20/3 3765/20/3 3754/20/3
f 3770/19/3 3766/19/3 3765/19/3
f 3770/20/3 3765/20/3 3769/20/3
f 3771/19/3 3760/19/3 3766/19/3
f 3771/19/3 3766/19/3 3770/19/3
f 3771/20/3 3761/20/3 3760/20/3
f 3772/19/3 3768/19/3 3767/19/3
f 3772/20/3 3761/20/3 3771/20/3
f 3772/19/3 3767/19/3 3761/19/3
f 3773/20/3 3716/20/3 3768/20/3
f 3773/19/3 3768/19/3 3772/19/3
f 3774/20/3 3716/20/3 3773/20/3
f 3779/19/3 3776/19/3 3775/19/3
f 3780/19/3 3776/19/3 3779/19/3
f 3781/53/3 3778/53/3 3777/53/3
f 3783/18/3 3780/18/3 3779/18/3
f 3784/19/3 3776/19/3 3780/19/3
f 3784/18/3 3780/18/3 3783/18/3
f 3785/53/3 3781/53/3 3777/53/3
f 3786/53/3 3781/53/3 3785/53/3
f 3787/53/3 3781/53/3 3786/53/3
f 3788/58/3 3782/58/3 3781/58/3
f 3788/53/3 3781/53/3 3787/53/3
f 3790/58/3 3782/58/3 3788/58/3
f 3791/58/3 3782/58/3 3790/58/3
f 3792/58/3 3782/58/3 3791/58/3
f 3793/19/3 3784/19/3 3783/19/3
f 3794/19/3 3776/19/3 3784/19/3
f 3794/19/3 3784/19/3 3793/19/3
f 3795/16/3 3791/16/3 3790/16/3
f 3795/16/3 3790/16/3 3789/16/3
f 3796/16/3 3791/16/3 3795/16/3
f 3799/58/3 3798/58/3 3797/58/3
f 3800/58/3 3798/58/3 3799/58/3
f 3805/15/3 3802/15/3 3801/15/3
f 3806/15/3 3802/15/3 3805/15/3
f 3809/32/3 3804/32/3 3803/32/3
f 3811/32/3 3808/32/3 3807/32/3
f 3812/32/3 3810/32/3 3809/32/3
f 3812/32/3 3809/32/3 3803/32/3
f 3813/32/3 3810/32/3 3812/32/3
f 3814/32/3 3810/32/3 3813/32/3
f 3815/32/3 3810/32/3 3814/32/3
f 3816/32/3 3810/32/3 3815/32/3
f 3817/32/3 3810/32/3 3816/32/3
f 3818/32/3 3810/32/3 3817/32/3
f 3819/32/3 3810/32/3 3818/32/3
f 3820/32/3 3810/32/3 3819/32/3
f 3821/32/3 3810/32/3 3820/32/3
f 3823/32/3 3808/32/3 3811/32/3
f 3824/32/3 3808/32/3 3823/32/3
f 3825/61/3 3816/61/3 3815/61/3
f 3826/61/3 3822/61/3 3821/61/3
f 3828/61/3 3814/61/3 3813/61/3
f 3830/61/3 3818/61/3 3817/61/3
f 3831/61/3 3827/61/3 3826/61/3
f 3832/61/3 3830/61/3 3817/61/3
f 3833/61/3 3825/61/3 3815/61/3
f 3834/61/3 3832/61/3 3817/61/3
f 3839/61/3 3833/61/3 3815/61/3
f 3840/40/3 3829/40/3 3828/40/3
f 3840/61/3 3828/61/3 3813/61/3
f 3841/40/3 3829/40/3 3840/40/3
f 3842/61/3 3840/61/3 3813/61/3
f 3843/61/3 3834/61/3 3817/61/3
f 3843/58/3 3835/58/3 3834/58/3
f 3844/59/3 3836/59/3 3835/59/3
f 3844/58/3 3835/58/3 3843/58/3
f 3845/58/3 3837/58/3 3836/58/3
f 3845/59/3 3836/59/3 3844/59/3
f 3846/57/3 3838/57/3 3837/57/3
f 3846/58/3 3837/58/3 3845/58/3
f 3847/57/3 3838/57/3 3846/57/3
f 3848/61/3 3843/61/3 3817/61/3
f 3850/61/3 3839/61/3 3815/61/3
f 3851/61/3 3848/61/3 3817/61/3
f 3851/19/3 3849/19/3 3848/19/3
f 3852/19/3 3849/19/3 3851/19/3
f 3853/61/3 3850/61/3 3815/61/3
f 3854/61/3 3851/61/3 3817/61/3
f 3854/18/3 3852/18/3 3851/18/3
f 3855/19/3 3849/19/3 3852/19/3
f 3855/18/3 3852/18/3 3854/18/3
f 3856/61/3 3842/61/3 3813/61/3
f 3857/61/3 3854/61/3 3817/61/3
f 3857/19/3 3855/19/3 3854/19/3
f 3858/19/3 3849/19/3 3855/19/3
f 3858/19/3 3855/19/3 3857/19/3
f 3859/61/3 3831/61/3 3826/61/3
f 3860/61/3 3856/61/3 3813/61/3
f 3863/58/3 3862/58/3 3861/58/3
f 3864/58/3 3862/58/3 3863/58/3
f 3866/61/3 3859/61/3 3826/61/3
f 3867/58/3 3865/58/3 3864/58/3
f 3868/58/3 3865/58/3 3867/58/3
f 3869/61/3 3866/61/3 3826/61/3
f 3872/61/3 3853/61/3 3815/61/3
f 3873/58/3 3871/58/3 3870/58/3
f 3874/58/3 3871/58/3 3873/58/3
f 3877/58/3 3876/58/3 3875/58/3
f 3878/58/3 3876/58/3 3877/58/3
f 3879/61/3 3872/61/3 3815/61/3
f 3880/61/3 3869/61/3 3826/61/3
f 3881/61/3 3880/61/3 3826/61/3
f 3884/58/3 3883/58/3 3882/58/3
f 3885/58/3 3883/58/3 3884/58/3
f 3886/58/3 3883/58/3 3885/58/3
f 3889/27/3 3888/27/3 3887/27/3
f 3890/27/3 3888/27/3 3889/27/3
f 3891/61/3 3860/61/3 3813/61/3
f 3892/61/3 3881/61/3 3826/61/3
f 3893/61/3 3892/61/3 3826/61/3
f 3894/61/3 3879/61/3 3815/61/3
f 3896/61/3 3891/61/3 3813/61/3
f 3897/61/3 3891/61/3 3896/61/3
f 3898/61/3 3894/61/3 3815/61/3
f 3899/61/3 3894/61/3 3898/61/3
f 3900/61/3 3857/61/3 3817/61/3
f 3901/61/3 3857/61/3 3900/61/3
f 3902/61/3 3820/61/3 3819/61/3
f 3903/61/3 3820/61/3 3902/61/3
f 3904/61/3 3826/61/3 3821/61/3
f 3904/61/3 3893/61/3 3826/61/3
f 3905/61/3 3893/61/3 3904/61/3
f 3907/32/3 3899/32/3 3898/32/3
f 3907/32/3 3906/32/3 3905/32/3
f 3907/32/3 3897/32/3 3896/32/3
f 3907/32/3 3902/32/3 3901/32/3
f 3907/32/3 3905/32/3 3904/32/3
f 3907/32/3 3904/32/3 3903/32/3
f 3907/32/3 3896/32/3 3895/32/3
f 3907/32/3 3901/32/3 3900/32/3
f 3907/32/3 3903/32/3 3902/32/3
f 3907/32/3 3900/32/3 3899/32/3
f 3907/32/3 3898/32/3 3897/32/3
f 3908/32/3 3906/32/3 3907/32/3
f 3911/57/3 3910/57/3 3909/57/3
f 3912/57/3 3910/57/3 3911/57/3
f 3913/58/3 3912/58/3 3911/58/3
f 3914/58/3 3912/58/3 3913/58/3
f 3915/57/3 3914/57/3 3913/57/3
f 3916/57/3 3914/57/3 3915/57/3
f 3919/63/3 3918/63/3 3917/63/3
f 3920/63/3 3918/63/3 3919/63/3
f 3921/63/3 3919/63/3 3917/63/3
f 3923/63/3 3921/63/3 3917/63/3
f 3923/63/3 3922/63/3 3921/63/3
f 3924/63/3 3922/63/3 3923/63/3
f 3929/19/3 3928/19/3 3927/19/3
f 3930/19/3 3928/19/3 3929/19/3
f 3932/8/3 3927/8/3 3926/8/3
f 3932/19/3 3926/19/3 3925/19/3
f 3933/19/3 3929/19/3 3927/19/3
f 3933/8/3 3927/8/3 3932/8/3
f 3934/19/3 3931/19/3 3930/19/3
f 3935/19/3 3931/19/3 3934/19/3
f 3937/19/3 3932/19/3 3925/19/3
f 3937/19/3 3933/19/3 3932/19/3
f 3938/19/3 3933/19/3 3937/19/3
f 3939/19/3 3929/19/3 3933/19/3
f 3939/19/3 3933/19/3 3938/19/3
f 3940/19/3 3936/19/3 3935/19/3
f 3941/19/3 3936/19/3 3940/19/3
f 3942/62/3 3938/62/3 3937/62/3
f 3942/58/3 3939/58/3 3938/58/3
f 3943/19/3 3929/19/3 3939/19/3
f 3943/58/3 3939/58/3 3942/58/3
f 3946/62/3 3942/62/3 3937/62/3
f 3946/62/3 3943/62/3 3942/62/3
f 3947/19/3 3929/19/3 3943/19/3
f 3947/62/3 3943/62/3 3946/62/3
f 3949/19/3 3945/19/3 3944/19/3
f 3950/19/3 3945/19/3 3949/19/3
f 3951/19/3 3937/19/3 3925/19/3
f 3951/62/3 3946/62/3 3937/62/3
f 3952/58/3 3947/58/3 3946/58/3
f 3952/62/3 3946/62/3 3951/62/3
f 3953/19/3 3929/19/3 3947/19/3
f 3953/58/3 3947/58/3 3952/58/3
f 3954/19/3 3929/19/3 3953/19/3
f 3955/19/3 3949/19/3 3948/19/3
f 3956/19/3 3949/19/3 3955/19/3
f 3957/19/3 3951/19/3 3925/19/3
f 3958/58/3 3952/58/3 3951/58/3
f 3958/19/3 3951/19/3 3957/19/3
f 3959/62/3 3953/62/3 3952/62/3
f 3959/58/3 3952/58/3 3958/58/3
f 3960/19/3 3954/19/3 3953/19/3
f 3960/62/3 3953/62/3 3959/62/3
f 3960/19/3 3955/19/3 3954/19/3
f 3961/19/3 3955/19/3 3960/19/3
f 3975/48/3 3963/48/3 3962/48/3
f 3975/48/3 3964/48/3 3963/48/3
f 3975/48/3 3965/48/3 3964/48/3
f 3975/48/3 3966/48/3 3965/48/3
f 3975/48/3 3967/48/3 3966/48/3
f 3976/48/3 3967/48/3 3975/48/3
f 3979/54/3 3978/54/3 3977/54/3
f 3980/54/3 3978/54/3 3979/54/3
f 3981/18/3 3974/18/3 3973/18/3
f 3981/18/3 3973/18/3 3972/18/3
f 3981/18/3 3972/18/3 3971/18/3
f 3981/18/3 3971/18/3 3970/18/3
f 3981/18/3 3969/18/3 3968/18/3
f 3981/18/3 3970/18/3 3969/18/3
f 3982/18/3 3974/18/3 3981/18/3
f 3983/18/3 3974/18/3 3982/18/3
f 3987/58/3 3985/58/3 3984/58/3
f 3990/10/3 3989/10/3 3988/10/3
f 3991/10/3 3989/10/3 3990/10/3
f 3995/10/3 3992/10/3 3991/10/3
f 3995/9/3 3991/9/3 3990/9/3
f 3996/10/3 3992/10/3 3995/10/3
f 3997/20/3 3994/20/3 3993/20/3
f 3998/20/3 3994/20/3 3997/20/3
f 3999/58/3 3987/58/3 3986/58/3
f 4000/58/3 3985/58/3 3987/58/3
f 4000/58/3 3987/58/3 3999/58/3
f 4001/9/3 3995/9/3 3990/9/3
f 4002/9/3 3995/9/3 4001/9/3
f 4005/45/3 4004/45/3 4003/45/3
f 4009/45/3 4005/45/3 4003/45/3
f 4009/45/3 4006/45/3 4005/45/3
f 4010/45/3 4006/45/3 4009/45/3
f 4011/20/3 4008/20/3 4007/20/3
f 4012/20/3 4008/20/3 4011/20/3
f 4015/26/3 4014/26/3 4013/26/3
f 4016/26/3 4014/26/3 4015/26/3
f 4021/57/3 4020/57/3 4019/57/3
f 4022/57/3 4020/57/3 4021/57/3
f 4024/57/3 4023/57/3 4022/57/3
f 4025/57/3 4023/57/3 4024/57/3
f 4026/57/3 4023/57/3 4025/57/3
f 4027/57/3 4025/57/3 4024/57/3
f 4028/58/3 4026/58/3 4025/58/3
f 4028/57/3 4025/57/3 4027/57/3
f 4029/58/3 4026/58/3 4028/58/3
f 4031/58/3 4028/58/3 4027/58/3
f 4032/57/3 4029/57/3 4028/57/3
f 4032/58/3 4028/58/3 4031/58/3
f 4033/57/3 4029/57/3 4032/57/3
f 4034/58/3 4018/58/3 4017/58/3
f 4035/58/3 4018/58/3 4034/58/3
f 4036/58/3 4018/58/3 4035/58/3
f 4037/57/3 4031/57/3 4030/57/3
f 4038/57/3 4031/57/3 4037/57/3
f 4044/55/3 4041/55/3 4040/55/3
f 4045/59/3 4042/59/3 4041/59/3
f 4045/55/3 4041/55/3 4044/55/3
f 4046/55/3 4043/55/3 4042/55/3
f 4046/59/3 4042/59/3 4045/59/3
f 4049/58/3 4040/58/3 4039/58/3
f 4050/55/3 4044/55/3 4040/55/3
f 4050/58/3 4040/58/3 4049/58/3
f 4051/58/3 4045/58/3 4044/58/3
f 4051/55/3 4044/55/3 4050/55/3
f 4052/55/3 4046/55/3 4045/55/3
f 4052/58/3 4045/58/3 4051/58/3
f 4053/55/3 4043/55/3 4046/55/3
f 4053/55/3 4046/55/3 4052/55/3
f 4054/7/3 4050/7/3 4049/7/3
f 4054/7/3 4051/7/3 4050/7/3
f 4055/55/3 4052/55/3 4051/55/3
f 4055/7/3 4051/7/3 4054/7/3
f 4056/59/3 4053/59/3 4052/59/3
f 4056/55/3 4052/55/3 4055/55/3
f 4057/55/3 4043/55/3 4053/55/3
f 4057/59/3 4053/59/3 4056/59/3
f 4058/55/3 4043/55/3 4057/55/3
f 4059/31/3 4048/31/3 4047/31/3
f 4060/31/3 4048/31/3 4059/31/3
f 4064/57/3 4062/57/3 4061/57/3
f 4065/57/3 4062/57/3 4064/57/3
f 4066/57/3 4064/57/3 4063/57/3
f 4067/57/3 4064/57/3 4066/57/3
f 4072/59/3 4069/59/3 4068/59/3
f 4072/65/3 4070/65/3 4069/65/3
f 4073/59/3 4071/59/3 4070/59/3
f 4073/65/3 4070/65/3 4072/65/3
f 4074/59/3 4071/59/3 4073/59/3
f 4075/59/3 4073/59/3 4072/59/3
f 4075/65/3 4074/65/3 4073/65/3
f 4076/59/3 4071/59/3 4074/59/3
f 4076/65/3 4074/65/3 4075/65/3
f 4077/59/3 4071/59/3 4076/59/3
f 4078/59/3 4076/59/3 4075/59/3
f 4078/65/3 4077/65/3 4076/65/3
f 4079/59/3 4071/59/3 4077/59/3
f 4079/65/3 4077/65/3 4078/65/3
f 4080/59/3 4071/59/3 4079/59/3
f 4081/59/3 4079/59/3 4078/59/3
f 4081/65/3 4080/65/3 4079/65/3
f 4082/59/3 4071/59/3 4080/59/3
f 4082/65/3 4080/65/3 4081/65/3
f 4083/59/3 4071/59/3 4082/59/3
f 4086/59/3 4072/59/3 4068/59/3
f 4086/59/3 4075/59/3 4072/59/3
f 4086/59/3 4078/59/3 4075/59/3
f 4086/59/3 4081/59/3 4078/59/3
f 4086/59/3 4082/59/3 4081/59/3
f 4087/65/3 4083/65/3 4082/65/3
f 4087/59/3 4082/59/3 4086/59/3
f 4088/59/3 4071/59/3 4083/59/3
f 4088/65/3 4083/65/3 4087/65/3
f 4089/59/3 4071/59/3 4088/59/3
f 4090/58/3 4085/58/3 4084/58/3
f 4091/58/3 4085/58/3 4090/58/3
f 4092/59/3 4091/59/3 4090/59/3
f 4093/59/3 4091/59/3 4092/59/3
f 4097/57/3 4093/57/3 4092/57/3
f 4098/57/3 4093/57/3 4097/57/3
f 4100/4/3 4095/4/3 4094/4/3
f 4101/2/3 4096/2/3 4095/2/3
f 4101/4/3 4095/4/3 4100/4/3
f 4102/2/3 4096/2/3 4101/2/3
f 4103/59/3 4098/59/3 4097/59/3
f 4104/59/3 4098/59/3 4103/59/3
f 4105/58/3 4104/58/3 4103/58/3
f 4106/58/3 4104/58/3 4105/58/3
f 4107/2/3 4100/2/3 4099/2/3
f 4108/2/3 4100/2/3 4107/2/3
f 4112/35/3 4108/35/3 4107/35/3
f 4113/53/3 4110/53/3 4109/53/3
f 4114/53/3 4110/53/3 4113/53/3
f 4115/53/3 4110/53/3 4114/53/3
f 4116/53/3 4110/53/3 4115/53/3
f 4117/53/3 4110/53/3 4116/53/3
f 4118/53/3 4110/53/3 4117/53/3
f 4119/35/3 4112/35/3 4111/35/3
f 4120/35/3 4108/35/3 4112/35/3
f 4120/35/3 4112/35/3 4119/35/3
f 4121/53/3 4113/53/3 4109/53/3
f 4121/58/3 4114/58/3 4113/58/3
f 4122/53/3 4115/53/3 4114/53/3
f 4122/58/3 4114/58/3 4121/58/3
f 4123/59/3 4116/59/3 4115/59/3
f 4123/53/3 4115/53/3 4122/53/3
f 4124/53/3 4117/53/3 4116/53/3
f 4124/59/3 4116/59/3 4123/59/3
f 4125/59/3 4118/59/3 4117/59/3
f 4125/53/3 4117/53/3 4124/53/3
f 4126/53/3 4110/53/3 4118/53/3
f 4126/59/3 4118/59/3 4125/59/3
f 4129/53/3 4126/53/3 4125/53/3
f 4129/53/3 4125/53/3 4124/53/3
f 4129/53/3 4123/53/3 4122/53/3
f 4129/53/3 4122/53/3 4121/53/3
f 4129/53/3 4121/53/3 4109/53/3
f 4129/53/3 4124/53/3 4123/53/3
f 4130/53/3 4110/53/3 4126/53/3
f 4130/53/3 4126/53/3 4129/53/3
f 4131/10/3 4128/10/3 4127/10/3
f 4132/10/3 4128/10/3 4131/10/3
f 4137/9/3 4133/9/3 4132/9/3
f 4138/10/3 4134/10/3 4133/10/3
f 4138/9/3 4133/9/3 4137/9/3
f 4139/10/3 4134/10/3 4138/10/3
f 4141/47/3 4136/47/3 4135/47/3
f 4142/47/3 4136/47/3 4141/47/3
f 4143/47/3 4136/47/3 4142/47/3
f 4144/47/3 4136/47/3 4143/47/3
f 4145/47/3 4136/47/3 4144/47/3
f 4146/47/3 4136/47/3 4145/47/3
f 4148/9/3 4139/9/3 4138/9/3
f 4149/10/3 4140/10/3 4139/10/3
f 4149/9/3 4139/9/3 4148/9/3
f 4150/10/3 4140/10/3 4149/10/3
f 4151/47/3 4141/47/3 4135/47/3
f 4151/58/3 4142/58/3 4141/58/3
f 4152/47/3 4143/47/3 4142/47/3
f 4152/58/3 4142/58/3 4151/58/3
f 4153/59/3 4144/59/3 4143/59/3
f 4153/47/3 4143/47/3 4152/47/3
f 4154/47/3 4145/47/3 4144/47/3
f 4154/59/3 4144/59/3 4153/59/3
f 4155/59/3 4146/59/3 4145/59/3
f 4155/47/3 4145/47/3 4154/47/3
f 4156/47/3 4136/47/3 4146/47/3
f 4156/59/3 4146/59/3 4155/59/3
f 4158/9/3 4148/9/3 4147/9/3
f 4159/10/3 4149/10/3 4148/10/3
f 4159/9/3 4148/9/3 4158/9/3
f 4160/10/3 4149/10/3 4159/10/3
f 4163/47/3 4155/47/3 4154/47/3
f 4163/47/3 4151/47/3 4135/47/3
f 4163/47/3 4152/47/3 4151/47/3
f 4163/47/3 4153/47/3 4152/47/3
f 4163/47/3 4156/47/3 4155/47/3
f 4163/47/3 4154/47/3 4153/47/3
f 4164/47/3 4136/47/3 4156/47/3
f 4164/47/3 4156/47/3 4163/47/3
f 4166/10/3 4158/10/3 4157/10/3
f 4167/10/3 4158/10/3 4166/10/3
f 4168/57/3 4162/57/3 4161/57/3
f 4169/57/3 4162/57/3 4168/57/3
f 4170/57/3 4162/57/3 4169/57/3
f 4171/56/3 4165/56/3 4164/56/3
f 4171/56/3 4164/56/3 4163/56/3
f 4172/56/3 4165/56/3 4171/56/3
f 4176/49/3 4175/49/3 4174/49/3
f 4180/6/3 4177/6/3 4176/6/3
f 4180/58/3 4178/58/3 4177/58/3
f 4181/58/3 4178/58/3 4180/58/3
f 4182/6/3 4180/6/3 4176/6/3
f 4182/6/3 4181/6/3 4180/6/3
f 4183/58/3 4178/58/3 4181/58/3
f 4183/6/3 4181/6/3 4182/6/3
f 4184/49/3 4176/49/3 4174/49/3
f 4184/6/3 4182/6/3 4176/6/3
f 4185/58/3 4183/58/3 4182/58/3
f 4185/6/3 4182/6/3 4184/6/3
f 4186/46/3 4179/46/3 4178/46/3
f 4186/58/3 4183/58/3 4185/58/3
f 4186/58/3 4178/58/3 4183/58/3
f 4187/46/3 4179/46/3 4186/46/3
f 4188/64/3 4174/64/3 4173/64/3
f 4189/49/3 4184/49/3 4174/49/3
f 4189/64/3 4174/64/3 4188/64/3
f 4190/49/3 4184/49/3 4189/49/3
f 4202/59/3 4192/59/3 4191/59/3
f 4202/59/3 4193/59/3 4192/59/3
f 4202/59/3 4194/59/3 4193/59/3
f 4203/59/3 4194/59/3 4202/59/3
f 4204/57/3 4196/57/3 4195/57/3
f 4205/57/3 4196/57/3 4204/57/3
f 4208/59/3 4198/59/3 4197/59/3
f 4209/40/3 4199/40/3 4198/40/3
f 4209/59/3 4198/59/3 4208/59/3
f 4210/40/3 4199/40/3 4209/40/3
f 4211/4/3 4200/4/3 4199/4/3
f 4211/40/3 4199/40/3 4210/40/3
f 4212/59/3 4201/59/3 4200/59/3
f 4212/4/3 4200/4/3 4211/4/3
f 4213/59/3 4201/59/3 4212/59/3
f 4215/59/3 4202/59/3 4191/59/3
f 4215/58/3 4203/58/3 4202/58/3
f 4216/58/3 4203/58/3 4215/58/3
f 4217/58/3 4203/58/3 4216/58/3
f 4218/58/3 4203/58/3 4217/58/3
f 4219/57/3 4206/57/3 4205/57/3
f 4220/57/3 4206/57/3 4219/57/3
f 4222/57/3 4208/57/3 4207/57/3
f 4223/59/3 4209/59/3 4208/59/3
f 4223/57/3 4208/57/3 4222/57/3
f 4224/58/3 4211/58/3 4210/58/3
f 4224/57/3 4212/57/3 4211/57/3
f 4225/59/3 4214/59/3 4213/59/3
f 4225/57/3 4212/57/3 4224/57/3
f 4225/59/3 4213/59/3 4212/59/3
f 4226/59/3 4214/59/3 4225/59/3
f 4227/59/3 4214/59/3 4226/59/3
f 4228/59/3 4215/59/3 4191/59/3
f 4228/59/3 4216/59/3 4215/59/3
f 4229/58/3 4217/58/3 4216/58/3
f 4229/59/3 4216/59/3 4228/59/3
f 4230/59/3 4218/59/3 4217/59/3
f 4230/58/3 4217/58/3 4229/58/3
f 4231/58/3 4203/58/3 4218/58/3
f 4231/59/3 4218/59/3 4230/59/3
f 4232/57/3 4221/57/3 4220/57/3
f 4233/57/3 4221/57/3 4232/57/3
f 4234/59/3 4209/59/3 4223/59/3
f 4235/1/3 4210/1/3 4209/1/3
f 4235/59/3 4209/59/3 4234/59/3
f 4236/58/3 4224/58/3 4210/58/3
f 4236/1/3 4210/1/3 4235/1/3
f 4237/4/3 4225/4/3 4224/4/3
f 4237/58/3 4224/58/3 4236/58/3
f 4238/59/3 4226/59/3 4225/59/3
f 4238/4/3 4225/4/3 4237/4/3
f 4239/59/3 4226/59/3 4238/59/3
f 4240/59/3 4228/59/3 4191/59/3
f 4240/58/3 4229/58/3 4228/58/3
f 4241/59/3 4230/59/3 4229/59/3
f 4241/58/3 4229/58/3 4240/58/3
f 4242/58/3 4231/58/3 4230/58/3
f 4242/59/3 4230/59/3 4241/59/3
f 4243/58/3 4203/58/3 4231/58/3
f 4243/58/3 4231/58/3 4242/58/3
f 4243/59/3 4194/59/3 4203/59/3
f 4244/58/3 4233/58/3 4232/58/3
f 4245/58/3 4233/58/3 4244/58/3
f 4246/59/3 4242/59/3 4241/59/3
f 4246/59/3 4241/59/3 4240/59/3
f 4246/59/3 4243/59/3 4242/59/3
f 4247/59/3 4194/59/3 4243/59/3
f 4247/59/3 4243/59/3 4246/59/3
f 4250/57/3 4245/57/3 4244/57/3
f 4251/57/3 4245/57/3 4250/57/3
f 4257/57/3 4249/57/3 4248/57/3
f 4257/57/3 4250/57/3 4249/57/3
f 4258/57/3 4250/57/3 4257/57/3
f 4259/55/3 4253/55/3 4252/55/3
f 4260/58/3 4254/58/3 4253/58/3
f 4260/55/3 4253/55/3 4259/55/3
f 4261/55/3 4255/55/3 4254/55/3
f 4261/58/3 4254/58/3 4260/58/3
f 4262/55/3 4255/55/3 4261/55/3
f 4263/55/3 4255/55/3 4262/55/3
f 4264/55/3 4255/55/3 4263/55/3
f 4265/59/3 4246/59/3 4240/59/3
f 4265/3/3 4247/3/3 4246/3/3
f 4266/59/3 4194/59/3 4247/59/3
f 4266/3/3 4247/3/3 4265/3/3
f 4267/57/3 4257/57/3 4256/57/3
f 4268/57/3 4257/57/3 4267/57/3
f 4269/59/3 4240/59/3 4191/59/3
f 4269/59/3 4265/59/3 4240/59/3
f 4269/59/3 4266/59/3 4265/59/3
f 4270/59/3 4266/59/3 4269/59/3
f 4271/59/3 4266/59/3 4270/59/3
f 4272/59/3 4194/59/3 4266/59/3
f 4272/59/3 4266/59/3 4271/59/3
f 4278/7/3 4274/7/3 4273/7/3
f 4279/55/3 4275/55/3 4274/55/3
f 4279/7/3 4274/7/3 4278/7/3
f 4280/58/3 4276/58/3 4275/58/3
f 4280/55/3 4275/55/3 4279/55/3
f 4281/55/3 4277/55/3 4276/55/3
f 4281/58/3 4276/58/3 4280/58/3
f 4282/55/3 4277/55/3 4281/55/3
f 4285/15/3 4284/15/3 4283/15/3
f 4290/15/3 4285/15/3 4283/15/3
f 4291/15/3 4285/15/3 4290/15/3
f 4292/40/3 4287/40/3 4286/40/3
f 4293/59/3 4288/59/3 4287/59/3
f 4293/40/3 4287/40/3 4292/40/3
f 4294/58/3 4289/58/3 4288/58/3
f 4294/59/3 4288/59/3 4293/59/3
f 4295/58/3 4289/58/3 4294/58/3
f 4296/17/3 4291/17/3 4290/17/3
f 4297/17/3 4291/17/3 4296/17/3
f 4298/17/3 4291/17/3 4297/17/3
f 4299/41/3 4293/41/3 4292/41/3
f 4299/41/3 4294/41/3 4293/41/3
f 4300/41/3 4294/41/3 4299/41/3
f 4301/60/3 4295/60/3 4294/60/3
f 4301/41/3 4294/41/3 4300/41/3
f 4302/60/3 4295/60/3 4301/60/3
f 4303/60/3 4295/60/3 4302/60/3
f 4304/40/3 4300/40/3 4299/40/3
f 4305/59/3 4302/59/3 4301/59/3
f 4305/40/3 4300/40/3 4304/40/3
f 4305/59/3 4301/59/3 4300/59/3
f 4306/58/3 4303/58/3 4302/58/3
f 4306/59/3 4302/59/3 4305/59/3
f 4307/58/3 4303/58/3 4306/58/3
f 4312/59/3 4309/59/3 4308/59/3
f 4313/58/3 4311/58/3 4310/58/3
f 4313/58/3 4312/58/3 4311/58/3
f 4313/59/3 4309/59/3 4312/59/3
f 4314/59/3 4309/59/3 4313/59/3
f 4315/58/3 4313/58/3 4310/58/3
f 4316/58/3 4313/58/3 4315/58/3
f 4317/58/3 4313/58/3 4316/58/3
f 4319/64/3 4318/64/3 4317/64/3
f 4319/64/3 4317/64/3 4316/64/3
f 4320/64/3 4318/64/3 4319/64/3
f 4321/64/3 4318/64/3 4320/64/3
f 4322/64/3 4318/64/3 4321/64/3
f 4325/55/3 4324/55/3 4323/55/3
f 4326/55/3 4324/55/3 4325/55/3
f 4327/55/3 4324/55/3 4326/55/3
f 4328/55/3 4324/55/3 4327/55/3
f 4333/10/3 4332/10/3 4331/10/3
f 4334/10/3 4332/10/3 4333/10/3
f 4337/9/3 4336/9/3 4335/9/3
f 4338/9/3 4336/9/3 4337/9/3
f 4341/9/3 4339/9/3 4338/9/3
f 4342/9/3 4339/9/3 4341/9/3
f 4347/9/3 4341/9/3 4340/9/3
f 4348/9/3 4341/9/3 4347/9/3
f 4349/57/3 4344/57/3 4343/57/3
f 4350/57/3 4344/57/3 4349/57/3
f 4351/9/3 4346/9/3 4345/9/3
f 4352/9/3 4346/9/3 4351/9/3
f 4353/24/3 4330/24/3 4329/24/3
f 4354/24/3 4330/24/3 4353/24/3
f 4364/6/3 4356/6/3 4355/6/3
f 4365/58/3 4357/58/3 4356/58/3
f 4365/6/3 4356/6/3 4364/6/3
f 4366/46/3 4358/46/3 4357/46/3
f 4366/58/3 4357/58/3 4365/58/3
f 4367/46/3 4358/46/3 4366/46/3
f 4368/57/3 4360/57/3 4359/57/3
f 4369/34/3 4361/34/3 4360/34/3
f 4369/57/3 4360/57/3 4368/57/3
f 4370/57/3 4362/57/3 4361/57/3
f 4370/34/3 4361/34/3 4369/34/3
f 4371/59/3 4363/59/3 4362/59/3
f 4371/57/3 4362/57/3 4370/57/3
f 4372/59/3 4363/59/3 4371/59/3
f 4377/6/3 4374/6/3 4373/6/3
f 4378/58/3 4375/58/3 4374/58/3
f 4378/6/3 4374/6/3 4377/6/3
f 4379/46/3 4376/46/3 4375/46/3
f 4379/58/3 4375/58/3 4378/58/3
f 4380/46/3 4376/46/3 4379/46/3
f 4389/59/3 4382/59/3 4381/59/3
f 4390/1/3 4383/1/3 4382/1/3
f 4390/59/3 4382/59/3 4389/59/3
f 4391/4/3 4384/4/3 4383/4/3
f 4391/1/3 4383/1/3 4390/1/3
f 4392/4/3 4384/4/3 4391/4/3
f 4393/59/3 4385/59/3 4384/59/3
f 4393/4/3 4384/4/3 4392/4/3
f 4394/59/3 4385/59/3 4393/59/3
f 4396/57/3 4389/57/3 4388/57/3
f 4397/57/3 4389/57/3 4396/57/3
f 4398/59/3 4395/59/3 4394/59/3
f 4399/59/3 4395/59/3 4398/59/3
f 4403/59/3 4395/59/3 4399/59/3
f 4404/57/3 4401/57/3 4400/57/3
f 4405/57/3 4401/57/3 4404/57/3
f 4410/59/3 4403/59/3 4402/59/3
f 4411/59/3 4395/59/3 4403/59/3
f 4411/59/3 4403/59/3 4410/59/3
f 4412/59/3 4406/59/3 4405/59/3
f 4413/1/3 4407/1/3 4406/1/3
f 4413/59/3 4406/59/3 4412/59/3
f 4414/4/3 4409/4/3 4408/4/3
f 4414/1/3 4407/1/3 4413/1/3
f 4414/4/3 4408/4/3 4407/4/3
f 4415/59/3 4410/59/3 4409/59/3
f 4415/4/3 4409/4/3 4414/4/3
f 4416/59/3 4410/59/3 4415/59/3
f 4417/37/3 4387/37/3 4386/37/3
f 4418/37/3 4387/37/3 4417/37/3
f 4426/40/3 4420/40/3 4419/40/3
f 4427/58/3 4421/58/3 4420/58/3
f 4427/40/3 4420/40/3 4426/40/3
f 4428/57/3 4422/57/3 4421/57/3
f 4428/58/3 4421/58/3 4427/58/3
f 4429/58/3 4423/58/3 4422/58/3
f 4429/57/3 4422/57/3 4428/57/3
f 4430/59/3 4424/59/3 4423/59/3
f 4430/58/3 4423/58/3 4429/58/3
f 4431/58/3 4425/58/3 4424/58/3
f 4431/59/3 4424/59/3 4430/59/3
f 4432/58/3 4425/58/3 4431/58/3
f 4439/41/3 4434/41/3 4433/41/3
f 4440/59/3 4435/59/3 4434/59/3
f 4440/41/3 4434/41/3 4439/41/3
f 4440/59/3 4436/59/3 4435/59/3
f 4441/58/3 4438/58/3 4437/58/3
f 4441/59/3 4436/59/3 4440/59/3
f 4441/58/3 4437/58/3 4436/58/3
f 4442/58/3 4438/58/3 4441/58/3
f 4449/58/3 4446/58/3 4445/58/3
f 4450/59/3 4447/59/3 4446/59/3
f 4450/58/3 4446/58/3 4449/58/3
f 4451/64/3 4448/64/3 4447/64/3
f 4451/59/3 4447/59/3 4450/59/3
f 4452/64/3 4448/64/3 4451/64/3
f 4453/59/3 4450/59/3 4449/59/3
f 4453/64/3 4451/64/3 4450/64/3
f 4454/58/3 4452/58/3 4451/58/3
f 4454/64/3 4451/64/3 4453/64/3
f 4455/58/3 4452/58/3 4454/58/3
f 4456/59/3 4453/59/3 4449/59/3
f 4456/59/3 4454/59/3 4453/59/3
f 4457/64/3 4455/64/3 4454/64/3
f 4457/59/3 4454/59/3 4456/59/3
f 4458/64/3 4457/64/3 4456/64/3
f 4459/64/3 4455/64/3 4457/64/3
f 4459/64/3 4457/64/3 4458/64/3
f 4464/64/3 4461/64/3 4460/64/3
f 4465/64/3 4461/64/3 4464/64/3
f 4466/59/3 4465/59/3 4464/59/3
f 4467/64/3 4461/64/3 4465/64/3
f 4467/59/3 4465/59/3 4466/59/3
f 4468/64/3 4461/64/3 4467/64/3
f 4469/58/3 4467/58/3 4466/58/3
f 4469/58/3 4468/58/3 4467/58/3
f 4470/58/3 4468/58/3 4469/58/3
f 4471/64/3 4461/64/3 4468/64/3
f 4471/58/3 4468/58/3 4470/58/3
f 4473/58/3 4463/58/3 4462/58/3
f 4474/20/3 4444/20/3 4443/20/3
f 4475/20/3 4444/20/3 4474/20/3
f 4476/64/3 4470/64/3 4469/64/3
f 4477/59/3 4471/59/3 4470/59/3
f 4477/64/3 4470/64/3 4476/64/3
f 4478/64/3 4461/64/3 4471/64/3
f 4478/59/3 4471/59/3 4477/59/3
f 4479/64/3 4461/64/3 4478/64/3
f 4480/58/3 4473/58/3 4472/58/3
f 4480/58/3 4463/58/3 4473/58/3
f 4481/58/3 4463/58/3 4480/58/3
f 4482/58/3 4480/58/3 4472/58/3
f 4483/58/3 4480/58/3 4482/58/3
f 4487/58/3 4485/58/3 4484/58/3
f 4488/58/3 4487/58/3 4486/58/3
f 4489/58/3 4485/58/3 4487/58/3
f 4489/58/3 4487/58/3 4488/58/3
f 4495/57/3 4491/57/3 4490/57/3
f 4496/34/3 4492/34/3 4491/34/3
f 4496/57/3 4491/57/3 4495/57/3
f 4497/57/3 4493/57/3 4492/57/3
f 4497/34/3 4492/34/3 4496/34/3
f 4498/59/3 4494/59/3 4493/59/3
f 4498/57/3 4493/57/3 4497/57/3
f 4499/59/3 4494/59/3 4498/59/3
f 4505/59/3 4500/59/3 4499/59/3
f 4506/59/3 4500/59/3 4505/59/3
f 4507/57/3 4502/57/3 4501/57/3
f 4508/34/3 4503/34/3 4502/34/3
f 4508/57/3 4502/57/3 4507/57/3
f 4509/57/3 4504/57/3 4503/57/3
f 4509/34/3 4503/34/3 4508/34/3
f 4510/59/3 4505/59/3 4504/59/3
f 4510/57/3 4504/57/3 4509/57/3
f 4511/59/3 4505/59/3 4510/59/3
f 4516/57/3 4513/57/3 4512/57/3
f 4517/57/3 4513/57/3 4516/57/3
f 4518/59/3 4515/59/3 4514/59/3
f 4519/59/3 4515/59/3 4518/59/3
f 4522/4/3 4521/4/3 4520/4/3
f 4523/4/3 4521/4/3 4522/4/3
f 4528/57/3 4525/57/3 4524/57/3
f 4529/57/3 4525/57/3 4528/57/3
f 4530/59/3 4527/59/3 4526/59/3
f 4531/59/3 4527/59/3 4530/59/3
f 4534/55/3 4533/55/3 4532/55/3
f 4535/55/3 4533/55/3 4534/55/3
f 4536/55/3 4533/55/3 4535/55/3
f 4544/41/3 4538/41/3 4537/41/3
f 4545/60/3 4539/60/3 4538/60/3
f 4545/41/3 4538/41/3 4544/41/3
f 4545/60/3 4540/60/3 4539/60/3
f 4546/60/3 4540/60/3 4545/60/3
f 4547/20/3 4542/20/3 4541/20/3
f 4548/19/3 4543/19/3 4542/19/3
f 4548/20/3 4542/20/3 4547/20/3
f 4549/19/3 4543/19/3 4548/19/3
f 4553/41/3 4551/41/3 4550/41/3
f 4554/41/3 4551/41/3 4553/41/3
f 4555/60/3 4552/60/3 4551/60/3
f 4555/41/3 4551/41/3 4554/41/3
f 4556/60/3 4552/60/3 4555/60/3
f 4557/60/3 4552/60/3 4556/60/3
f 4560/19/3 4559/19/3 4558/19/3
f 4561/19/3 4559/19/3 4560/19/3
f 4568/52/3 4563/52/3 4562/52/3
f 4568/1/3 4564/1/3 4563/1/3
f 4569/64/3 4565/64/3 4564/64/3
f 4569/1/3 4564/1/3 4568/1/3
f 4570/1/3 4566/1/3 4565/1/3
f 4570/64/3 4565/64/3 4569/64/3
f 4571/1/3 4566/1/3 4570/1/3
f 4572/64/3 4569/64/3 4568/64/3
f 4572/52/3 4568/52/3 4562/52/3
f 4573/1/3 4570/1/3 4569/1/3
f 4573/64/3 4569/64/3 4572/64/3
f 4574/64/3 4571/64/3 4570/64/3
f 4574/1/3 4570/1/3 4573/1/3
f 4575/1/3 4566/1/3 4571/1/3
f 4575/64/3 4571/64/3 4574/64/3
f 4576/52/3 4572/52/3 4562/52/3
f 4577/1/3 4573/1/3 4572/1/3
f 4577/52/3 4572/52/3 4576/52/3
f 4578/64/3 4574/64/3 4573/64/3
f 4578/1/3 4573/1/3 4577/1/3
f 4579/1/3 4575/1/3 4574/1/3
f 4579/64/3 4574/64/3 4578/64/3
f 4580/46/3 4567/46/3 4566/46/3
f 4580/1/3 4575/1/3 4579/1/3
f 4580/1/3 4566/1/3 4575/1/3
f 4581/46/3 4567/46/3 4580/46/3
f 4586/13/3 4583/13/3 4582/13/3
f 4587/58/3 4585/58/3 4584/58/3
f 4588/58/3 4585/58/3 4587/58/3
f 4589/13/3 4583/13/3 4586/13/3
f 4590/58/3 4587/58/3 4584/58/3
f 4591/58/3 4585/58/3 4588/58/3
f 4592/30/3 4584/30/3 4583/30/3
f 4592/58/3 4591/58/3 4590/58/3
f 4592/58/3 4590/58/3 4584/58/3
f 4593/58/3 4585/58/3 4591/58/3
f 4593/58/3 4591/58/3 4592/58/3
f 4594/13/3 4583/13/3 4589/13/3
f 4595/13/3 4583/13/3 4594/13/3
f 4596/30/3 4592/30/3 4583/30/3
f 4596/13/3 4583/13/3 4595/13/3
f 4597/30/3 4592/30/3 4596/30/3
f 4601/13/3 4595/13/3 4594/13/3
f 4602/14/3 4596/14/3 4595/14/3
f 4602/13/3 4595/13/3 4601/13/3
f 4603/30/3 4597/30/3 4596/30/3
f 4603/14/3 4596/14/3 4602/14/3
f 4604/58/3 4598/58/3 4597/58/3
f 4605/58/3 4598/58/3 4604/58/3
f 4606/57/3 4600/57/3 4599/57/3
f 4607/57/3 4600/57/3 4606/57/3
f 4608/14/3 4602/14/3 4601/14/3
f 4609/13/3 4603/13/3 4602/13/3
f 4609/14/3 4602/14/3 4608/14/3
f 4610/58/3 4604/58/3 4597/58/3
f 4611/58/3 4598/58/3 4605/58/3
f 4612/58/3 4610/58/3 4597/58/3
f 4612/58/3 4611/58/3 4610/58/3
f 4612/30/3 4597/30/3 4603/30/3
f 4613/58/3 4598/58/3 4611/58/3
f 4613/58/3 4611/58/3 4612/58/3
f 4614/13/3 4609/13/3 4608/13/3
f 4615/30/3 4612/30/3 4603/30/3
f 4615/13/3 4609/13/3 4614/13/3
f 4615/13/3 4603/13/3 4609/13/3
f 4616/30/3 4612/30/3 4615/30/3
f 4619/24/3 4618/24/3 4617/24/3
f 4620/24/3 4618/24/3 4619/24/3
f 4626/7/3 4622/7/3 4621/7/3
f 4627/7/3 4622/7/3 4626/7/3
f 4628/6/3 4624/6/3 4623/6/3
f 4629/58/3 4625/58/3 4624/58/3
f 4629/6/3 4624/6/3 4628/6/3
f 4630/58/3 4625/58/3 4629/58/3
f 4635/59/3 4632/59/3 4631/59/3
f 4636/4/3 4633/4/3 4632/4/3
f 4636/59/3 4632/59/3 4635/59/3
f 4637/59/3 4634/59/3 4633/59/3
f 4637/4/3 4633/4/3 4636/4/3
f 4638/59/3 4634/59/3 4637/59/3
f 4651/41/3 4644/41/3 4643/41/3
f 4652/60/3 4645/60/3 4644/60/3
f 4652/41/3 4644/41/3 4651/41/3
f 4653/60/3 4645/60/3 4652/60/3
f 4654/19/3 4647/19/3 4646/19/3
f 4655/19/3 4647/19/3 4654/19/3
f 4656/40/3 4650/40/3 4649/40/3
f 4656/40/3 4649/40/3 4648/40/3
f 4657/60/3 4651/60/3 4650/60/3
f 4657/40/3 4650/40/3 4656/40/3
f 4657/60/3 4652/60/3 4651/60/3
f 4658/60/3 4652/60/3 4657/60/3
f 4659/57/3 4640/57/3 4639/57/3
f 4659/57/3 4641/57/3 4640/57/3
f 4659/57/3 4642/57/3 4641/57/3
f 4660/57/3 4642/57/3 4659/57/3
f 4661/57/3 4642/57/3 4660/57/3
f 4662/57/3 4642/57/3 4661/57/3
f 4665/19/3 4664/19/3 4663/19/3
f 4666/19/3 4664/19/3 4665/19/3
f 4669/18/3 4668/18/3 4667/18/3
f 4670/18/3 4668/18/3 4669/18/3
f 4673/16/3 4672/16/3 4671/16/3
f 4674/16/3 4672/16/3 4673/16/3
f 4677/57/3 4676/57/3 4675/57/3
f 4678/57/3 4676/57/3 4677/57/3
f 4687/12/3 4680/12/3 4679/12/3
f 4687/58/3 4681/58/3 4680/58/3
f 4688/40/3 4682/40/3 4681/40/3
f 4688/58/3 4681/58/3 4687/58/3
f 4689/58/3 4683/58/3 4682/58/3
f 4689/40/3 4682/40/3 4688/40/3
f 4690/61/3 4688/61/3 4687/61/3
f 4690/12/3 4687/12/3 4679/12/3
f 4691/58/3 4689/58/3 4688/58/3
f 4691/61/3 4688/61/3 4690/61/3
f 4692/58/3 4683/58/3 4689/58/3
f 4692/58/3 4689/58/3 4691/58/3
f 4692/12/3 4684/12/3 4683/12/3
f 4693/58/3 4686/58/3 4685/58/3
f 4694/58/3 4686/58/3 4693/58/3
f 4695/12/3 4691/12/3 4690/12/3
f 4695/12/3 4690/12/3 4679/12/3
f 4695/12/3 4692/12/3 4691/12/3
f 4696/12/3 4684/12/3 4692/12/3
f 4696/12/3 4692/12/3 4695/12/3
f 4699/57/3 4698/57/3 4697/57/3
f 4700/57/3 4698/57/3 4699/57/3
f 4701/57/3 4698/57/3 4700/57/3
f 4702/57/3 4698/57/3 4701/57/3
f 4703/57/3 4698/57/3 4702/57/3
f 4706/59/3 4705/59/3 4704/59/3
f 4707/59/3 4705/59/3 4706/59/3
f 4711/58/3 4709/58/3 4708/58/3
f 4712/58/3 4711/58/3 4710/58/3
f 4713/58/3 4711/58/3 4712/58/3
f 4714/58/3 4711/58/3 4713/58/3
f 4715/58/3 4709/58/3 4711/58/3
f 4715/58/3 4711/58/3 4714/58/3
f 4719/52/3 4717/52/3 4716/52/3
f 4720/1/3 4718/1/3 4717/1/3
f 4720/52/3 4717/52/3 4719/52/3
f 4721/1/3 4718/1/3 4720/1/3
f 4726/45/3 4723/45/3 4722/45/3
f 4727/45/3 4723/45/3 4726/45/3
f 4728/21/3 4725/21/3 4724/21/3
f 4729/21/3 4725/21/3 4728/21/3
f 4734/58/3 4731/58/3 4730/58/3
f 4735/57/3 4732/57/3 4731/57/3
f 4735/58/3 4731/58/3 4734/58/3
f 4736/58/3 4733/58/3 4732/58/3
f 4736/57/3 4732/57/3 4735/57/3
f 4737/58/3 4733/58/3 4736/58/3
f 4740/33/3 4739/33/3 4738/33/3
f 4748/12/3 4743/12/3 4742/12/3
f 4749/58/3 4744/58/3 4743/58/3
f 4749/12/3 4743/12/3 4748/12/3
f 4750/40/3 4745/40/3 4744/40/3
f 4750/58/3 4744/58/3 4749/58/3
f 4751/58/3 4746/58/3 4745/58/3
f 4751/40/3 4745/40/3 4750/40/3
f 4752/12/3 4747/12/3 4746/12/3
f 4752/58/3 4746/58/3 4751/58/3
f 4753/12/3 4747/12/3 4752/12/3
f 4755/33/3 4740/33/3 4738/33/3
f 4755/33/3 4741/33/3 4740/33/3
f 4756/33/3 4741/33/3 4755/33/3
f 4757/33/3 4741/33/3 4756/33/3
f 4759/12/3 4754/12/3 4753/12/3
f 4760/12/3 4754/12/3 4759/12/3
f 4761/12/3 4759/12/3 4758/12/3
f 4762/12/3 4759/12/3 4761/12/3
f 4763/12/3 4759/12/3 4762/12/3
f 4764/12/3 4759/12/3 4763/12/3
f 4765/12/3 4759/12/3 4764/12/3
f 4769/46/3 4767/46/3 4766/46/3
f 4770/46/3 4767/46/3 4769/46/3
f 4771/64/3 4768/64/3 4767/64/3
f 4771/46/3 4767/46/3 4770/46/3
f 4772/64/3 4768/64/3 4771/64/3
f 4777/22/3 4774/22/3 4773/22/3
f 4777/22/3 4775/22/3 4774/22/3
f 4778/52/3 4776/52/3 4775/52/3
f 4778/22/3 4775/22/3 4777/22/3
f 4779/52/3 4776/52/3 4778/52/3
f 4784/58/3 4781/58/3 4780/58/3
f 4785/57/3 4782/57/3 4781/57/3
f 4785/58/3 4781/58/3 4784/58/3
f 4786/58/3 4783/58/3 4782/58/3
f 4786/57/3 4782/57/3 4785/57/3
f 4787/58/3 4783/58/3 4786/58/3
f 4792/58/3 4788/58/3 4787/58/3
f 4793/58/3 4788/58/3 4792/58/3
f 4794/58/3 4790/58/3 4789/58/3
f 4795/57/3 4791/57/3 4790/57/3
f 4795/58/3 4790/58/3 4794/58/3
f 4796/58/3 4792/58/3 4791/58/3
f 4796/57/3 4791/57/3 4795/57/3
f 4797/58/3 4792/58/3 4796/58/3
f 4800/58/3 4799/58/3 4798/58/3
f 4801/58/3 4799/58/3 4800/58/3
f 4806/20/3 4803/20/3 4802/20/3
f 4807/20/3 4803/20/3 4806/20/3
f 4810/19/3 4809/19/3 4808/19/3
f 4811/19/3 4809/19/3 4810/19/3
f 4812/57/3 4805/57/3 4804/57/3
f 4813/57/3 4805/57/3 4812/57/3
f 4816/19/3 4815/19/3 4814/19/3
f 4817/19/3 4815/19/3 4816/19/3
f 4821/57/3 4819/57/3 4818/57/3
f 4822/57/3 4821/57/3 4820/57/3
f 4823/57/3 4819/57/3 4821/57/3
f 4823/57/3 4821/57/3 4822/57/3
f 4826/59/3 4825/59/3 4824/59/3
f 4827/59/3 4825/59/3 4826/59/3
f 4833/12/3 4829/12/3 4828/12/3
f 4833/12/3 4832/12/3 4831/12/3
f 4833/12/3 4831/12/3 4830/12/3
f 4833/12/3 4830/12/3 4829/12/3
f 4834/12/3 4832/12/3 4833/12/3
f 4839/43/3 4838/43/3 4837/43/3
f 4840/43/3 4838/43/3 4839/43/3
f 4841/43/3 4836/43/3 4835/43/3
f 4842/43/3 4836/43/3 4841/43/3
f 4845/20/3 4844/20/3 4843/20/3
f 4846/20/3 4844/20/3 4845/20/3
f 4849/20/3 4848/20/3 4847/20/3
f 4850/20/3 4848/20/3 4849/20/3
f 4858/59/3 4853/59/3 4852/59/3
f 4858/65/3 4852/65/3 4851/65/3
f 4859/25/3 4854/25/3 4853/25/3
f 4859/59/3 4853/59/3 4858/59/3
f 4860/59/3 4855/59/3 4854/59/3
f 4860/25/3 4854/25/3 4859/25/3
f 4861/25/3 4856/25/3 4855/25/3
f 4861/59/3 4855/59/3 4860/59/3
f 4862/59/3 4860/59/3 4859/59/3
f 4862/65/3 4859/65/3 4858/65/3
f 4863/25/3 4861/25/3 4860/25/3
f 4863/59/3 4860/59/3 4862/59/3
f 4864/25/3 4856/25/3 4861/25/3
f 4864/25/3 4861/25/3 4863/25/3
f 4865/65/3 4858/65/3 4851/65/3
f 4865/65/3 4862/65/3 4858/65/3
f 4866/25/3 4863/25/3 4862/25/3
f 4866/65/3 4862/65/3 4865/65/3
f 4867/59/3 4864/59/3 4863/59/3
f 4867/25/3 4863/25/3 4866/25/3
f 4868/25/3 4856/25/3 4864/25/3
f 4868/59/3 4864/59/3 4867/59/3
f 4869/65/3 4857/65/3 4856/65/3
f 4869/25/3 4856/25/3 4868/25/3
f 4870/65/3 4857/65/3 4869/65/3
f 4875/46/3 4872/46/3 4871/46/3
f 4876/46/3 4872/46/3 4875/46/3
f 4879/22/3 4878/22/3 4877/22/3
f 4880/22/3 4878/22/3 4879/22/3
f 4885/53/3 4882/53/3 4881/53/3
f 4886/53/3 4882/53/3 4885/53/3
f 4887/53/3 4884/53/3 4883/53/3
f 4888/53/3 4884/53/3 4887/53/3
f 4889/18/3 4874/18/3 4873/18/3
f 4890/18/3 4874/18/3 4889/18/3
f 4891/53/3 4885/53/3 4881/53/3
f 4892/53/3 4885/53/3 4891/53/3
f 4895/28/3 4894/28/3 4893/28/3
f 4896/28/3 4894/28/3 4895/28/3
f 4899/58/3 4898/58/3 4897/58/3
f 4900/58/3 4898/58/3 4899/58/3
f 4903/45/3 4902/45/3 4901/45/3
f 4905/45/3 4903/45/3 4901/45/3
f 4905/45/3 4904/45/3 4903/45/3
f 4906/45/3 4904/45/3 4905/45/3
f 4911/57/3 4909/57/3 4908/57/3
f 4911/40/3 4908/40/3 4907/40/3
f 4912/40/3 4910/40/3 4909/40/3
f 4912/57/3 4909/57/3 4911/57/3
f 4913/40/3 4911/40/3 4907/40/3
f 4913/40/3 4912/40/3 4911/40/3
f 4914/40/3 4910/40/3 4912/40/3
f 4914/40/3 4912/40/3 4913/40/3
f 4919/43/3 4916/43/3 4915/43/3
f 4920/43/3 4919/43/3 4915/43/3
f 4921/43/3 4919/43/3 4920/43/3
f 4922/58/3 4918/58/3 4917/58/3
f 4923/58/3 4918/58/3 4922/58/3
f 4926/27/3 4925/27/3 4924/27/3
f 4927/27/3 4925/27/3 4926/27/3
f 4932/40/3 4929/40/3 4928/40/3
f 4933/57/3 4930/57/3 4929/57/3
f 4933/40/3 4929/40/3 4932/40/3
f 4934/40/3 4931/40/3 4930/40/3
f 4934/57/3 4930/57/3 4933/57/3
f 4935/40/3 4931/40/3 4934/40/3
f 4938/40/3 4936/40/3 4935/40/3
f 4939/40/3 4936/40/3 4938/40/3
f 4940/40/3 4938/40/3 4937/40/3
f 4941/40/3 4938/40/3 4940/40/3
f 4944/37/3 4943/37/3 4942/37/3
f 4945/37/3 4943/37/3 4944/37/3
f 4949/20/3 4947/20/3 4946/20/3
f 4950/19/3 4948/19/3 4947/19/3
f 4950/20/3 4947/20/3 4949/20/3
f 4951/19/3 4948/19/3 4950/19/3
f 4954/19/3 4953/19/3 4952/19/3
f 4955/19/3 4953/19/3 4954/19/3
f 4959/65/3 4957/65/3 4956/65/3
f 4960/25/3 4958/25/3 4957/25/3
f 4960/65/3 4957/65/3 4959/65/3
f 4961/25/3 4958/25/3 4960/25/3
f 4967/19/3 4963/19/3 4962/19/3
f 4968/19/3 4963/19/3 4967/19/3
f 4969/11/3 4965/11/3 4964/11/3
f 4970/46/3 4966/46/3 4965/46/3
f 4970/11/3 4965/11/3 4969/11/3
f 4971/46/3 4966/46/3 4970/46/3
f 4974/54/3 4973/54/3 4972/54/3
f 4975/54/3 4973/54/3 4974/54/3
f 4978/54/3 4976/54/3 4975/54/3
f 4979/54/3 4976/54/3 4978/54/3
f 4980/54/3 4978/54/3 4977/54/3
f 4981/54/3 4978/54/3 4980/54/3
f 4984/57/3 4983/57/3 4982/57/3
f 4985/57/3 4983/57/3 4984/57/3
f 4988/58/3 4987/58/3 4986/58/3
f 4989/58/3 4987/58/3 4988/58/3
f 4992/24/3 4991/24/3 4990/24/3
f 4993/24/3 4991/24/3 4992/24/3
f 4998/20/3 4997/20/3 4996/20/3
f 4999/20/3 4997/20/3 4998/20/3
f 5000/20/3 4995/20/3 4994/20/3
f 5001/20/3 4995/20/3 5000/20/3
f 5004/6/3 5003/6/3 5002/6/3
f 5005/6/3 5003/6/3 5004/6/3
f 5008/58/3 5007/58/3 5006/58/3
f 5009/58/3 5007/58/3 5008/58/3
f 5014/40/3 5011/40/3 5010/40/3
f 5015/57/3 5012/57/3 5011/57/3
f 5015/40/3 5011/40/3 5014/40/3
f 5016/40/3 5013/40/3 5012/40/3
f 5016/57/3 5012/57/3 5015/57/3
f 5017/40/3 5013/40/3 5016/40/3
f 5020/58/3 5019/58/3 5018/58/3
f 5021/58/3 5019/58/3 5020/58/3
f 5024/58/3 5022/58/3 5021/58/3
f 5025/58/3 5022/58/3 5024/58/3
f 5026/58/3 5024/58/3 5023/58/3
f 5027/58/3 5024/58/3 5026/58/3
f 5032/64/3 5029/64/3 5028/64/3
f 5033/33/3 5030/33/3 5029/33/3
f 5033/64/3 5029/64/3 5032/64/3
f 5034/64/3 5031/64/3 5030/64/3
f 5034/33/3 5030/33/3 5033/33/3
f 5035/64/3 5031/64/3 5034/64/3
f 5038/11/3 5037/11/3 5036/11/3
f 5039/11/3 5037/11/3 5038/11/3
f 5042/58/3 5041/58/3 5040/58/3
f 5043/58/3 5041/58/3 5042/58/3
f 5048/6/3 5047/6/3 5046/6/3
f 5049/6/3 5047/6/3 5048/6/3
f 5051/27/3 5045/27/3 5044/27/3
f 5052/27/3 5045/27/3 5051/27/3
f 5054/6/3 5050/6/3 5049/6/3
f 5055/6/3 5050/6/3 5054/6/3
f 5056/6/3 5054/6/3 5053/6/3
f 5057/6/3 5054/6/3 5056/6/3
f 5060/54/3 5059/54/3 5058/54/3
f 5061/54/3 5059/54/3 5060/54/3
f 5065/59/3 5063/59/3 5062/59/3
f 5066/59/3 5063/59/3 5065/59/3
f 5067/59/3 5063/59/3 5066/59/3
f 5069/58/3 5065/58/3 5064/58/3
f 5069/58/3 5066/58/3 5065/58/3
f 5070/58/3 5066/58/3 5069/58/3
f 5071/59/3 5068/59/3 5067/59/3
f 5072/59/3 5068/59/3 5071/59/3
f 5073/58/3 5071/58/3 5070/58/3
f 5074/58/3 5071/58/3 5073/58/3
f 5075/59/3 5068/59/3 5072/59/3
f 5076/58/3 5075/58/3 5074/58/3
f 5076/59/3 5068/59/3 5075/59/3
f 5077/59/3 5068/59/3 5076/59/3
f 5079/58/3 5076/58/3 5074/58/3
f 5080/58/3 5076/58/3 5079/58/3
f 5082/58/3 5079/58/3 5078/58/3
f 5083/58/3 5079/58/3 5082/58/3
f 5084/58/3 5082/58/3 5081/58/3
f 5085/58/3 5082/58/3 5084/58/3
f 5089/20/3 5087/20/3 5086/20/3
f 5090/19/3 5088/19/3 5087/19/3
f 5090/20/3 5087/20/3 5089/20/3
f 5091/19/3 5088/19/3 5090/19/3
f 5095/19/3 5092/19/3 5091/19/3
f 5095/20/3 5094/20/3 5093/20/3
f 5095/19/3 5093/19/3 5092/19/3
f 5096/20/3 5094/20/3 5095/20/3
f 5099/19/3 5090/19/3 5089/19/3
f 5099/20/3 5091/20/3 5090/20/3
f 5100/19/3 5095/19/3 5091/19/3
f 5100/20/3 5091/20/3 5099/20/3
f 5100/19/3 5096/19/3 5095/19/3
f 5101/19/3 5096/19/3 5100/19/3
f 5102/19/3 5100/19/3 5099/19/3
f 5102/20/3 5101/20/3 5100/20/3
f 5103/19/3 5096/19/3 5101/19/3
f 5103/20/3 5101/20/3 5102/20/3
f 5104/20/3 5097/20/3 5096/20/3
f 5104/19/3 5096/19/3 5103/19/3
f 5105/19/3 5098/19/3 5097/19/3
f 5105/20/3 5097/20/3 5104/20/3
f 5106/19/3 5098/19/3 5105/19/3
f 5107/20/3 5104/20/3 5103/20/3
f 5107/19/3 5103/19/3 5102/19/3
f 5108/20/3 5104/20/3 5107/20/3
f 5109/20/3 5106/20/3 5105/20/3
f 5109/19/3 5105/19/3 5104/19/3
f 5110/19/3 5098/19/3 5106/19/3
f 5110/20/3 5106/20/3 5109/20/3
f 5111/19/3 5098/19/3 5110/19/3
f 5112/19/3 5108/19/3 5107/19/3
f 5112/19/3 5107/19/3 5102/19/3
f 5113/20/3 5104/20/3 5108/20/3
f 5113/19/3 5108/19/3 5112/19/3
f 5114/20/3 5111/20/3 5110/20/3
f 5114/19/3 5110/19/3 5109/19/3
f 5115/19/3 5098/19/3 5111/19/3
f 5115/20/3 5111/20/3 5114/20/3
f 5116/19/3 5098/19/3 5115/19/3
f 5117/20/3 5104/20/3 5113/20/3
f 5117/20/3 5113/20/3 5112/20/3
f 5118/19/3 5109/19/3 5104/19/3
f 5118/20/3 5104/20/3 5117/20/3
f 5118/19/3 5114/19/3 5109/19/3
f 5118/19/3 5115/19/3 5114/19/3
f 5119/19/3 5115/19/3 5118/19/3
f 5120/19/3 5112/19/3 5102/19/3
f 5120/19/3 5102/19/3 5099/19/3
f 5121/20/3 5117/20/3 5112/20/3
f 5121/19/3 5112/19/3 5120/19/3
f 5122/19/3 5118/19/3 5117/19/3
f 5122/20/3 5117/20/3 5121/20/3
f 5123/19/3 5115/19/3 5119/19/3
f 5123/20/3 5116/20/3 5115/20/3
f 5124/19/3 5098/19/3 5116/19/3
f 5124/20/3 5116/20/3 5123/20/3
f 5125/19/3 5098/19/3 5124/19/3
f 5126/19/3 5120/19/3 5099/19/3
f 5126/19/3 5099/19/3 5089/19/3
f 5127/19/3 5120/19/3 5126/19/3
f 5128/20/3 5121/20/3 5120/20/3
f 5128/19/3 5120/19/3 5127/19/3
f 5129/19/3 5122/19/3 5121/19/3
f 5129/20/3 5121/20/3 5128/20/3
f 5130/19/3 5118/19/3 5122/19/3
f 5130/19/3 5122/19/3 5129/19/3
f 5130/20/3 5119/20/3 5118/20/3
f 5131/19/3 5123/19/3 5119/19/3
f 5131/20/3 5119/20/3 5130/20/3
f 5131/19/3 5124/19/3 5123/19/3
f 5132/19/3 5124/19/3 5131/19/3
f 5133/19/3 5124/19/3 5132/19/3
f 5134/20/3 5125/20/3 5124/20/3
f 5134/19/3 5124/19/3 5133/19/3
f 5135/19/3 5098/19/3 5125/19/3
f 5135/20/3 5125/20/3 5134/20/3
f 5136/19/3 5098/19/3 5135/19/3
f 5139/16/3 5138/16/3 5137/16/3
f 5140/16/3 5138/16/3 5139/16/3
f 5143/16/3 5142/16/3 5141/16/3
f 5146/16/3 5142/16/3 5143/16/3
f 5147/16/3 5142/16/3 5146/16/3
f 5148/7/3 5145/7/3 5144/7/3
f 5149/7/3 5145/7/3 5148/7/3
f 5152/57/3 5151/57/3 5150/57/3
f 5153/57/3 5151/57/3 5152/57/3
f 5159/59/3 5158/59/3 5157/59/3
f 5160/59/3 5158/59/3 5159/59/3
f 5161/58/3 5155/58/3 5154/58/3
f 5162/20/3 5156/20/3 5155/20/3
f 5162/58/3 5155/58/3 5161/58/3
f 5163/58/3 5161/58/3 5154/58/3
f 5163/59/3 5162/59/3 5161/59/3
f 5164/20/3 5156/20/3 5162/20/3
f 5164/59/3 5162/59/3 5163/59/3
f 5165/58/3 5163/58/3 5154/58/3
f 5165/58/3 5164/58/3 5163/58/3
f 5166/20/3 5156/20/3 5164/20/3
f 5166/58/3 5164/58/3 5165/58/3
f 5167/20/3 5156/20/3 5166/20/3
f 5171/64/3 5169/64/3 5168/64/3
f 5172/33/3 5170/33/3 5169/33/3
f 5172/64/3 5169/64/3 5171/64/3
f 5173/33/3 5170/33/3 5172/33/3
f 5180/54/3 5177/54/3 5176/54/3
f 5181/55/3 5178/55/3 5177/55/3
f 5181/54/3 5177/54/3 5180/54/3
f 5182/52/3 5179/52/3 5178/52/3
f 5182/55/3 5178/55/3 5181/55/3
f 5183/52/3 5179/52/3 5182/52/3
f 5186/18/3 5175/18/3 5174/18/3
f 5187/18/3 5175/18/3 5186/18/3
f 5188/24/3 5185/24/3 5184/24/3
f 5197/24/3 5188/24/3 5184/24/3
f 5198/24/3 5188/24/3 5197/24/3
f 5199/24/3 5190/24/3 5189/24/3
f 5200/24/3 5190/24/3 5199/24/3
f 5201/16/3 5192/16/3 5191/16/3
f 5205/6/3 5194/6/3 5193/6/3
f 5206/57/3 5195/57/3 5194/57/3
f 5206/6/3 5194/6/3 5205/6/3
f 5207/6/3 5196/6/3 5195/6/3
f 5207/57/3 5195/57/3 5206/57/3
f 5208/6/3 5196/6/3 5207/6/3
f 5209/16/3 5192/16/3 5201/16/3
f 5210/16/3 5192/16/3 5209/16/3
f 5211/57/3 5203/57/3 5202/57/3
f 5212/20/3 5204/20/3 5203/20/3
f 5212/57/3 5203/57/3 5211/57/3
f 5213/57/3 5211/57/3 5202/57/3
f 5213/59/3 5212/59/3 5211/59/3
f 5214/20/3 5204/20/3 5212/20/3
f 5214/59/3 5212/59/3 5213/59/3
f 5217/23/3 5216/23/3 5215/23/3
f 5218/23/3 5216/23/3 5217/23/3
f 5219/23/3 5217/23/3 5215/23/3
f 5220/57/3 5218/57/3 5217/57/3
f 5220/23/3 5217/23/3 5219/23/3
f 5221/23/3 5216/23/3 5218/23/3
f 5221/57/3 5218/57/3 5220/57/3
f 5222/23/3 5216/23/3 5221/23/3
f 5223/57/3 5213/57/3 5202/57/3
f 5223/57/3 5214/57/3 5213/57/3
f 5224/20/3 5204/20/3 5214/20/3
f 5224/57/3 5214/57/3 5223/57/3
f 5225/20/3 5204/20/3 5224/20/3
f 5232/58/3 5227/58/3 5226/58/3
f 5233/58/3 5227/58/3 5232/58/3
f 5234/58/3 5229/58/3 5228/58/3
f 5235/58/3 5229/58/3 5234/58/3
f 5236/58/3 5231/58/3 5230/58/3
f 5237/58/3 5231/58/3 5236/58/3
f 5240/51/3 5239/51/3 5238/51/3
f 5241/51/3 5239/51/3 5240/51/3
f 5242/50/3 5241/50/3 5240/50/3
f 5243/50/3 5241/50/3 5242/50/3
f 5246/24/3 5245/24/3 5244/24/3
f 5247/24/3 5245/24/3 5246/24/3
f 5250/24/3 5246/24/3 5244/24/3
f 5251/24/3 5249/24/3 5248/24/3
f 5252/24/3 5249/24/3 5251/24/3
f 5253/24/3 5250/24/3 5244/24/3
f 5253/24/3 5251/24/3 5250/24/3
f 5253/24/3 5252/24/3 5251/24/3
f 5254/24/3 5252/24/3 5253/24/3
f 5257/23/3 5256/23/3 5255/23/3
f 5258/23/3 5256/23/3 5257/23/3
f 5263/23/3 5259/23/3 5258/23/3
f 5264/23/3 5259/23/3 5263/23/3
f 5265/23/3 5261/23/3 5260/23/3
f 5266/57/3 5262/57/3 5261/57/3
f 5266/23/3 5261/23/3 5265/23/3
f 5267/23/3 5263/23/3 5262/23/3
f 5267/57/3 5262/57/3 5266/57/3
f 5268/23/3 5263/23/3 5267/23/3
f 5271/51/3 5270/51/3 5269/51/3
f 5272/51/3 5270/51/3 5271/51/3
f 5275/51/3 5274/51/3 5273/51/3
f 5276/51/3 5274/51/3 5275/51/3
f 5280/54/3 5278/54/3 5277/54/3
f 5281/55/3 5279/55/3 5278/55/3
f 5281/54/3 5278/54/3 5280/54/3
f 5282/55/3 5279/55/3 5281/55/3
f 5287/20/3 5284/20/3 5283/20/3
f 5288/20/3 5284/20/3 5287/20/3
f 5290/20/3 5286/20/3 5285/20/3
f 5291/20/3 5286/20/3 5290/20/3
f 5291/20/3 5290/20/3 5289/20/3
f 5292/20/3 5286/20/3 5291/20/3
f 5293/20/3 5291/20/3 5289/20/3
f 5295/20/3 5293/20/3 5289/20/3
f 5295/20/3 5294/20/3 5293/20/3
f 5296/20/3 5294/20/3 5295/20/3
f 5299/57/3 5298/57/3 5297/57/3
f 5300/57/3 5298/57/3 5299/57/3
f 5305/23/3 5302/23/3 5301/23/3
f 5306/57/3 5303/57/3 5302/57/3
f 5306/23/3 5302/23/3 5305/23/3
f 5307/23/3 5304/23/3 5303/23/3
f 5307/57/3 5303/57/3 5306/57/3
f 5308/23/3 5304/23/3 5307/23/3
f 5321/32/3 5310/32/3 5309/32/3
f 5323/32/3 5312/32/3 5311/32/3
f 5325/32/3 5314/32/3 5313/32/3
f 5327/32/3 5316/32/3 5315/32/3
f 5329/32/3 5318/32/3 5317/32/3
f 5331/32/3 5322/32/3 5321/32/3
f 5331/32/3 5321/32/3 5309/32/3
f 5332/32/3 5322/32/3 5331/32/3
f 5333/32/3 5324/32/3 5323/32/3
f 5333/32/3 5323/32/3 5311/32/3
f 5334/32/3 5324/32/3 5333/32/3
f 5335/32/3 5326/32/3 5325/32/3
f 5335/32/3 5325/32/3 5313/32/3
f 5336/32/3 5326/32/3 5335/32/3
f 5337/32/3 5328/32/3 5327/32/3
f 5337/32/3 5327/32/3 5315/32/3
f 5338/32/3 5328/32/3 5337/32/3
f 5339/32/3 5330/32/3 5329/32/3
f 5339/32/3 5329/32/3 5317/32/3
f 5340/32/3 5330/32/3 5339/32/3
f 5341/32/3 5330/32/3 5340/32/3
f 5342/32/3 5320/32/3 5319/32/3
f 5343/32/3 5320/32/3 5342/32/3
f 5348/19/3 5346/19/3 5345/19/3
f 5348/19/3 5347/19/3 5346/19/3
f 5349/19/3 5347/19/3 5348/19/3
f 5350/20/3 5345/20/3 5344/20/3
f 5351/20/3 5345/20/3 5350/20/3
f 5352/18/3 5351/18/3 5350/18/3
f 5353/20/3 5345/20/3 5351/20/3
f 5353/18/3 5351/18/3 5352/18/3
f 5354/19/3 5348/19/3 5345/19/3
f 5354/20/3 5349/20/3 5348/20/3
f 5355/20/3 5349/20/3 5354/20/3
f 5356/20/3 5353/20/3 5352/20/3
f 5357/20/3 5345/20/3 5353/20/3
f 5357/20/3 5353/20/3 5356/20/3
f 5357/19/3 5354/19/3 5345/19/3
f 5357/19/3 5355/19/3 5354/19/3
f 5358/19/3 5355/19/3 5357/19/3
f 5359/19/3 5355/19/3 5358/19/3
f 5372/32/3 5361/32/3 5360/32/3
f 5373/32/3 5361/32/3 5372/32/3
f 5374/32/3 5363/32/3 5362/32/3
f 5375/32/3 5363/32/3 5374/32/3
f 5376/32/3 5365/32/3 5364/32/3
f 5377/32/3 5365/32/3 5376/32/3
f 5378/32/3 5367/32/3 5366/32/3
f 5379/32/3 5367/32/3 5378/32/3
f 5380/32/3 5369/32/3 5368/32/3
f 5381/32/3 5369/32/3 5380/32/3
f 5382/32/3 5372/32/3 5360/32/3
f 5383/32/3 5372/32/3 5382/32/3
f 5384/32/3 5374/32/3 5362/32/3
f 5385/32/3 5374/32/3 5384/32/3
f 5386/32/3 5376/32/3 5364/32/3
f 5387/32/3 5376/32/3 5386/32/3
f 5388/32/3 5378/32/3 5366/32/3
f 5389/32/3 5378/32/3 5388/32/3
f 5390/32/3 5380/32/3 5368/32/3
f 5391/32/3 5380/32/3 5390/32/3
f 5392/32/3 5371/32/3 5370/32/3
f 5393/32/3 5371/32/3 5392/32/3
f 5409/20/3 5405/20/3 5404/20/3
f 5410/19/3 5406/19/3 5405/19/3
f 5412/19/3 5408/19/3 5407/19/3
f 5413/20/3 5405/20/3 5409/20/3
f 5414/19/3 5412/19/3 5407/19/3
f 5414/19/3 5413/19/3 5412/19/3
f 5415/19/3 5413/19/3 5414/19/3
f 5416/18/3 5415/18/3 5414/18/3
f 5417/19/3 5413/19/3 5415/19/3
f 5417/18/3 5415/18/3 5416/18/3
f 5418/19/3 5417/19/3 5416/19/3
f 5418/19/3 5413/19/3 5417/19/3
f 5419/19/3 5413/19/3 5418/19/3
f 5420/20/3 5405/20/3 5413/20/3
f 5420/19/3 5413/19/3 5419/19/3
f 5421/19/3 5418/19/3 5416/19/3
f 5422/19/3 5418/19/3 5421/19/3
f 5423/20/3 5405/20/3 5420/20/3
f 5424/20/3 5405/20/3 5423/20/3
f 5425/19/3 5411/19/3 5410/19/3
f 5425/20/3 5405/20/3 5424/20/3
f 5425/19/3 5410/19/3 5405/19/3
f 5426/19/3 5411/19/3 5425/19/3
f 5427/61/3 5395/61/3 5394/61/3
f 5428/61/3 5395/61/3 5427/61/3
f 5429/61/3 5397/61/3 5396/61/3
f 5430/61/3 5397/61/3 5429/61/3
f 5431/61/3 5399/61/3 5398/61/3
f 5432/61/3 5399/61/3 5431/61/3
f 5433/61/3 5401/61/3 5400/61/3
f 5434/61/3 5401/61/3 5433/61/3
f 5435/61/3 5403/61/3 5402/61/3
f 5436/61/3 5403/61/3 5435/61/3
f 5437/58/4 5438/58/4 5441/58/4
f 5441/58/4 5438/58/4 5442/58/4
f 5442/58/4 5438/58/4 5443/58/4
f 5438/41/4 5439/41/4 5444/41/4
f 5443/58/4 5438/58/4 5444/58/4
f 5439/58/4 5440/58/4 5445/58/4
f 5444/41/4 5439/41/4 5445/41/4
f 5445/58/4 5440/58/4 5446/58/4
f 5441/40/4 5442/40/4 5447/40/4
f 5447/40/4 5442/40/4 5448/40/4
f 5444/40/4 5445/40/4 5449/40/4
f 5445/41/4 5446/41/4 5450/41/4
f 5449/40/4 5445/40/4 5450/40/4
f 5441/40/4 5447/40/4 5451/40/4
f 5447/58/4 5448/58/4 5452/58/4
f 5451/40/4 5447/40/4 5452/40/4
f 5448/40/4 5442/40/4 5453/40/4
f 5452/58/4 5448/58/4 5453/58/4
f 5442/58/4 5443/58/4 5454/58/4
f 5453/40/4 5442/40/4 5454/40/4
f 5444/40/4 5449/40/4 5455/40/4
f 5449/3/4 5450/3/4 5455/3/4
f 5450/41/4 5446/41/4 5456/41/4
f 5455/3/4 5450/3/4 5456/3/4
f 5451/3/4 5452/3/4 5457/3/4
f 5452/58/4 5453/58/4 5458/58/4
f 5457/3/4 5452/3/4 5458/3/4
f 5453/58/4 5454/58/4 5458/58/4
f 5443/41/4 5444/41/4 5459/41/4
f 5458/58/4 5454/58/4 5459/58/4
f 5454/58/4 5443/58/4 5459/58/4
f 5444/40/4 5455/40/4 5460/40/4
f 5459/41/4 5444/41/4 5460/41/4
f 5455/58/4 5456/58/4 5461/58/4
f 5460/40/4 5455/40/4 5461/40/4
f 5456/41/4 5446/41/4 5462/41/4
f 5461/58/4 5456/58/4 5462/58/4
f 5462/41/4 5446/41/4 5463/41/4
f 5457/58/4 5458/58/4 5464/58/4
f 5459/58/4 5460/58/4 5464/58/4
f 5458/58/4 5459/58/4 5464/58/4
f 5464/58/4 5460/58/4 5465/58/4
f 5460/41/4 5461/41/4 5466/41/4
f 5465/58/4 5460/58/4 5466/58/4
f 5461/41/4 5462/41/4 5466/41/4
f 5462/58/4 5463/58/4 5467/58/4
f 5466/41/4 5462/41/4 5467/41/4
f 5464/40/4 5465/40/4 5468/40/4
f 5465/58/4 5466/58/4 5469/58/4
f 5468/40/4 5465/40/4 5469/40/4
f 5466/58/4 5467/58/4 5469/58/4
f 5464/40/4 5468/40/4 5470/40/4
f 5468/58/4 5469/58/4 5470/58/4
f 5470/58/4 5469/58/4 5471/58/4
f 5464/40/4 5470/40/4 5472/40/4
f 5470/40/4 5471/40/4 5472/40/4
f 5471/58/4 5469/58/4 5473/58/4
f 5472/40/4 5471/40/4 5473/40/4
f 5464/40/4 5472/40/4 5474/40/4
f 5472/58/4 5473/58/4 5474/58/4
f 5473/58/4 5469/58/4 5475/58/4
f 5474/58/4 5473/58/4 5475/58/4
f 5474/40/4 5475/40/4 5476/40/4
f 5475/58/4 5469/58/4 5476/58/4
f 5469/58/4 5467/58/4 5477/58/4
f 5476/58/4 5469/58/4 5477/58/4
f 5474/40/4 5476/40/4 5478/40/4
f 5464/40/4 5474/40/4 5478/40/4
f 5476/40/4 5477/40/4 5478/40/4
f 5477/58/4 5467/58/4 5479/58/4
f 5478/40/4 5477/40/4 5479/40/4
f 5464/40/4 5478/40/4 5480/40/4
f 5478/58/4 5479/58/4 5480/58/4
f 5480/58/4 5479/58/4 5481/58/4
f 5464/40/4 5480/40/4 5482/40/4
f 5480/40/4 5481/40/4 5482/40/4
f 5482/40/4 5481/40/4 5483/40/4
f 5482/58/4 5483/58/4 5484/58/4
f 5483/40/4 5481/40/4 5485/40/4
f 5484/58/4 5483/58/4 5485/58/4
f 5481/58/4 5479/58/4 5486/58/4
f 5485/40/4 5481/40/4 5486/40/4
f 5467/58/4 5463/58/4 5487/58/4
f 5486/58/4 5479/58/4 5487/58/4
f 5479/58/4 5467/58/4 5487/58/4
f 5488/20/4 5489/20/4 5490/20/4
f 5490/20/4 5489/20/4 5491/20/4
f 5492/20/4 5493/20/4 5494/20/4
f 5494/20/4 5493/20/4 5495/20/4
f 5496/20/4 5497/20/4 5498/20/4
f 5498/20/4 5497/20/4 5499/20/4
f 5496/20/4 5498/20/4 5500/20/4
f 5500/20/4 5498/20/4 5501/20/4
f 5499/20/4 5497/20/4 5502/20/4
f 5502/20/4 5497/20/4 5503/20/4
f 5504/57/4 5505/57/4 5510/57/4
f 5505/20/4 5506/20/4 5511/20/4
f 5510/57/4 5505/57/4 5511/57/4
f 5504/57/4 5510/57/4 5512/57/4
f 5510/59/4 5511/59/4 5512/59/4
f 5511/20/4 5506/20/4 5513/20/4
f 5512/59/4 5511/59/4 5513/59/4
f 5507/20/4 5508/20/4 5514/20/4
f 5514/20/4 5508/20/4 5515/20/4
f 5514/18/4 5515/18/4 5516/18/4
f 5515/20/4 5508/20/4 5517/20/4
f 5516/18/4 5515/18/4 5517/18/4
f 5504/57/4 5512/57/4 5518/57/4
f 5512/57/4 5513/57/4 5518/57/4
f 5513/20/4 5506/20/4 5519/20/4
f 5518/57/4 5513/57/4 5519/57/4
f 5519/20/4 5506/20/4 5520/20/4
f 5516/20/4 5517/20/4 5521/20/4
f 5508/19/4 5509/19/4 5522/19/4
f 5521/20/4 5517/20/4 5522/20/4
f 5517/20/4 5508/20/4 5522/20/4
f 5522/19/4 5509/19/4 5523/19/4
f 5524/58/4 5525/58/4 5526/58/4
f 5526/58/4 5525/58/4 5527/58/4
f 5528/29/4 5529/29/4 5530/29/4
f 5530/29/4 5529/29/4 5531/29/4
f 5530/58/4 5531/58/4 5535/58/4
f 5535/58/4 5531/58/4 5536/58/4
f 5532/58/4 5533/58/4 5537/58/4
f 5537/58/4 5533/58/4 5538/58/4
f 5533/36/4 5534/36/4 5539/36/4
f 5538/58/4 5533/58/4 5539/58/4
f 5534/58/4 5535/58/4 5540/58/4
f 5539/36/4 5534/36/4 5540/36/4
f 5540/58/4 5535/58/4 5541/58/4
f 5541/58/4 5535/58/4 5542/58/4
f 5537/5/4 5538/5/4 5546/5/4
f 5538/36/4 5539/36/4 5547/36/4
f 5546/5/4 5538/5/4 5547/5/4
f 5539/58/4 5540/58/4 5548/58/4
f 5547/36/4 5539/36/4 5548/36/4
f 5540/16/4 5541/16/4 5549/16/4
f 5548/58/4 5540/58/4 5549/58/4
f 5549/16/4 5541/16/4 5550/16/4
f 5543/58/4 5544/58/4 5553/58/4
f 5544/20/4 5545/20/4 5554/20/4
f 5553/58/4 5544/58/4 5554/58/4
f 5543/58/4 5553/58/4 5555/58/4
f 5553/59/4 5554/59/4 5555/59/4
f 5554/20/4 5545/20/4 5556/20/4
f 5555/59/4 5554/59/4 5556/59/4
f 5556/20/4 5545/20/4 5557/20/4
f 5557/20/4 5545/20/4 5558/20/4
f 5551/58/4 5552/58/4 5559/58/4
f 5559/58/4 5552/58/4 5560/58/4
f 5543/58/4 5555/58/4 5561/58/4
f 5555/58/4 5556/58/4 5561/58/4
f 5556/20/4 5557/20/4 5562/20/4
f 5561/58/4 5556/58/4 5562/58/4
f 5557/58/4 5558/58/4 5563/58/4
f 5562/20/4 5557/20/4 5563/20/4
f 5563/58/4 5558/58/4 5564/58/4
f 5567/57/4 5568/57/4 5570/57/4
f 5570/57/4 5568/57/4 5571/57/4
f 5567/57/4 5570/57/4 5575/57/4
f 5570/58/4 5571/58/4 5575/58/4
f 5571/57/4 5568/57/4 5576/57/4
f 5575/58/4 5571/58/4 5576/58/4
f 5568/58/4 5569/58/4 5577/58/4
f 5576/57/4 5568/57/4 5577/57/4
f 5573/19/4 5574/19/4 5578/19/4
f 5572/19/4 5573/19/4 5578/19/4
f 5578/19/4 5574/19/4 5579/19/4
f 5575/59/4 5576/59/4 5583/59/4
f 5576/59/4 5577/59/4 5583/59/4
f 5567/57/4 5575/57/4 5583/57/4
f 5577/58/4 5569/58/4 5584/58/4
f 5583/59/4 5577/59/4 5584/59/4
f 5579/20/4 5580/20/4 5585/20/4
f 5578/20/4 5579/20/4 5585/20/4
f 5581/19/4 5582/19/4 5586/19/4
f 5585/20/4 5580/20/4 5586/20/4
f 5580/19/4 5581/19/4 5586/19/4
f 5586/19/4 5582/19/4 5587/19/4
f 5565/24/4 5566/24/4 5591/24/4
f 5591/24/4 5566/24/4 5592/24/4
f 5578/20/4 5585/20/4 5593/20/4
f 5585/19/4 5586/19/4 5593/19/4
f 5593/19/4 5586/19/4 5594/19/4
f 5586/20/4 5587/20/4 5595/20/4
f 5594/19/4 5586/19/4 5595/19/4
f 5587/20/4 5588/20/4 5595/20/4
f 5588/19/4 5589/19/4 5596/19/4
f 5595/20/4 5588/20/4 5596/20/4
f 5589/20/4 5590/20/4 5597/20/4
f 5596/19/4 5589/19/4 5597/19/4
f 5597/20/4 5590/20/4 5598/20/4
f 5593/20/4 5594/20/4 5599/20/4
f 5578/20/4 5593/20/4 5599/20/4
f 5595/19/4 5596/19/4 5600/19/4
f 5599/20/4 5594/20/4 5600/20/4
f 5594/19/4 5595/19/4 5600/19/4
f 5600/19/4 5596/19/4 5601/19/4
f 5597/19/4 5598/19/4 5602/19/4
f 5596/20/4 5597/20/4 5602/20/4
f 5598/20/4 5590/20/4 5603/20/4
f 5602/19/4 5598/19/4 5603/19/4
f 5600/20/4 5601/20/4 5604/20/4
f 5599/19/4 5600/19/4 5604/19/4
f 5601/19/4 5596/19/4 5605/19/4
f 5604/20/4 5601/20/4 5605/20/4
f 5596/20/4 5602/20/4 5606/20/4
f 5605/19/4 5596/19/4 5606/19/4
f 5602/20/4 5603/20/4 5606/20/4
f 5606/20/4 5603/20/4 5607/20/4
f 5567/57/4 5583/57/4 5608/57/4
f 5583/57/4 5584/57/4 5608/57/4
f 5584/58/4 5569/58/4 5609/58/4
f 5608/57/4 5584/57/4 5609/57/4
f 5609/58/4 5569/58/4 5610/58/4
f 5604/19/4 5605/19/4 5611/19/4
f 5599/19/4 5604/19/4 5611/19/4
f 5605/20/4 5606/20/4 5612/20/4
f 5611/19/4 5605/19/4 5612/19/4
f 5606/19/4 5607/19/4 5613/19/4
f 5612/20/4 5606/20/4 5613/20/4
f 5613/19/4 5607/19/4 5614/19/4
f 5607/20/4 5603/20/4 5615/20/4
f 5614/19/4 5607/19/4 5615/19/4
f 5603/20/4 5590/20/4 5616/20/4
f 5615/20/4 5603/20/4 5616/20/4
f 5599/19/4 5611/19/4 5617/19/4
f 5613/20/4 5614/20/4 5618/20/4
f 5617/19/4 5611/19/4 5618/19/4
f 5611/20/4 5612/20/4 5618/20/4
f 5612/20/4 5613/20/4 5618/20/4
f 5618/20/4 5614/20/4 5619/20/4
f 5615/19/4 5616/19/4 5620/19/4
f 5619/20/4 5614/20/4 5620/20/4
f 5614/19/4 5615/19/4 5620/19/4
f 5620/19/4 5616/19/4 5621/19/4
f 5618/20/4 5619/20/4 5622/20/4
f 5617/20/4 5618/20/4 5622/20/4
f 5619/19/4 5620/19/4 5623/19/4
f 5622/20/4 5619/20/4 5623/20/4
f 5623/19/4 5620/19/4 5624/19/4
f 5620/20/4 5621/20/4 5625/20/4
f 5624/19/4 5620/19/4 5625/19/4
f 5621/19/4 5616/19/4 5626/19/4
f 5625/20/4 5621/20/4 5626/20/4
f 5616/20/4 5590/20/4 5627/20/4
f 5626/19/4 5616/19/4 5627/19/4
f 5617/20/4 5622/20/4 5628/20/4
f 5622/19/4 5623/19/4 5629/19/4
f 5628/20/4 5622/20/4 5629/20/4
f 5623/20/4 5624/20/4 5630/20/4
f 5629/19/4 5623/19/4 5630/19/4
f 5624/19/4 5625/19/4 5631/19/4
f 5630/20/4 5624/20/4 5631/20/4
f 5625/19/4 5626/19/4 5631/19/4
f 5626/20/4 5627/20/4 5632/20/4
f 5631/19/4 5626/19/4 5632/19/4
f 5627/20/4 5590/20/4 5633/20/4
f 5632/20/4 5627/20/4 5633/20/4
f 5633/20/4 5590/20/4 5634/20/4
f 5635/19/4 5636/19/4 5637/19/4
f 5635/19/4 5637/19/4 5641/19/4
f 5637/19/4 5638/19/4 5641/19/4
f 5638/19/4 5639/19/4 5641/19/4
f 5641/19/4 5639/19/4 5642/19/4
f 5641/18/4 5642/18/4 5643/18/4
f 5642/19/4 5639/19/4 5644/19/4
f 5643/18/4 5642/18/4 5644/18/4
f 5643/19/4 5644/19/4 5645/19/4
f 5644/19/4 5639/19/4 5645/19/4
f 5639/20/4 5640/20/4 5646/20/4
f 5645/19/4 5639/19/4 5646/19/4
f 5646/20/4 5640/20/4 5647/20/4
f 5643/19/4 5645/19/4 5648/19/4
f 5648/19/4 5645/19/4 5649/19/4
f 5650/58/4 5651/58/4 5652/58/4
f 5652/58/4 5651/58/4 5653/58/4
f 5664/19/4 5665/19/4 5666/19/4
f 5666/19/4 5665/19/4 5667/19/4
f 5666/18/4 5667/18/4 5668/18/4
f 5667/19/4 5665/19/4 5669/19/4
f 5668/18/4 5667/18/4 5669/18/4
f 5668/19/4 5669/19/4 5670/19/4
f 5669/19/4 5665/19/4 5671/19/4
f 5670/19/4 5669/19/4 5671/19/4
f 5672/58/4 5673/58/4 5675/58/4
f 5674/58/4 5675/58/4 5676/58/4
f 5675/58/4 5673/58/4 5677/58/4
f 5676/58/4 5675/58/4 5677/58/4
f 5654/61/4 5655/61/4 5678/61/4
f 5678/61/4 5655/61/4 5679/61/4
f 5656/61/4 5657/61/4 5680/61/4
f 5680/61/4 5657/61/4 5681/61/4
f 5658/61/4 5659/61/4 5682/61/4
f 5682/61/4 5659/61/4 5683/61/4
f 5660/61/4 5661/61/4 5684/61/4
f 5684/61/4 5661/61/4 5685/61/4
f 5662/61/4 5663/61/4 5686/61/4
f 5686/61/4 5663/61/4 5687/61/4
f 5688/46/4 5689/46/4 5701/46/4
f 5701/46/4 5689/46/4 5702/46/4
f 5690/29/4 5691/29/4 5707/29/4
f 5707/29/4 5691/29/4 5708/29/4
f 5692/32/4 5693/32/4 5709/32/4
f 5694/32/4 5695/32/4 5711/32/4
f 5696/32/4 5697/32/4 5713/32/4
f 5698/32/4 5699/32/4 5715/32/4
f 5700/32/4 5701/32/4 5717/32/4
f 5709/32/4 5710/32/4 5719/32/4
f 5692/32/4 5709/32/4 5719/32/4
f 5719/32/4 5710/32/4 5720/32/4
f 5711/32/4 5712/32/4 5721/32/4
f 5694/32/4 5711/32/4 5721/32/4
f 5721/32/4 5712/32/4 5722/32/4
f 5713/32/4 5714/32/4 5723/32/4
f 5696/32/4 5713/32/4 5723/32/4
f 5723/32/4 5714/32/4 5724/32/4
f 5715/32/4 5716/32/4 5725/32/4
f 5698/32/4 5715/32/4 5725/32/4
f 5725/32/4 5716/32/4 5726/32/4
f 5717/32/4 5718/32/4 5727/32/4
f 5700/32/4 5717/32/4 5727/32/4
f 5727/32/4 5718/32/4 5728/32/4
f 5705/32/4 5706/32/4 5729/32/4
f 5706/32/4 5707/32/4 5729/32/4
f 5703/32/4 5704/32/4 5729/32/4
f 5704/32/4 5705/32/4 5729/32/4
f 5729/32/4 5707/32/4 5730/32/4
f 5731/19/4 5732/19/4 5735/19/4
f 5732/8/4 5733/8/4 5735/8/4
f 5733/19/4 5734/19/4 5736/19/4
f 5735/8/4 5733/8/4 5736/8/4
f 5731/19/4 5735/19/4 5737/19/4
f 5735/19/4 5736/19/4 5737/19/4
f 5737/19/4 5736/19/4 5738/19/4
f 5736/19/4 5734/19/4 5739/19/4
f 5738/19/4 5736/19/4 5739/19/4
f 5737/62/4 5738/62/4 5740/62/4
f 5738/58/4 5739/58/4 5740/58/4
f 5739/19/4 5734/19/4 5741/19/4
f 5740/58/4 5739/58/4 5741/58/4
f 5737/62/4 5740/62/4 5742/62/4
f 5740/62/4 5741/62/4 5742/62/4
f 5741/19/4 5734/19/4 5743/19/4
f 5742/62/4 5741/62/4 5743/62/4
f 5731/19/4 5737/19/4 5744/19/4
f 5737/62/4 5742/62/4 5745/62/4
f 5744/19/4 5737/19/4 5745/19/4
f 5742/58/4 5743/58/4 5746/58/4
f 5745/62/4 5742/62/4 5746/62/4
f 5743/19/4 5734/19/4 5747/19/4
f 5746/58/4 5743/58/4 5747/58/4
f 5747/19/4 5734/19/4 5748/19/4
f 5749/58/4 5750/58/4 5752/58/4
f 5752/58/4 5750/58/4 5753/58/4
f 5751/58/4 5752/58/4 5753/58/4
f 5753/58/4 5750/58/4 5754/58/4
f 5751/58/4 5753/58/4 5755/58/4
f 5755/58/4 5753/58/4 5756/58/4
f 5757/58/4 5758/58/4 5759/58/4
f 5759/58/4 5758/58/4 5760/58/4
f 5760/58/4 5758/58/4 5761/58/4
f 5761/58/4 5758/58/4 5762/58/4
f 5763/32/4 5764/32/4 5775/32/4
f 5775/32/4 5764/32/4 5776/32/4
f 5765/32/4 5766/32/4 5777/32/4
f 5777/32/4 5766/32/4 5778/32/4
f 5767/32/4 5768/32/4 5779/32/4
f 5779/32/4 5768/32/4 5780/32/4
f 5769/32/4 5770/32/4 5781/32/4
f 5781/32/4 5770/32/4 5782/32/4
f 5771/32/4 5772/32/4 5783/32/4
f 5783/32/4 5772/32/4 5784/32/4
f 5763/32/4 5775/32/4 5785/32/4
f 5785/32/4 5775/32/4 5786/32/4
f 5765/32/4 5777/32/4 5787/32/4
f 5787/32/4 5777/32/4 5788/32/4
f 5767/32/4 5779/32/4 5789/32/4
f 5789/32/4 5779/32/4 5790/32/4
f 5769/32/4 5781/32/4 5791/32/4
f 5791/32/4 5781/32/4 5792/32/4
f 5771/32/4 5783/32/4 5793/32/4
f 5793/32/4 5783/32/4 5794/32/4
f 5773/32/4 5774/32/4 5795/32/4
f 5795/32/4 5774/32/4 5796/32/4
f 5797/46/4 5798/46/4 5801/46/4
f 5801/46/4 5798/46/4 5802/46/4
f 5799/29/4 5800/29/4 5803/29/4
f 5803/29/4 5800/29/4 5804/29/4
f 5807/2/4 5808/2/4 5811/2/4
f 5811/2/4 5808/2/4 5812/2/4
f 5809/2/4 5810/2/4 5813/2/4
f 5813/2/4 5810/2/4 5814/2/4
f 5805/20/4 5806/20/4 5815/20/4
f 5815/20/4 5806/20/4 5816/20/4
f 5817/26/4 5818/26/4 5820/26/4
f 5818/58/4 5819/58/4 5821/58/4
f 5820/26/4 5818/26/4 5821/26/4
f 5821/58/4 5819/58/4 5822/58/4
f 5823/55/4 5824/55/4 5825/55/4
f 5825/55/4 5824/55/4 5826/55/4
f 5826/55/4 5824/55/4 5827/55/4
f 5830/40/4 5831/40/4 5835/40/4
f 5828/40/4 5829/40/4 5835/40/4
f 5829/40/4 5830/40/4 5835/40/4
f 5832/59/4 5833/59/4 5836/59/4
f 5835/40/4 5831/40/4 5836/40/4
f 5831/59/4 5832/59/4 5836/59/4
f 5833/58/4 5834/58/4 5837/58/4
f 5836/59/4 5833/59/4 5837/59/4
f 5837/58/4 5834/58/4 5838/58/4
f 5838/58/4 5834/58/4 5839/58/4
f 5840/40/4 5841/40/4 5844/40/4
f 5844/40/4 5841/40/4 5845/40/4
f 5841/59/4 5842/59/4 5846/59/4
f 5845/40/4 5841/40/4 5846/40/4
f 5846/59/4 5842/59/4 5847/59/4
f 5842/58/4 5843/58/4 5848/58/4
f 5847/59/4 5842/59/4 5848/59/4
f 5848/58/4 5843/58/4 5849/58/4
f 5850/53/4 5851/53/4 5852/53/4
f 5852/53/4 5851/53/4 5853/53/4
f 5854/10/4 5855/10/4 5858/10/4
f 5858/10/4 5855/10/4 5859/10/4
f 5860/9/4 5861/9/4 5862/9/4
f 5862/9/4 5861/9/4 5863/9/4
f 5856/16/4 5857/16/4 5865/16/4
f 5865/16/4 5857/16/4 5866/16/4
f 5863/9/4 5864/9/4 5868/9/4
f 5868/9/4 5864/9/4 5869/9/4
f 5867/9/4 5868/9/4 5872/9/4
f 5872/9/4 5868/9/4 5873/9/4
f 5870/9/4 5871/9/4 5874/9/4
f 5874/9/4 5871/9/4 5875/9/4
f 5876/6/4 5877/6/4 5879/6/4
f 5877/58/4 5878/58/4 5880/58/4
f 5879/6/4 5877/6/4 5880/6/4
f 5880/58/4 5878/58/4 5881/58/4
f 5882/57/4 5883/57/4 5887/57/4
f 5883/59/4 5884/59/4 5888/59/4
f 5887/57/4 5883/57/4 5888/57/4
f 5884/4/4 5885/4/4 5889/4/4
f 5888/59/4 5884/59/4 5889/59/4
f 5885/59/4 5886/59/4 5890/59/4
f 5889/4/4 5885/4/4 5890/4/4
f 5890/59/4 5886/59/4 5891/59/4
f 5893/41/4 5894/41/4 5897/41/4
f 5892/41/4 5893/41/4 5897/41/4
f 5894/41/4 5895/41/4 5897/41/4
f 5897/41/4 5895/41/4 5898/41/4
f 5895/60/4 5896/60/4 5899/60/4
f 5898/41/4 5895/41/4 5899/41/4
f 5899/60/4 5896/60/4 5900/60/4
f 5901/20/4 5902/20/4 5903/20/4
f 5903/20/4 5902/20/4 5904/20/4
f 5905/58/4 5906/58/4 5910/58/4
f 5907/10/4 5908/10/4 5911/10/4
f 5911/10/4 5908/10/4 5912/10/4
f 5912/9/4 5913/9/4 5915/9/4
f 5913/10/4 5914/10/4 5916/10/4
f 5915/9/4 5913/9/4 5916/9/4
f 5916/10/4 5914/10/4 5917/10/4
f 5909/58/4 5910/58/4 5919/58/4
f 5910/58/4 5906/58/4 5920/58/4
f 5919/58/4 5910/58/4 5920/58/4
f 5917/9/4 5918/9/4 5922/9/4
f 5916/9/4 5917/9/4 5922/9/4
f 5922/9/4 5918/9/4 5923/9/4
f 5923/9/4 5918/9/4 5924/9/4
f 5921/9/4 5922/9/4 5926/9/4
f 5922/10/4 5923/10/4 5927/10/4
f 5926/9/4 5922/9/4 5927/9/4
f 5927/10/4 5923/10/4 5928/10/4
f 5925/10/4 5926/10/4 5929/10/4
f 5929/10/4 5926/10/4 5930/10/4
f 5931/57/4 5932/57/4 5936/57/4
f 5932/34/4 5933/34/4 5937/34/4
f 5936/57/4 5932/57/4 5937/57/4
f 5933/57/4 5934/57/4 5938/57/4
f 5937/34/4 5933/34/4 5938/34/4
f 5934/59/4 5935/59/4 5939/59/4
f 5938/57/4 5934/57/4 5939/57/4
f 5939/59/4 5935/59/4 5940/59/4
f 5941/57/4 5942/57/4 5949/57/4
f 5949/57/4 5942/57/4 5950/57/4
f 5943/59/4 5944/59/4 5951/59/4
f 5951/59/4 5944/59/4 5952/59/4
f 5947/57/4 5948/57/4 5953/57/4
f 5953/57/4 5948/57/4 5954/57/4
f 5954/57/4 5955/57/4 5958/57/4
f 5958/57/4 5955/57/4 5959/57/4
f 5956/4/4 5957/4/4 5961/4/4
f 5961/4/4 5957/4/4 5962/4/4
f 5963/57/4 5964/57/4 5967/57/4
f 5967/57/4 5964/57/4 5968/57/4
f 5965/59/4 5966/59/4 5969/59/4
f 5969/59/4 5966/59/4 5970/59/4
f 5959/57/4 5960/57/4 5973/57/4
f 5973/57/4 5960/57/4 5974/57/4
f 5971/58/4 5972/58/4 5978/58/4
f 5972/57/4 5973/57/4 5979/57/4
f 5978/58/4 5972/58/4 5979/58/4
f 5979/57/4 5973/57/4 5980/57/4
f 5975/55/4 5976/55/4 5981/55/4
f 5981/55/4 5976/55/4 5982/55/4
f 5977/57/4 5978/57/4 5983/57/4
f 5983/57/4 5978/57/4 5984/57/4
f 5945/42/4 5946/42/4 5985/42/4
f 5985/42/4 5946/42/4 5986/42/4
f 5987/7/4 5988/7/4 5992/7/4
f 5988/55/4 5989/55/4 5993/55/4
f 5992/7/4 5988/7/4 5993/7/4
f 5989/58/4 5990/58/4 5994/58/4
f 5993/55/4 5989/55/4 5994/55/4
f 5990/55/4 5991/55/4 5995/55/4
f 5994/58/4 5990/58/4 5995/58/4
f 5995/55/4 5991/55/4 5996/55/4
f 5997/20/4 5998/20/4 6000/20/4
f 5998/19/4 5999/19/4 6001/19/4
f 6000/20/4 5998/20/4 6001/20/4
f 6001/19/4 5999/19/4 6002/19/4
f 6003/60/4 6004/60/4 6005/60/4
f 6005/60/4 6004/60/4 6006/60/4
f 6007/19/4 6008/19/4 6009/19/4
f 6009/19/4 6008/19/4 6010/19/4
f 6011/52/4 6012/52/4 6017/52/4
f 6012/64/4 6013/64/4 6018/64/4
f 6017/52/4 6012/52/4 6018/52/4
f 6013/1/4 6014/1/4 6019/1/4
f 6018/64/4 6013/64/4 6019/64/4
f 6014/64/4 6015/64/4 6020/64/4
f 6019/1/4 6014/1/4 6020/1/4
f 6015/1/4 6016/1/4 6021/1/4
f 6020/64/4 6015/64/4 6021/64/4
f 6021/1/4 6016/1/4 6022/1/4
f 6023/10/4 6024/10/4 6025/10/4
f 6025/10/4 6024/10/4 6026/10/4
f 6025/9/4 6026/9/4 6028/9/4
f 6026/9/4 6027/9/4 6028/9/4
f 6028/9/4 6027/9/4 6029/9/4
f 6029/9/4 6027/9/4 6030/9/4
f 6028/10/4 6029/10/4 6031/10/4
f 6031/10/4 6029/10/4 6032/10/4
f 6033/57/4 6034/57/4 6036/57/4
f 6034/58/4 6035/58/4 6036/58/4
f 6036/58/4 6035/58/4 6037/58/4
f 6033/57/4 6036/57/4 6038/57/4
f 6038/57/4 6036/57/4 6039/57/4
f 6040/6/4 6041/6/4 6044/6/4
f 6041/58/4 6042/58/4 6045/58/4
f 6044/6/4 6041/6/4 6045/6/4
f 6042/46/4 6043/46/4 6046/46/4
f 6045/58/4 6042/58/4 6046/58/4
f 6046/46/4 6043/46/4 6047/46/4
f 6048/7/4 6049/7/4 6050/7/4
f 6050/7/4 6049/7/4 6051/7/4
f 6052/6/4 6053/6/4 6056/6/4
f 6053/58/4 6054/58/4 6057/58/4
f 6056/6/4 6053/6/4 6057/6/4
f 6054/46/4 6055/46/4 6058/46/4
f 6057/58/4 6054/58/4 6058/58/4
f 6058/46/4 6055/46/4 6059/46/4
f 6060/59/4 6061/59/4 6066/59/4
f 6061/1/4 6062/1/4 6067/1/4
f 6066/59/4 6061/59/4 6067/59/4
f 6062/4/4 6063/4/4 6068/4/4
f 6067/1/4 6062/1/4 6068/1/4
f 6063/59/4 6064/59/4 6069/59/4
f 6068/4/4 6063/4/4 6069/4/4
f 6069/59/4 6064/59/4 6070/59/4
f 6065/57/4 6066/57/4 6074/57/4
f 6074/57/4 6066/57/4 6075/57/4
f 6070/59/4 6071/59/4 6076/59/4
f 6076/59/4 6071/59/4 6077/59/4
f 6072/57/4 6073/57/4 6078/57/4
f 6078/57/4 6073/57/4 6079/57/4
f 6077/59/4 6071/59/4 6084/59/4
f 6081/57/4 6082/57/4 6085/57/4
f 6085/57/4 6082/57/4 6086/57/4
f 6083/59/4 6084/59/4 6090/59/4
f 6084/59/4 6071/59/4 6091/59/4
f 6090/59/4 6084/59/4 6091/59/4
f 6086/59/4 6087/59/4 6092/59/4
f 6087/1/4 6088/1/4 6093/1/4
f 6092/59/4 6087/59/4 6093/59/4
f 6088/4/4 6089/4/4 6094/4/4
f 6093/1/4 6088/1/4 6094/1/4
f 6089/59/4 6090/59/4 6095/59/4
f 6094/4/4 6089/4/4 6095/4/4
f 6095/59/4 6090/59/4 6096/59/4
f 6079/57/4 6080/57/4 6098/57/4
f 6098/57/4 6080/57/4 6099/57/4
f 6097/57/4 6098/57/4 6100/57/4
f 6100/57/4 6098/57/4 6101/57/4
f 6102/55/4 6103/55/4 6104/55/4
f 6104/55/4 6103/55/4 6105/55/4
f 6102/55/4 6104/55/4 6106/55/4
f 6104/58/4 6105/58/4 6107/58/4
f 6106/55/4 6104/55/4 6107/55/4
f 6105/55/4 6103/55/4 6108/55/4
f 6107/58/4 6105/58/4 6108/58/4
f 6106/7/4 6107/7/4 6109/7/4
f 6107/55/4 6108/55/4 6110/55/4
f 6109/7/4 6107/7/4 6110/7/4
f 6108/55/4 6103/55/4 6111/55/4
f 6110/55/4 6108/55/4 6111/55/4
f 6112/41/4 6113/41/4 6118/41/4
f 6113/58/4 6114/58/4 6119/58/4
f 6118/41/4 6113/41/4 6119/41/4
f 6114/57/4 6115/57/4 6120/57/4
f 6119/58/4 6114/58/4 6120/58/4
f 6115/59/4 6116/59/4 6121/59/4
f 6120/57/4 6115/57/4 6121/57/4
f 6116/58/4 6117/58/4 6122/58/4
f 6121/59/4 6116/59/4 6122/59/4
f 6122/58/4 6117/58/4 6123/58/4
f 6124/40/4 6125/40/4 6128/40/4
f 6125/60/4 6126/60/4 6129/60/4
f 6128/40/4 6125/40/4 6129/40/4
f 6126/58/4 6127/58/4 6130/58/4
f 6129/60/4 6126/60/4 6130/60/4
f 6130/58/4 6127/58/4 6131/58/4
f 6132/58/4 6133/58/4 6134/58/4
f 6134/58/4 6133/58/4 6135/58/4
f 6136/53/4 6137/53/4 6138/53/4
f 6138/53/4 6137/53/4 6139/53/4
f 6140/57/4 6141/57/4 6145/57/4
f 6141/34/4 6142/34/4 6146/34/4
f 6145/57/4 6141/57/4 6146/57/4
f 6142/57/4 6143/57/4 6147/57/4
f 6146/34/4 6142/34/4 6147/34/4
f 6143/59/4 6144/59/4 6148/59/4
f 6147/57/4 6143/57/4 6148/57/4
f 6148/59/4 6144/59/4 6149/59/4
f 6149/59/4 6150/59/4 6159/59/4
f 6159/59/4 6150/59/4 6160/59/4
f 6151/6/4 6152/6/4 6161/6/4
f 6152/58/4 6153/58/4 6162/58/4
f 6161/6/4 6152/6/4 6162/6/4
f 6153/46/4 6154/46/4 6163/46/4
f 6162/58/4 6153/58/4 6163/58/4
f 6163/46/4 6154/46/4 6164/46/4
f 6155/57/4 6156/57/4 6165/57/4
f 6156/34/4 6157/34/4 6166/34/4
f 6165/57/4 6156/57/4 6166/57/4
f 6157/57/4 6158/57/4 6167/57/4
f 6166/34/4 6157/34/4 6167/34/4
f 6158/59/4 6159/59/4 6168/59/4
f 6167/57/4 6158/57/4 6168/57/4
f 6168/59/4 6159/59/4 6169/59/4
f 6170/59/4 6171/59/4 6176/59/4
f 6173/59/4 6174/59/4 6177/59/4
f 6175/57/4 6176/57/4 6181/57/4
f 6176/59/4 6171/59/4 6182/59/4
f 6181/57/4 6176/57/4 6182/57/4
f 6173/59/4 6177/59/4 6183/59/4
f 6177/59/4 6178/59/4 6183/59/4
f 6183/59/4 6178/59/4 6184/59/4
f 6182/59/4 6171/59/4 6185/59/4
f 6171/1/4 6172/1/4 6186/1/4
f 6185/59/4 6171/59/4 6186/59/4
f 6172/4/4 6173/4/4 6187/4/4
f 6186/1/4 6172/1/4 6187/1/4
f 6173/59/4 6183/59/4 6188/59/4
f 6187/4/4 6173/4/4 6188/4/4
f 6188/59/4 6183/59/4 6189/59/4
f 6179/57/4 6180/57/4 6190/57/4
f 6190/57/4 6180/57/4 6191/57/4
f 6194/41/4 6195/41/4 6198/41/4
f 6198/41/4 6195/41/4 6199/41/4
f 6195/60/4 6196/60/4 6200/60/4
f 6199/41/4 6195/41/4 6200/41/4
f 6200/60/4 6196/60/4 6201/60/4
f 6196/58/4 6197/58/4 6202/58/4
f 6201/60/4 6196/60/4 6202/60/4
f 6198/40/4 6199/40/4 6203/40/4
f 6200/59/4 6201/59/4 6203/59/4
f 6199/59/4 6200/59/4 6203/59/4
f 6203/59/4 6201/59/4 6204/59/4
f 6201/58/4 6202/58/4 6205/58/4
f 6204/59/4 6201/59/4 6205/59/4
f 6205/58/4 6202/58/4 6206/58/4
f 6203/40/4 6204/40/4 6207/40/4
f 6198/40/4 6203/40/4 6207/40/4
f 6205/60/4 6206/60/4 6208/60/4
f 6207/40/4 6204/40/4 6208/40/4
f 6204/60/4 6205/60/4 6208/60/4
f 6206/58/4 6202/58/4 6209/58/4
f 6208/60/4 6206/60/4 6209/60/4
f 6202/58/4 6197/58/4 6210/58/4
f 6209/58/4 6202/58/4 6210/58/4
f 6192/58/4 6193/58/4 6211/58/4
f 6211/58/4 6193/58/4 6212/58/4
f 6215/52/4 6216/52/4 6219/52/4
f 6216/1/4 6217/1/4 6220/1/4
f 6219/52/4 6216/52/4 6220/52/4
f 6217/46/4 6218/46/4 6221/46/4
f 6220/1/4 6217/1/4 6221/1/4
f 6221/46/4 6218/46/4 6222/46/4
f 6223/24/4 6224/24/4 6225/24/4
f 6225/24/4 6224/24/4 6226/24/4
f 6213/20/4 6214/20/4 6227/20/4
f 6227/20/4 6214/20/4 6228/20/4
f 6223/24/4 6225/24/4 6229/24/4
f 6229/24/4 6225/24/4 6230/24/4
f 6223/24/4 6229/24/4 6233/24/4
f 6233/24/4 6229/24/4 6234/24/4
f 6231/57/4 6232/57/4 6235/57/4
f 6235/57/4 6232/57/4 6236/57/4
f 6237/27/4 6238/27/4 6245/27/4
f 6239/12/4 6240/12/4 6247/12/4
f 6242/58/4 6243/58/4 6248/58/4
f 6247/12/4 6240/12/4 6248/12/4
f 6240/58/4 6241/58/4 6248/58/4
f 6241/58/4 6242/58/4 6248/58/4
f 6243/12/4 6244/12/4 6249/12/4
f 6248/58/4 6243/58/4 6249/58/4
f 6249/12/4 6244/12/4 6250/12/4
f 6245/27/4 6246/27/4 6251/27/4
f 6237/27/4 6245/27/4 6251/27/4
f 6251/27/4 6246/27/4 6252/27/4
f 6253/57/4 6254/57/4 6258/57/4
f 6254/34/4 6255/34/4 6259/34/4
f 6258/57/4 6254/57/4 6259/57/4
f 6255/57/4 6256/57/4 6260/57/4
f 6259/34/4 6255/34/4 6260/34/4
f 6256/59/4 6257/59/4 6261/59/4
f 6260/57/4 6256/57/4 6261/57/4
f 6261/59/4 6257/59/4 6262/59/4
f 6263/15/4 6264/15/4 6265/15/4
f 6263/15/4 6265/15/4 6268/15/4
f 6268/15/4 6265/15/4 6269/15/4
f 6266/19/4 6267/19/4 6270/19/4
f 6270/19/4 6267/19/4 6271/19/4
f 6268/17/4 6269/17/4 6272/17/4
f 6272/17/4 6269/17/4 6273/17/4
f 6273/17/4 6269/17/4 6274/17/4
f 6275/19/4 6276/19/4 6279/19/4
f 6279/19/4 6276/19/4 6280/19/4
f 6277/46/4 6278/46/4 6283/46/4
f 6283/46/4 6278/46/4 6284/46/4
f 6285/22/4 6286/22/4 6287/22/4
f 6287/22/4 6286/22/4 6288/22/4
f 6281/20/4 6282/20/4 6289/20/4
f 6289/20/4 6282/20/4 6290/20/4
f 6291/58/4 6292/58/4 6295/58/4
f 6295/58/4 6292/58/4 6296/58/4
f 6293/16/4 6294/16/4 6297/16/4
f 6297/16/4 6294/16/4 6298/16/4
f 6299/58/4 6300/58/4 6301/58/4
f 6301/58/4 6300/58/4 6302/58/4
f 6303/31/4 6304/31/4 6305/31/4
f 6305/31/4 6304/31/4 6306/31/4
f 6307/19/4 6308/19/4 6309/19/4
f 6309/19/4 6308/19/4 6310/19/4
f 6311/19/4 6312/19/4 6313/19/4
f 6313/19/4 6312/19/4 6314/19/4
f 6315/59/4 6316/59/4 6317/59/4
f 6317/59/4 6316/59/4 6318/59/4
f 6319/12/4 6320/12/4 6325/12/4
f 6320/58/4 6321/58/4 6326/58/4
f 6325/12/4 6320/12/4 6326/12/4
f 6321/40/4 6322/40/4 6327/40/4
f 6326/58/4 6321/58/4 6327/58/4
f 6322/58/4 6323/58/4 6328/58/4
f 6327/40/4 6322/40/4 6328/40/4
f 6323/12/4 6324/12/4 6329/12/4
f 6328/58/4 6323/58/4 6329/58/4
f 6329/12/4 6324/12/4 6330/12/4
f 6330/12/4 6331/12/4 6333/12/4
f 6333/12/4 6331/12/4 6334/12/4
f 6332/12/4 6333/12/4 6335/12/4
f 6335/12/4 6333/12/4 6336/12/4
f 6337/59/4 6338/59/4 6339/59/4
f 6339/59/4 6338/59/4 6340/59/4
f 6341/20/4 6342/20/4 6344/20/4
f 6342/19/4 6343/19/4 6345/19/4
f 6344/20/4 6342/20/4 6345/20/4
f 6345/19/4 6343/19/4 6346/19/4
f 6347/57/4 6348/57/4 6351/57/4
f 6351/57/4 6348/57/4 6352/57/4
f 6349/59/4 6350/59/4 6353/59/4
f 6354/65/4 6355/65/4 6358/65/4
f 6355/59/4 6356/59/4 6359/59/4
f 6358/65/4 6355/65/4 6359/65/4
f 6356/25/4 6357/25/4 6360/25/4
f 6359/59/4 6356/59/4 6360/59/4
f 6360/25/4 6357/25/4 6361/25/4
f 6353/59/4 6350/59/4 6366/59/4
f 6350/57/4 6351/57/4 6367/57/4
f 6366/59/4 6350/59/4 6367/59/4
f 6367/57/4 6351/57/4 6368/57/4
f 6363/46/4 6364/46/4 6369/46/4
f 6362/46/4 6363/46/4 6369/46/4
f 6364/64/4 6365/64/4 6370/64/4
f 6369/46/4 6364/46/4 6370/46/4
f 6370/64/4 6365/64/4 6371/64/4
f 6368/57/4 6351/57/4 6375/57/4
f 6375/57/4 6351/57/4 6376/57/4
f 6372/22/4 6373/22/4 6377/22/4
f 6373/52/4 6374/52/4 6378/52/4
f 6377/22/4 6373/22/4 6378/22/4
f 6378/52/4 6374/52/4 6379/52/4
f 6380/21/4 6381/21/4 6382/21/4
f 6382/21/4 6381/21/4 6383/21/4
f 6384/21/4 6385/21/4 6386/21/4
f 6386/21/4 6385/21/4 6387/21/4
f 6388/58/4 6389/58/4 6392/58/4
f 6389/57/4 6390/57/4 6393/57/4
f 6392/58/4 6389/58/4 6393/58/4
f 6390/58/4 6391/58/4 6394/58/4
f 6393/57/4 6390/57/4 6394/57/4
f 6394/58/4 6391/58/4 6395/58/4
f 6395/58/4 6396/58/4 6400/58/4
f 6400/58/4 6396/58/4 6401/58/4
f 6397/58/4 6398/58/4 6402/58/4
f 6398/57/4 6399/57/4 6403/57/4
f 6402/58/4 6398/58/4 6403/58/4
f 6399/58/4 6400/58/4 6404/58/4
f 6403/57/4 6399/57/4 6404/57/4
f 6404/58/4 6400/58/4 6405/58/4
f 6406/58/4 6407/58/4 6409/58/4
f 6407/59/4 6408/59/4 6410/59/4
f 6409/58/4 6407/58/4 6410/58/4
f 6410/59/4 6408/59/4 6411/59/4
f 6412/58/4 6413/58/4 6416/58/4
f 6416/58/4 6413/58/4 6417/58/4
f 6416/64/4 6417/64/4 6419/64/4
f 6417/64/4 6418/64/4 6419/64/4
f 6419/64/4 6418/64/4 6420/64/4
f 6420/64/4 6418/64/4 6421/64/4
f 6422/59/4 6423/59/4 6426/59/4
f 6423/65/4 6424/65/4 6426/65/4
f 6424/59/4 6425/59/4 6427/59/4
f 6426/65/4 6424/65/4 6427/65/4
f 6427/59/4 6425/59/4 6428/59/4
f 6426/59/4 6427/59/4 6429/59/4
f 6427/65/4 6428/65/4 6429/65/4
f 6428/59/4 6425/59/4 6430/59/4
f 6429/65/4 6428/65/4 6430/65/4
f 6430/59/4 6425/59/4 6431/59/4
f 6429/59/4 6430/59/4 6434/59/4
f 6430/65/4 6431/65/4 6434/65/4
f 6431/59/4 6425/59/4 6435/59/4
f 6434/65/4 6431/65/4 6435/65/4
f 6435/59/4 6425/59/4 6436/59/4
f 6432/20/4 6433/20/4 6437/20/4
f 6437/20/4 6433/20/4 6438/20/4
f 6434/59/4 6435/59/4 6439/59/4
f 6435/65/4 6436/65/4 6439/65/4
f 6436/59/4 6425/59/4 6440/59/4
f 6439/65/4 6436/65/4 6440/65/4
f 6440/59/4 6425/59/4 6441/59/4
f 6429/59/4 6434/59/4 6442/59/4
f 6422/59/4 6426/59/4 6442/59/4
f 6426/59/4 6429/59/4 6442/59/4
f 6439/59/4 6440/59/4 6442/59/4
f 6434/59/4 6439/59/4 6442/59/4
f 6440/65/4 6441/65/4 6443/65/4
f 6442/59/4 6440/59/4 6443/59/4
f 6441/59/4 6425/59/4 6444/59/4
f 6443/65/4 6441/65/4 6444/65/4
f 6444/59/4 6425/59/4 6445/59/4
f 6414/18/4 6415/18/4 6448/18/4
f 6448/18/4 6415/18/4 6449/18/4
f 6446/57/4 6447/57/4 6451/57/4
f 6450/57/4 6451/57/4 6456/57/4
f 6451/57/4 6447/57/4 6457/57/4
f 6456/57/4 6451/57/4 6457/57/4
f 6452/58/4 6453/58/4 6458/58/4
f 6453/57/4 6454/57/4 6459/57/4
f 6458/58/4 6453/58/4 6459/58/4
f 6454/58/4 6455/58/4 6460/58/4
f 6459/57/4 6454/57/4 6460/57/4
f 6460/58/4 6455/58/4 6461/58/4
f 6462/58/4 6463/58/4 6465/58/4
f 6464/58/4 6465/58/4 6466/58/4
f 6465/58/4 6463/58/4 6467/58/4
f 6466/58/4 6465/58/4 6467/58/4
f 6468/40/4 6469/40/4 6472/40/4
f 6469/57/4 6470/57/4 6473/57/4
f 6472/40/4 6469/40/4 6473/40/4
f 6470/40/4 6471/40/4 6474/40/4
f 6473/57/4 6470/57/4 6474/57/4
f 6474/40/4 6471/40/4 6475/40/4
f 6476/20/4 6477/20/4 6478/20/4
f 6478/20/4 6477/20/4 6479/20/4
f 6480/19/4 6481/19/4 6482/19/4
f 6482/19/4 6481/19/4 6483/19/4
f 6483/19/4 6484/19/4 6487/19/4
f 6487/19/4 6484/19/4 6488/19/4
f 6485/20/4 6486/20/4 6490/20/4
f 6490/20/4 6486/20/4 6491/20/4
f 6488/19/4 6489/19/4 6492/19/4
f 6492/19/4 6489/19/4 6493/19/4
f 6494/19/4 6495/19/4 6497/19/4
f 6497/19/4 6495/19/4 6498/19/4
f 6480/19/4 6482/19/4 6499/19/4
f 6496/19/4 6497/19/4 6500/19/4
f 6500/19/4 6497/19/4 6501/19/4
f 6480/19/4 6499/19/4 6502/19/4
f 6499/19/4 6500/19/4 6502/19/4
f 6502/19/4 6500/19/4 6503/19/4
f 6504/19/4 6505/19/4 6510/19/4
f 6510/19/4 6505/19/4 6511/19/4
f 6506/65/4 6507/65/4 6512/65/4
f 6507/25/4 6508/25/4 6513/25/4
f 6512/65/4 6507/65/4 6513/65/4
f 6508/65/4 6509/65/4 6514/65/4
f 6513/25/4 6508/25/4 6514/25/4
f 6514/65/4 6509/65/4 6515/65/4
f 6510/18/4 6511/18/4 6516/18/4
f 6511/19/4 6505/19/4 6517/19/4
f 6516/18/4 6511/18/4 6517/18/4
f 6516/19/4 6517/19/4 6527/19/4
f 6517/19/4 6505/19/4 6528/19/4
f 6527/19/4 6517/19/4 6528/19/4
f 6525/11/4 6526/11/4 6529/11/4
f 6529/11/4 6526/11/4 6530/11/4
f 6518/48/4 6519/48/4 6531/48/4
f 6519/48/4 6520/48/4 6531/48/4
f 6523/48/4 6524/48/4 6531/48/4
f 6522/48/4 6523/48/4 6531/48/4
f 6521/48/4 6522/48/4 6531/48/4
f 6520/48/4 6521/48/4 6531/48/4
f 6531/48/4 6524/48/4 6532/48/4
f 6533/55/4 6534/55/4 6535/55/4
f 6535/55/4 6534/55/4 6536/55/4
f 6536/55/4 6534/55/4 6537/55/4
f 6537/55/4 6534/55/4 6538/55/4
f 6539/33/4 6540/33/4 6541/33/4
f 6541/33/4 6540/33/4 6542/33/4
f 6542/33/4 6540/33/4 6545/33/4
f 6545/33/4 6540/33/4 6546/33/4
f 6543/54/4 6544/54/4 6547/54/4
f 6547/54/4 6544/54/4 6548/54/4
f 6549/57/4 6550/57/4 6551/57/4
f 6551/57/4 6550/57/4 6552/57/4
f 6553/24/4 6554/24/4 6555/24/4
f 6556/20/4 6557/20/4 6558/20/4
f 6558/20/4 6557/20/4 6559/20/4
f 6555/24/4 6554/24/4 6560/24/4
f 6560/24/4 6554/24/4 6561/24/4
f 6561/24/4 6554/24/4 6562/24/4
f 6563/20/4 6564/20/4 6565/20/4
f 6565/20/4 6564/20/4 6566/20/4
f 6567/35/4 6568/35/4 6569/35/4
f 6569/35/4 6568/35/4 6570/35/4
f 6567/35/4 6569/35/4 6571/35/4
f 6567/35/4 6571/35/4 6573/35/4
f 6571/35/4 6572/35/4 6573/35/4
f 6573/35/4 6572/35/4 6574/35/4
f 6575/58/4 6576/58/4 6577/58/4
f 6577/58/4 6576/58/4 6578/58/4
f 6582/40/4 6583/40/4 6586/40/4
f 6583/57/4 6584/57/4 6587/57/4
f 6586/40/4 6583/40/4 6587/40/4
f 6584/40/4 6585/40/4 6588/40/4
f 6587/57/4 6584/57/4 6588/57/4
f 6588/40/4 6585/40/4 6589/40/4
f 6589/40/4 6590/40/4 6592/40/4
f 6592/40/4 6590/40/4 6593/40/4
f 6591/40/4 6592/40/4 6594/40/4
f 6594/40/4 6592/40/4 6595/40/4
f 6579/64/4 6580/64/4 6596/64/4
f 6580/49/4 6581/49/4 6597/49/4
f 6596/64/4 6580/64/4 6597/64/4
f 6597/49/4 6581/49/4 6598/49/4
f 6599/37/4 6600/37/4 6603/37/4
f 6601/37/4 6602/37/4 6603/37/4
f 6600/37/4 6601/37/4 6603/37/4
f 6603/37/4 6602/37/4 6604/37/4
f 6604/37/4 6602/37/4 6605/37/4
f 6605/37/4 6602/37/4 6606/37/4
f 6607/57/4 6608/57/4 6609/57/4
f 6609/57/4 6608/57/4 6610/57/4
f 6611/64/4 6612/64/4 6614/64/4
f 6612/33/4 6613/33/4 6615/33/4
f 6614/64/4 6612/64/4 6615/64/4
f 6615/33/4 6613/33/4 6616/33/4
f 6617/11/4 6618/11/4 6620/11/4
f 6618/46/4 6619/46/4 6621/46/4
f 6620/11/4 6618/11/4 6621/11/4
f 6621/46/4 6619/46/4 6622/46/4
f 6623/6/4 6624/6/4 6627/6/4
f 6625/6/4 6626/6/4 6627/6/4
f 6624/6/4 6625/6/4 6627/6/4
f 6627/6/4 6626/6/4 6628/6/4
f 6628/6/4 6626/6/4 6629/6/4
f 6629/6/4 6626/6/4 6630/6/4
f 6632/54/4 6633/54/4 6635/54/4
f 6633/54/4 6634/54/4 6635/54/4
f 6631/54/4 6632/54/4 6635/54/4
f 6635/54/4 6634/54/4 6636/54/4
f 6636/54/4 6637/54/4 6639/54/4
f 6639/54/4 6637/54/4 6640/54/4
f 6638/54/4 6639/54/4 6641/54/4
f 6641/54/4 6639/54/4 6642/54/4
f 6643/40/4 6644/40/4 6645/40/4
f 6645/40/4 6644/40/4 6646/40/4
f 6647/58/4 6648/58/4 6653/58/4
f 6653/58/4 6648/58/4 6654/58/4
f 6649/58/4 6650/58/4 6655/58/4
f 6655/58/4 6650/58/4 6656/58/4
f 6651/58/4 6652/58/4 6657/58/4
f 6657/58/4 6652/58/4 6658/58/4
f 6667/20/4 6668/20/4 6670/20/4
f 6670/20/4 6668/20/4 6671/20/4
f 6668/19/4 6669/19/4 6672/19/4
f 6664/57/4 6665/57/4 6674/57/4
f 6665/58/4 6666/58/4 6675/58/4
f 6674/57/4 6665/57/4 6675/57/4
f 6671/20/4 6668/20/4 6676/20/4
f 6670/19/4 6671/19/4 6676/19/4
f 6668/19/4 6672/19/4 6677/19/4
f 6676/20/4 6668/20/4 6677/20/4
f 6672/20/4 6673/20/4 6678/20/4
f 6677/19/4 6672/19/4 6678/19/4
f 6678/20/4 6673/20/4 6679/20/4
f 6679/20/4 6673/20/4 6680/20/4
f 6664/57/4 6674/57/4 6682/57/4
f 6674/59/4 6675/59/4 6682/59/4
f 6675/58/4 6666/58/4 6683/58/4
f 6682/59/4 6675/59/4 6683/59/4
f 6679/20/4 6680/20/4 6684/20/4
f 6678/19/4 6679/19/4 6684/19/4
f 6680/19/4 6681/19/4 6685/19/4
f 6684/20/4 6680/20/4 6685/20/4
f 6685/19/4 6681/19/4 6686/19/4
f 6659/58/4 6660/58/4 6687/58/4
f 6660/59/4 6661/59/4 6688/59/4
f 6687/58/4 6660/58/4 6688/58/4
f 6661/58/4 6662/58/4 6689/58/4
f 6688/59/4 6661/59/4 6689/59/4
f 6662/57/4 6663/57/4 6690/57/4
f 6689/58/4 6662/58/4 6690/58/4
f 6690/57/4 6663/57/4 6691/57/4
f 6676/19/4 6677/19/4 6692/19/4
f 6677/20/4 6678/20/4 6692/20/4
f 6684/19/4 6685/19/4 6693/19/4
f 6692/20/4 6678/20/4 6693/20/4
f 6678/19/4 6684/19/4 6693/19/4
f 6693/19/4 6685/19/4 6694/19/4
f 6692/19/4 6693/19/4 6695/19/4
f 6693/20/4 6694/20/4 6695/20/4
f 6694/19/4 6685/19/4 6696/19/4
f 6695/20/4 6694/20/4 6696/20/4
f 6685/20/4 6686/20/4 6697/20/4
f 6696/19/4 6685/19/4 6697/19/4
f 6686/19/4 6681/19/4 6698/19/4
f 6697/20/4 6686/20/4 6698/20/4
f 6698/19/4 6681/19/4 6699/19/4
f 6696/20/4 6697/20/4 6700/20/4
f 6695/19/4 6696/19/4 6700/19/4
f 6700/20/4 6697/20/4 6701/20/4
f 6698/20/4 6699/20/4 6702/20/4
f 6697/19/4 6698/19/4 6702/19/4
f 6699/19/4 6681/19/4 6703/19/4
f 6702/20/4 6699/20/4 6703/20/4
f 6703/19/4 6681/19/4 6704/19/4
f 6700/19/4 6701/19/4 6705/19/4
f 6695/19/4 6700/19/4 6705/19/4
f 6701/20/4 6697/20/4 6706/20/4
f 6705/19/4 6701/19/4 6706/19/4
f 6703/20/4 6704/20/4 6707/20/4
f 6702/19/4 6703/19/4 6707/19/4
f 6704/19/4 6681/19/4 6708/19/4
f 6707/20/4 6704/20/4 6708/20/4
f 6708/19/4 6681/19/4 6709/19/4
f 6682/57/4 6683/57/4 6710/57/4
f 6664/57/4 6682/57/4 6710/57/4
f 6683/58/4 6666/58/4 6711/58/4
f 6710/57/4 6683/57/4 6711/57/4
f 6711/58/4 6666/58/4 6712/58/4
f 6706/20/4 6697/20/4 6713/20/4
f 6705/20/4 6706/20/4 6713/20/4
f 6697/19/4 6702/19/4 6714/19/4
f 6713/20/4 6697/20/4 6714/20/4
f 6702/19/4 6707/19/4 6714/19/4
f 6707/19/4 6708/19/4 6714/19/4
f 6714/19/4 6708/19/4 6715/19/4
f 6695/19/4 6705/19/4 6716/19/4
f 6692/19/4 6695/19/4 6716/19/4
f 6705/20/4 6713/20/4 6717/20/4
f 6716/19/4 6705/19/4 6717/19/4
f 6713/19/4 6714/19/4 6718/19/4
f 6717/20/4 6713/20/4 6718/20/4
f 6715/19/4 6708/19/4 6719/19/4
f 6708/20/4 6709/20/4 6719/20/4
f 6709/19/4 6681/19/4 6720/19/4
f 6719/20/4 6709/20/4 6720/20/4
f 6720/19/4 6681/19/4 6721/19/4
f 6715/19/4 6719/19/4 6722/19/4
f 6719/19/4 6720/19/4 6722/19/4
f 6720/20/4 6721/20/4 6723/20/4
f 6722/19/4 6720/19/4 6723/19/4
f 6721/19/4 6681/19/4 6724/19/4
f 6723/20/4 6721/20/4 6724/20/4
f 6724/19/4 6681/19/4 6725/19/4
f 6692/19/4 6716/19/4 6726/19/4
f 6676/19/4 6692/19/4 6726/19/4
f 6670/19/4 6676/19/4 6726/19/4
f 6716/20/4 6717/20/4 6727/20/4
f 6726/19/4 6716/19/4 6727/19/4
f 6717/19/4 6718/19/4 6728/19/4
f 6727/20/4 6717/20/4 6728/20/4
f 6718/19/4 6714/19/4 6729/19/4
f 6728/19/4 6718/19/4 6729/19/4
f 6714/20/4 6715/20/4 6729/20/4
f 6715/19/4 6722/19/4 6730/19/4
f 6729/20/4 6715/20/4 6730/20/4
f 6722/20/4 6723/20/4 6731/20/4
f 6730/19/4 6722/19/4 6731/19/4
f 6723/19/4 6724/19/4 6732/19/4
f 6731/20/4 6723/20/4 6732/20/4
f 6724/20/4 6725/20/4 6733/20/4
f 6732/19/4 6724/19/4 6733/19/4
f 6733/20/4 6725/20/4 6734/20/4
f 6737/58/4 6738/58/4 6739/58/4
f 6739/58/4 6738/58/4 6740/58/4
f 6737/58/4 6739/58/4 6743/58/4
f 6740/58/4 6738/58/4 6744/58/4
f 6741/58/4 6742/58/4 6745/58/4
f 6745/58/4 6742/58/4 6746/58/4
f 6736/30/4 6737/30/4 6747/30/4
f 6743/58/4 6744/58/4 6747/58/4
f 6737/58/4 6743/58/4 6747/58/4
f 6744/58/4 6738/58/4 6748/58/4
f 6747/58/4 6744/58/4 6748/58/4
f 6745/59/4 6746/59/4 6749/59/4
f 6749/59/4 6746/59/4 6750/59/4
f 6735/13/4 6736/13/4 6751/13/4
f 6736/30/4 6747/30/4 6752/30/4
f 6749/57/4 6750/57/4 6758/57/4
f 6758/57/4 6750/57/4 6759/57/4
f 6751/13/4 6736/13/4 6760/13/4
f 6752/58/4 6753/58/4 6761/58/4
f 6761/58/4 6753/58/4 6762/58/4
f 6756/58/4 6757/58/4 6764/58/4
f 6764/58/4 6757/58/4 6765/58/4
f 6765/58/4 6757/58/4 6766/58/4
f 6758/59/4 6759/59/4 6767/59/4
f 6767/59/4 6759/59/4 6768/59/4
f 6752/58/4 6761/58/4 6769/58/4
f 6762/58/4 6753/58/4 6770/58/4
f 6763/16/4 6764/16/4 6771/16/4
f 6764/16/4 6765/16/4 6771/16/4
f 6771/16/4 6765/16/4 6772/16/4
f 6767/58/4 6768/58/4 6773/58/4
f 6773/58/4 6768/58/4 6774/58/4
f 6752/58/4 6769/58/4 6775/58/4
f 6769/58/4 6770/58/4 6775/58/4
f 6736/30/4 6752/30/4 6775/30/4
f 6770/58/4 6753/58/4 6776/58/4
f 6775/58/4 6770/58/4 6776/58/4
f 6760/13/4 6736/13/4 6777/13/4
f 6736/30/4 6775/30/4 6778/30/4
f 6777/13/4 6736/13/4 6778/13/4
f 6778/30/4 6775/30/4 6779/30/4
f 6780/7/4 6781/7/4 6784/7/4
f 6784/7/4 6781/7/4 6785/7/4
f 6754/24/4 6755/24/4 6788/24/4
f 6788/24/4 6755/24/4 6789/24/4
f 6782/24/4 6783/24/4 6790/24/4
f 6782/24/4 6790/24/4 6792/24/4
f 6790/45/4 6791/45/4 6793/45/4
f 6792/24/4 6790/24/4 6793/24/4
f 6793/45/4 6791/45/4 6794/45/4
f 6786/54/4 6787/54/4 6795/54/4
f 6795/54/4 6787/54/4 6796/54/4
f 6800/59/4 6801/59/4 6802/59/4
f 6802/59/4 6801/59/4 6803/59/4
f 6797/58/4 6798/58/4 6804/58/4
f 6798/20/4 6799/20/4 6805/20/4
f 6804/58/4 6798/58/4 6805/58/4
f 6797/58/4 6804/58/4 6806/58/4
f 6804/59/4 6805/59/4 6806/59/4
f 6805/20/4 6799/20/4 6807/20/4
f 6806/59/4 6805/59/4 6807/59/4
f 6797/58/4 6806/58/4 6808/58/4
f 6806/58/4 6807/58/4 6808/58/4
f 6807/20/4 6799/20/4 6809/20/4
f 6808/58/4 6807/58/4 6809/58/4
f 6809/20/4 6799/20/4 6810/20/4
f 6813/64/4 6814/64/4 6817/64/4
f 6814/33/4 6815/33/4 6818/33/4
f 6817/64/4 6814/64/4 6818/64/4
f 6815/64/4 6816/64/4 6819/64/4
f 6818/33/4 6815/33/4 6819/33/4
f 6819/64/4 6816/64/4 6820/64/4
f 6811/41/4 6812/41/4 6821/41/4
f 6821/41/4 6812/41/4 6822/41/4
f 6823/54/4 6824/54/4 6826/54/4
f 6824/55/4 6825/55/4 6827/55/4
f 6826/54/4 6824/54/4 6827/54/4
f 6827/55/4 6825/55/4 6828/55/4
f 6829/54/4 6830/54/4 6833/54/4
f 6833/54/4 6830/54/4 6834/54/4
f 6831/64/4 6832/64/4 6835/64/4
f 6835/64/4 6832/64/4 6836/64/4
f 6837/64/4 6838/64/4 6841/64/4
f 6841/64/4 6838/64/4 6842/64/4
f 6839/58/4 6840/58/4 6844/58/4
f 6844/58/4 6840/58/4 6845/58/4
f 6843/16/4 6844/16/4 6846/16/4
f 6845/58/4 6840/58/4 6846/58/4
f 6844/16/4 6845/16/4 6846/16/4
f 6846/58/4 6840/58/4 6847/58/4
f 6843/16/4 6846/16/4 6852/16/4
f 6852/16/4 6846/16/4 6853/16/4
f 6848/6/4 6849/6/4 6854/6/4
f 6849/57/4 6850/57/4 6855/57/4
f 6854/6/4 6849/6/4 6855/6/4
f 6850/6/4 6851/6/4 6856/6/4
f 6855/57/4 6850/57/4 6856/57/4
f 6856/6/4 6851/6/4 6857/6/4
f 6843/16/4 6852/16/4 6862/16/4
f 6862/16/4 6852/16/4 6863/16/4
f 6863/16/4 6852/16/4 6864/16/4
f 6857/6/4 6858/6/4 6870/6/4
f 6870/6/4 6858/6/4 6871/6/4
f 6867/6/4 6868/6/4 6872/6/4
f 6868/57/4 6869/57/4 6873/57/4
f 6872/6/4 6868/6/4 6873/6/4
f 6869/6/4 6870/6/4 6874/6/4
f 6873/57/4 6869/57/4 6874/57/4
f 6874/6/4 6870/6/4 6875/6/4
f 6863/27/4 6864/27/4 6876/27/4
f 6865/57/4 6866/57/4 6878/57/4
f 6876/27/4 6877/27/4 6879/27/4
f 6877/57/4 6878/57/4 6879/57/4
f 6878/57/4 6866/57/4 6880/57/4
f 6879/57/4 6878/57/4 6880/57/4
f 6876/27/4 6879/27/4 6881/27/4
f 6863/27/4 6876/27/4 6881/27/4
f 6881/27/4 6879/27/4 6882/27/4
f 6859/57/4 6860/57/4 6883/57/4
f 6860/20/4 6861/20/4 6884/20/4
f 6883/57/4 6860/57/4 6884/57/4
f 6859/57/4 6883/57/4 6885/57/4
f 6883/59/4 6884/59/4 6885/59/4
f 6884/20/4 6861/20/4 6886/20/4
f 6885/59/4 6884/59/4 6886/59/4
f 6859/57/4 6885/57/4 6887/57/4
f 6885/57/4 6886/57/4 6887/57/4
f 6886/20/4 6861/20/4 6888/20/4
f 6887/57/4 6886/57/4 6888/57/4
f 6888/20/4 6861/20/4 6889/20/4
f 6890/59/4 6891/59/4 6893/59/4
f 6893/59/4 6891/59/4 6894/59/4
f 6894/59/4 6891/59/4 6895/59/4
f 6892/58/4 6893/58/4 6897/58/4
f 6893/58/4 6894/58/4 6897/58/4
f 6897/58/4 6894/58/4 6898/58/4
f 6895/59/4 6896/59/4 6899/59/4
f 6899/59/4 6896/59/4 6900/59/4
f 6898/58/4 6899/58/4 6901/58/4
f 6901/58/4 6899/58/4 6902/58/4
f 6900/59/4 6896/59/4 6903/59/4
f 6902/58/4 6903/58/4 6904/58/4
f 6903/59/4 6896/59/4 6904/59/4
f 6904/59/4 6896/59/4 6905/59/4
f 6902/58/4 6904/58/4 6907/58/4
f 6907/58/4 6904/58/4 6908/58/4
f 6906/58/4 6907/58/4 6910/58/4
f 6910/58/4 6907/58/4 6911/58/4
f 6909/58/4 6910/58/4 6912/58/4
f 6912/58/4 6910/58/4 6913/58/4
f 6914/63/4 6915/63/4 6916/63/4
f 6916/63/4 6915/63/4 6917/63/4
f 6914/63/4 6916/63/4 6918/63/4
f 6914/63/4 6918/63/4 6920/63/4
f 6918/63/4 6919/63/4 6920/63/4
f 6920/63/4 6919/63/4 6921/63/4
f 6922/20/4 6923/20/4 6924/20/4
f 6924/20/4 6923/20/4 6925/20/4
f 6928/6/4 6929/6/4 6932/6/4
f 6929/57/4 6930/57/4 6933/57/4
f 6932/6/4 6929/6/4 6933/6/4
f 6930/6/4 6931/6/4 6934/6/4
f 6933/57/4 6930/57/4 6934/57/4
f 6934/6/4 6931/6/4 6935/6/4
f 6926/16/4 6927/16/4 6936/16/4
f 6936/16/4 6927/16/4 6937/16/4
f 6939/20/4 6940/20/4 6941/20/4
f 6938/20/4 6939/20/4 6941/20/4
f 6941/20/4 6940/20/4 6942/20/4
f 6943/23/4 6944/23/4 6947/23/4
f 6944/57/4 6945/57/4 6948/57/4
f 6947/23/4 6944/23/4 6948/23/4
f 6945/23/4 6946/23/4 6949/23/4
f 6948/57/4 6945/57/4 6949/57/4
f 6949/23/4 6946/23/4 6950/23/4
f 6951/58/4 6952/58/4 6955/58/4
f 6955/58/4 6952/58/4 6956/58/4
f 6953/43/4 6954/43/4 6958/43/4
f 6956/58/4 6957/58/4 6962/58/4
f 6962/58/4 6957/58/4 6963/58/4
f 6961/58/4 6962/58/4 6964/58/4
f 6964/58/4 6962/58/4 6965/58/4
f 6958/43/4 6954/43/4 6966/43/4
f 6966/43/4 6954/43/4 6967/43/4
f 6959/58/4 6960/58/4 6968/58/4
f 6968/58/4 6960/58/4 6969/58/4
f 6970/51/4 6971/51/4 6972/51/4
f 6972/51/4 6971/51/4 6973/51/4
f 6972/50/4 6973/50/4 6974/50/4
f 6974/50/4 6973/50/4 6975/50/4
f 6974/51/4 6975/51/4 6976/51/4
f 6976/51/4 6975/51/4 6977/51/4
f 6976/50/4 6977/50/4 6978/50/4
f 6978/50/4 6977/50/4 6979/50/4
f 6978/51/4 6979/51/4 6980/51/4
f 6980/51/4 6979/51/4 6981/51/4
f 6984/54/4 6985/54/4 6988/54/4
f 6985/55/4 6986/55/4 6989/55/4
f 6988/54/4 6985/54/4 6989/54/4
f 6986/52/4 6987/52/4 6990/52/4
f 6989/55/4 6986/55/4 6990/55/4
f 6990/52/4 6987/52/4 6991/52/4
f 6992/20/4 6993/20/4 6994/20/4
f 6994/20/4 6993/20/4 6995/20/4
f 6982/58/4 6983/58/4 6998/58/4
f 6998/58/4 6983/58/4 6999/58/4
f 6996/53/4 6997/53/4 7000/53/4
f 7000/53/4 6997/53/4 7001/53/4
f 7002/47/4 7003/47/4 7004/47/4
f 7004/47/4 7003/47/4 7005/47/4
f 6992/20/4 6994/20/4 7006/20/4
f 6992/20/4 7006/20/4 7008/20/4
f 7006/20/4 7007/20/4 7008/20/4
f 7008/20/4 7007/20/4 7009/20/4
f 7010/57/4 7011/57/4 7012/57/4
f 7012/57/4 7011/57/4 7013/57/4
f 7014/43/4 7015/43/4 7018/43/4
f 7016/58/4 7017/58/4 7020/58/4
f 7020/58/4 7017/58/4 7021/58/4
f 7018/43/4 7019/43/4 7022/43/4
f 7014/43/4 7018/43/4 7022/43/4
f 7022/43/4 7019/43/4 7023/43/4
f 7024/20/4 7025/20/4 7026/20/4
f 7026/20/4 7025/20/4 7027/20/4
f 7028/56/4 7029/56/4 7030/56/4
f 7030/56/4 7029/56/4 7031/56/4
f 7032/23/4 7033/23/4 7034/23/4
f 7034/23/4 7033/23/4 7035/23/4
f 7035/23/4 7036/23/4 7040/23/4
f 7040/23/4 7036/23/4 7041/23/4
f 7037/23/4 7038/23/4 7042/23/4
f 7038/57/4 7039/57/4 7043/57/4
f 7042/23/4 7038/23/4 7043/23/4
f 7039/23/4 7040/23/4 7044/23/4
f 7043/57/4 7039/57/4 7044/57/4
f 7044/23/4 7040/23/4 7045/23/4
f 7046/40/4 7047/40/4 7048/40/4
f 7048/40/4 7047/40/4 7049/40/4
f 7051/19/4 7052/19/4 7054/19/4
f 7052/20/4 7053/20/4 7054/20/4
f 7054/20/4 7053/20/4 7055/20/4
f 7055/20/4 7053/20/4 7056/20/4
f 7051/19/4 7054/19/4 7057/19/4
f 7054/19/4 7055/19/4 7057/19/4
f 7057/19/4 7055/19/4 7058/19/4
f 7050/20/4 7051/20/4 7059/20/4
f 7059/20/4 7051/20/4 7060/20/4
f 7061/23/4 7062/23/4 7063/23/4
f 7063/23/4 7062/23/4 7064/23/4
f 7059/18/4 7060/18/4 7065/18/4
f 7060/20/4 7051/20/4 7066/20/4
f 7065/18/4 7060/18/4 7066/18/4
f 7061/23/4 7063/23/4 7067/23/4
f 7063/57/4 7064/57/4 7068/57/4
f 7067/23/4 7063/23/4 7068/23/4
f 7064/23/4 7062/23/4 7069/23/4
f 7068/57/4 7064/57/4 7069/57/4
f 7069/23/4 7062/23/4 7070/23/4
f 7051/19/4 7057/19/4 7071/19/4
f 7057/20/4 7058/20/4 7071/20/4
f 7071/20/4 7058/20/4 7072/20/4
f 7051/19/4 7071/19/4 7073/19/4
f 7071/19/4 7072/19/4 7073/19/4
f 7073/19/4 7072/19/4 7074/19/4
f 7065/20/4 7066/20/4 7076/20/4
f 7066/20/4 7051/20/4 7077/20/4
f 7076/20/4 7066/20/4 7077/20/4
f 7051/19/4 7073/19/4 7078/19/4
f 7077/20/4 7051/20/4 7078/20/4
f 7073/20/4 7074/20/4 7079/20/4
f 7078/19/4 7073/19/4 7079/19/4
f 7074/20/4 7075/20/4 7079/20/4
f 7079/20/4 7075/20/4 7080/20/4
f 7081/32/4 7082/32/4 7083/32/4
f 7083/32/4 7082/32/4 7084/32/4
f 7084/32/4 7082/32/4 7085/32/4
f 7085/32/4 7082/32/4 7086/32/4
f 7086/32/4 7082/32/4 7087/32/4
f 7087/32/4 7082/32/4 7088/32/4
f 7088/32/4 7082/32/4 7089/32/4
f 7089/32/4 7082/32/4 7090/32/4
f 7090/32/4 7082/32/4 7091/32/4
f 7091/32/4 7082/32/4 7092/32/4
f 7092/32/4 7082/32/4 7093/32/4
f 7093/32/4 7082/32/4 7094/32/4
f 7092/61/4 7093/61/4 7095/61/4
f 7095/19/4 7096/19/4 7099/19/4
f 7096/20/4 7097/20/4 7099/20/4
f 7099/20/4 7097/20/4 7100/20/4
f 7097/19/4 7098/19/4 7101/19/4
f 7092/61/4 7095/61/4 7103/61/4
f 7095/19/4 7099/19/4 7103/19/4
f 7099/19/4 7100/19/4 7103/19/4
f 7103/19/4 7100/19/4 7104/19/4
f 7092/61/4 7103/61/4 7105/61/4
f 7103/18/4 7104/18/4 7105/18/4
f 7104/19/4 7100/19/4 7106/19/4
f 7105/18/4 7104/18/4 7106/18/4
f 7092/61/4 7105/61/4 7107/61/4
f 7105/19/4 7106/19/4 7107/19/4
f 7100/20/4 7097/20/4 7108/20/4
f 7107/19/4 7106/19/4 7108/19/4
f 7106/19/4 7100/19/4 7108/19/4
f 7101/19/4 7102/19/4 7109/19/4
f 7108/20/4 7097/20/4 7109/20/4
f 7097/19/4 7101/19/4 7109/19/4
f 7109/19/4 7102/19/4 7110/19/4
f 7084/61/4 7085/61/4 7112/61/4
f 7112/61/4 7085/61/4 7113/61/4
f 7086/61/4 7087/61/4 7114/61/4
f 7114/61/4 7087/61/4 7115/61/4
f 7088/61/4 7089/61/4 7116/61/4
f 7116/61/4 7089/61/4 7117/61/4
f 7090/61/4 7091/61/4 7118/61/4
f 7118/61/4 7091/61/4 7119/61/4
f 7092/61/4 7107/61/4 7120/61/4
f 7120/61/4 7107/61/4 7121/61/4
f 7118/32/4 7119/32/4 7123/32/4
f 7121/32/4 7122/32/4 7123/32/4
f 7120/32/4 7121/32/4 7123/32/4
f 7119/32/4 7120/32/4 7123/32/4
f 7116/32/4 7117/32/4 7123/32/4
f 7117/32/4 7118/32/4 7123/32/4
f 7112/32/4 7113/32/4 7123/32/4
f 7115/32/4 7116/32/4 7123/32/4
f 7114/32/4 7115/32/4 7123/32/4
f 7113/32/4 7114/32/4 7123/32/4
f 7111/32/4 7112/32/4 7123/32/4
f 7123/32/4 7122/32/4 7124/32/4
f 7129/32/5 7126/32/5 7125/32/5
f 7130/32/5 7126/32/5 7129/32/5
f 7131/32/5 7128/32/5 7127/32/5
f 7132/32/5 7128/32/5 7131/32/5
f 7137/32/5 7134/32/5 7133/32/5
f 7138/32/5 7134/32/5 7137/32/5
f 7139/32/5 7136/32/5 7135/32/5
f 7140/32/5 7136/32/5 7139/32/5
f 7143/61/5 7142/61/5 7141/61/5
f 7144/61/5 7142/61/5 7143/61/5
f 7149/61/5 7146/61/5 7145/61/5
f 7150/61/5 7146/61/5 7149/61/5
f 7151/61/5 7148/61/5 7147/61/5
f 7152/61/5 7148/61/5 7151/61/5
f 7155/61/5 7154/61/5 7153/61/5
f 7156/61/5 7154/61/5 7155/61/5
f 7160/61/5 7158/61/5 7157/61/5
f 7161/61/5 7158/61/5 7160/61/5
f 7163/61/5 7160/61/5 7159/61/5
f 7163/61/5 7162/61/5 7161/61/5
f 7163/61/5 7161/61/5 7160/61/5
f 7164/61/5 7162/61/5 7163/61/5
f 7165/61/5 7162/61/5 7164/61/5
f 7166/61/5 7162/61/5 7165/61/5
f 7167/61/5 7165/61/5 7164/61/5
f 7168/61/5 7165/61/5 7167/61/5
f 7173/41/5 7172/41/5 7171/41/5
f 7174/41/5 7172/41/5 7173/41/5
f 7175/20/5 7170/20/5 7169/20/5
f 7176/20/5 7170/20/5 7175/20/5
f 7179/24/5 7178/24/5 7177/24/5
f 7180/24/5 7178/24/5 7179/24/5
f 7183/19/5 7182/19/5 7181/19/5
f 7184/19/5 7182/19/5 7183/19/5
f 7185/44/5 7184/44/5 7183/44/5
f 7186/44/5 7184/44/5 7185/44/5
f 7187/19/5 7186/19/5 7185/19/5
f 7188/19/5 7186/19/5 7187/19/5
f 7189/44/5 7188/44/5 7187/44/5
f 7190/44/5 7188/44/5 7189/44/5
f 7191/19/5 7190/19/5 7189/19/5
f 7192/19/5 7190/19/5 7191/19/5
f 7193/44/5 7192/44/5 7191/44/5
f 7194/44/5 7192/44/5 7193/44/5
f 7195/20/5 7194/20/5 7193/20/5
f 7196/20/5 7194/20/5 7195/20/5
f 7197/44/5 7196/44/5 7195/44/5
f 7198/44/5 7196/44/5 7197/44/5
f 7199/20/5 7198/20/5 7197/20/5
f 7200/20/5 7198/20/5 7199/20/5
f 7204/53/5 7202/53/5 7201/53/5
f 7207/20/5 7206/20/5 7205/20/5
f 7208/20/5 7206/20/5 7207/20/5
f 7209/19/5 7208/19/5 7207/19/5
f 7210/19/5 7208/19/5 7209/19/5
f 7211/53/5 7204/53/5 7203/53/5
f 7212/53/5 7202/53/5 7204/53/5
f 7212/53/5 7204/53/5 7211/53/5
f 7213/53/5 7202/53/5 7212/53/5
f 7214/44/5 7210/44/5 7209/44/5
f 7215/44/5 7210/44/5 7214/44/5
f 7216/19/5 7215/19/5 7214/19/5
f 7217/19/5 7215/19/5 7216/19/5
f 7218/44/5 7217/44/5 7216/44/5
f 7219/44/5 7217/44/5 7218/44/5
f 7220/44/5 7217/44/5 7219/44/5
f 7221/19/5 7220/19/5 7219/19/5
f 7222/19/5 7220/19/5 7221/19/5
f 7224/24/5 7213/24/5 7212/24/5
f 7225/47/5 7222/47/5 7221/47/5
f 7226/47/5 7222/47/5 7225/47/5
f 7227/47/5 7222/47/5 7226/47/5
f 7229/24/5 7224/24/5 7223/24/5
f 7230/19/5 7227/19/5 7226/19/5
f 7231/19/5 7227/19/5 7230/19/5
f 7232/53/5 7229/53/5 7228/53/5
f 7233/24/5 7224/24/5 7229/24/5
f 7233/53/5 7229/53/5 7232/53/5
f 7234/24/5 7224/24/5 7233/24/5
f 7235/24/5 7213/24/5 7224/24/5
f 7235/24/5 7224/24/5 7234/24/5
f 7236/53/5 7232/53/5 7228/53/5
f 7237/53/5 7232/53/5 7236/53/5
f 7238/53/5 7236/53/5 7228/53/5
f 7239/53/5 7236/53/5 7238/53/5
f 7242/35/5 7241/35/5 7240/35/5
f 7243/35/5 7241/35/5 7242/35/5
f 7246/20/5 7245/20/5 7244/20/5
f 7247/20/5 7245/20/5 7246/20/5
f 7252/27/5 7249/27/5 7248/27/5
f 7253/27/5 7249/27/5 7252/27/5
f 7254/45/5 7251/45/5 7250/45/5
f 7255/45/5 7251/45/5 7254/45/5
f 7258/58/5 7257/58/5 7256/58/5
f 7259/58/5 7257/58/5 7258/58/5
f 7262/58/5 7261/58/5 7260/58/5
f 7263/58/5 7261/58/5 7262/58/5
f 7267/27/5 7265/27/5 7264/27/5
f 7268/27/5 7265/27/5 7267/27/5
f 7269/16/5 7267/16/5 7266/16/5
f 7269/27/5 7265/27/5 7268/27/5
f 7269/16/5 7268/16/5 7267/16/5
f 7270/27/5 7265/27/5 7269/27/5
f 7271/16/5 7269/16/5 7266/16/5
f 7271/16/5 7270/16/5 7269/16/5
f 7272/16/5 7270/16/5 7271/16/5
f 7277/58/5 7274/58/5 7273/58/5
f 7278/58/5 7274/58/5 7277/58/5
f 7279/58/5 7274/58/5 7278/58/5
f 7280/58/5 7276/58/5 7275/58/5
f 7282/58/5 7278/58/5 7277/58/5
f 7283/58/5 7278/58/5 7282/58/5
f 7284/58/5 7281/58/5 7280/58/5
f 7284/58/5 7280/58/5 7275/58/5
f 7285/58/5 7281/58/5 7284/58/5
f 7286/58/5 7281/58/5 7285/58/5
f 7289/4/5 7288/4/5 7287/4/5
f 7290/4/5 7288/4/5 7289/4/5
f 7291/57/5 7290/57/5 7289/57/5
f 7292/57/5 7290/57/5 7291/57/5
f 7295/21/5 7292/21/5 7291/21/5
f 7296/21/5 7292/21/5 7295/21/5
f 7297/33/5 7294/33/5 7293/33/5
f 7298/33/5 7294/33/5 7297/33/5
f 7303/28/5 7300/28/5 7299/28/5
f 7304/28/5 7300/28/5 7303/28/5
f 7305/27/5 7302/27/5 7301/27/5
f 7306/27/5 7302/27/5 7305/27/5
f 7308/27/5 7306/27/5 7305/27/5
f 7308/27/5 7307/27/5 7306/27/5
f 7309/27/5 7307/27/5 7308/27/5
f 7312/58/5 7311/58/5 7310/58/5
f 7313/58/5 7311/58/5 7312/58/5
f 7316/58/5 7315/58/5 7314/58/5
f 7317/58/5 7315/58/5 7316/58/5
f 7321/16/5 7319/16/5 7318/16/5
f 7321/16/5 7320/16/5 7319/16/5
f 7322/16/5 7320/16/5 7321/16/5
f 7325/57/5 7324/57/5 7323/57/5
f 7326/57/5 7324/57/5 7325/57/5
f 7329/58/5 7328/58/5 7327/58/5
f 7330/58/5 7328/58/5 7329/58/5
f 7337/57/5 7336/57/5 7335/57/5
f 7338/57/5 7336/57/5 7337/57/5
f 7341/19/5 7332/19/5 7331/19/5
f 7342/19/5 7332/19/5 7341/19/5
f 7343/19/5 7334/19/5 7333/19/5
f 7344/19/5 7334/19/5 7343/19/5
f 7345/58/5 7340/58/5 7339/58/5
f 7346/58/5 7340/58/5 7345/58/5
f 7349/61/5 7348/61/5 7347/61/5
f 7350/61/5 7348/61/5 7349/61/5
f 7355/61/5 7352/61/5 7351/61/5
f 7356/61/5 7352/61/5 7355/61/5
f 7357/61/5 7354/61/5 7353/61/5
f 7358/61/5 7354/61/5 7357/61/5
f 7361/61/5 7360/61/5 7359/61/5
f 7362/61/5 7360/61/5 7361/61/5
f 7366/61/5 7364/61/5 7363/61/5
f 7367/61/5 7364/61/5 7366/61/5
f 7369/61/5 7366/61/5 7365/61/5
f 7369/61/5 7368/61/5 7367/61/5
f 7369/61/5 7367/61/5 7366/61/5
f 7370/61/5 7368/61/5 7369/61/5
f 7371/61/5 7368/61/5 7370/61/5
f 7372/61/5 7368/61/5 7371/61/5
f 7373/61/5 7371/61/5 7370/61/5
f 7374/61/5 7371/61/5 7373/61/5
f 7383/58/5 7380/58/5 7379/58/5
f 7384/58/5 7380/58/5 7383/58/5
f 7385/57/5 7382/57/5 7381/57/5
f 7386/57/5 7382/57/5 7385/57/5
f 7387/58/5 7376/58/5 7375/58/5
f 7388/58/5 7376/58/5 7387/58/5
f 7389/57/5 7378/57/5 7377/57/5
f 7390/57/5 7378/57/5 7389/57/5
f 7393/61/5 7392/61/5 7391/61/5
f 7394/61/5 7392/61/5 7393/61/5
f 7399/61/5 7396/61/5 7395/61/5
f 7400/61/5 7396/61/5 7399/61/5
f 7401/61/5 7398/61/5 7397/61/5
f 7402/61/5 7398/61/5 7401/61/5
f 7405/61/5 7404/61/5 7403/61/5
f 7406/61/5 7404/61/5 7405/61/5
f 7410/61/5 7408/61/5 7407/61/5
f 7411/61/5 7408/61/5 7410/61/5
f 7413/61/5 7410/61/5 7409/61/5
f 7413/61/5 7412/61/5 7411/61/5
f 7413/61/5 7411/61/5 7410/61/5
f 7414/61/5 7412/61/5 7413/61/5
f 7415/61/5 7412/61/5 7414/61/5
f 7416/61/5 7412/61/5 7415/61/5
f 7417/61/5 7415/61/5 7414/61/5
f 7418/61/5 7415/61/5 7417/61/5
f 7421/58/5 7420/58/5 7419/58/5
f 7422/58/5 7420/58/5 7421/58/5
f 7427/58/5 7426/58/5 7425/58/5
f 7428/58/5 7426/58/5 7427/58/5
f 7429/59/5 7424/59/5 7423/59/5
f 7430/59/5 7424/59/5 7429/59/5
f 7435/24/5 7432/24/5 7431/24/5
f 7436/24/5 7432/24/5 7435/24/5
f 7437/59/5 7434/59/5 7433/59/5
f 7438/59/5 7434/59/5 7437/59/5
f 7439/24/5 7435/24/5 7431/24/5
f 7440/24/5 7435/24/5 7439/24/5
f 7441/24/5 7435/24/5 7440/24/5
f 7442/24/5 7432/24/5 7436/24/5
f 7443/24/5 7432/24/5 7442/24/5
f 7446/58/5 7445/58/5 7444/58/5
f 7447/58/5 7445/58/5 7446/58/5
f 7450/59/5 7449/59/5 7448/59/5
f 7451/59/5 7449/59/5 7450/59/5
f 7456/64/5 7453/64/5 7452/64/5
f 7457/64/5 7453/64/5 7456/64/5
f 7458/64/5 7455/64/5 7454/64/5
f 7459/64/5 7455/64/5 7458/64/5
f 7462/58/5 7461/58/5 7460/58/5
f 7463/58/5 7461/58/5 7462/58/5
f 7470/59/5 7465/59/5 7464/59/5
f 7471/59/5 7465/59/5 7470/59/5
f 7472/55/5 7467/55/5 7466/55/5
f 7473/55/5 7467/55/5 7472/55/5
f 7474/55/5 7469/55/5 7468/55/5
f 7475/55/5 7469/55/5 7474/55/5
f 7478/59/5 7477/59/5 7476/59/5
f 7479/59/5 7477/59/5 7478/59/5
f 7482/57/5 7481/57/5 7480/57/5
f 7483/57/5 7481/57/5 7482/57/5
f 7484/57/5 7481/57/5 7483/57/5
f 7485/57/5 7481/57/5 7484/57/5
f 7486/57/5 7484/57/5 7483/57/5
f 7487/57/5 7484/57/5 7486/57/5
f 7490/57/5 7489/57/5 7488/57/5
f 7491/57/5 7489/57/5 7490/57/5
f 7492/57/5 7489/57/5 7491/57/5
f 7495/57/5 7489/57/5 7492/57/5
f 7496/57/5 7494/57/5 7493/57/5
f 7496/57/5 7495/57/5 7494/57/5
f 7497/57/5 7489/57/5 7495/57/5
f 7497/57/5 7495/57/5 7496/57/5
f 7500/6/5 7499/6/5 7498/6/5
f 7501/6/5 7499/6/5 7500/6/5
f 7504/61/5 7503/61/5 7502/61/5
f 7505/61/5 7503/61/5 7504/61/5
f 7510/61/5 7507/61/5 7506/61/5
f 7511/61/5 7507/61/5 7510/61/5
f 7512/61/5 7509/61/5 7508/61/5
f 7513/61/5 7509/61/5 7512/61/5
f 7516/61/5 7515/61/5 7514/61/5
f 7517/61/5 7515/61/5 7516/61/5
f 7521/61/5 7519/61/5 7518/61/5
f 7522/61/5 7519/61/5 7521/61/5
f 7524/61/5 7521/61/5 7520/61/5
f 7524/61/5 7523/61/5 7522/61/5
f 7524/61/5 7522/61/5 7521/61/5
f 7525/61/5 7523/61/5 7524/61/5
f 7526/61/5 7523/61/5 7525/61/5
f 7527/61/5 7523/61/5 7526/61/5
f 7528/61/5 7526/61/5 7525/61/5
f 7529/61/5 7526/61/5 7528/61/5
f 7535/59/5 7531/59/5 7530/59/5
f 7536/59/5 7531/59/5 7535/59/5
f 7537/59/5 7533/59/5 7532/59/5
f 7538/59/5 7533/59/5 7537/59/5
f 7540/59/5 7535/59/5 7534/59/5
f 7541/59/5 7535/59/5 7540/59/5
f 7542/59/5 7539/59/5 7538/59/5
f 7543/59/5 7539/59/5 7542/59/5
f 7548/59/5 7545/59/5 7544/59/5
f 7549/59/5 7545/59/5 7548/59/5
f 7552/59/5 7547/59/5 7546/59/5
f 7553/59/5 7547/59/5 7552/59/5
f 7554/59/5 7550/59/5 7549/59/5
f 7555/59/5 7550/59/5 7554/59/5
f 7556/59/5 7552/59/5 7551/59/5
f 7557/59/5 7552/59/5 7556/59/5
f 7560/43/5 7559/43/5 7558/43/5
f 7561/43/5 7559/43/5 7560/43/5
f 7562/43/5 7560/43/5 7558/43/5
f 7563/43/5 7560/43/5 7562/43/5
f 7566/13/5 7565/13/5 7564/13/5
f 7567/13/5 7565/13/5 7566/13/5
f 7568/43/5 7567/43/5 7566/43/5
f 7569/43/5 7567/43/5 7568/43/5
f 7570/13/5 7569/13/5 7568/13/5
f 7571/13/5 7569/13/5 7570/13/5
f 7574/64/5 7573/64/5 7572/64/5
f 7575/64/5 7573/64/5 7574/64/5
f 7578/55/5 7577/55/5 7576/55/5
f 7579/55/5 7577/55/5 7578/55/5
f 7582/46/5 7581/46/5 7580/46/5
f 7583/46/5 7581/46/5 7582/46/5
f 7588/64/5 7585/64/5 7584/64/5
f 7589/64/5 7585/64/5 7588/64/5
f 7590/52/5 7587/52/5 7586/52/5
f 7591/52/5 7587/52/5 7590/52/5
f 7594/65/5 7593/65/5 7592/65/5
f 7595/65/5 7593/65/5 7594/65/5
f 7598/46/5 7597/46/5 7596/46/5
f 7599/46/5 7597/46/5 7598/46/5
f 7602/52/5 7601/52/5 7600/52/5
f 7603/52/5 7601/52/5 7602/52/5
f 7606/43/5 7605/43/5 7604/43/5
f 7607/43/5 7605/43/5 7606/43/5
f 7614/57/5 7613/57/5 7612/57/5
f 7615/57/5 7613/57/5 7614/57/5
f 7620/12/5 7617/12/5 7616/12/5
f 7621/12/5 7617/12/5 7620/12/5
f 7622/58/5 7619/58/5 7618/58/5
f 7623/58/5 7619/58/5 7622/58/5
f 7628/40/5 7625/40/5 7624/40/5
f 7629/40/5 7625/40/5 7628/40/5
f 7630/54/5 7627/54/5 7626/54/5
f 7631/54/5 7627/54/5 7630/54/5
f 7634/58/5 7609/58/5 7608/58/5
f 7635/58/5 7609/58/5 7634/58/5
f 7636/58/5 7611/58/5 7610/58/5
f 7637/58/5 7611/58/5 7636/58/5
f 7638/6/5 7633/6/5 7632/6/5
f 7639/6/5 7633/6/5 7638/6/5
f 7642/23/5 7641/23/5 7640/23/5
f 7643/23/5 7641/23/5 7642/23/5
f 7647/58/5 7645/58/5 7644/58/5
f 7647/5/5 7646/5/5 7645/5/5
f 7648/5/5 7646/5/5 7647/5/5
f 7649/58/5 7647/58/5 7644/58/5
f 7650/58/5 7647/58/5 7649/58/5
f 7653/40/5 7652/40/5 7651/40/5
f 7654/40/5 7652/40/5 7653/40/5
f 7658/61/5 7655/61/5 7654/61/5
f 7659/61/5 7655/61/5 7658/61/5
f 7660/46/5 7657/46/5 7656/46/5
f 7661/46/5 7657/46/5 7660/46/5
f 7665/61/5 7662/61/5 7661/61/5
f 7666/61/5 7662/61/5 7665/61/5
f 7667/61/5 7664/61/5 7663/61/5
f 7668/61/5 7664/61/5 7667/61/5
f 7671/61/5 7670/61/5 7669/61/5
f 7672/61/5 7670/61/5 7671/61/5
f 7677/58/5 7674/58/5 7673/58/5
f 7678/58/5 7674/58/5 7677/58/5
f 7679/58/5 7676/58/5 7675/58/5
f 7680/58/5 7676/58/5 7679/58/5
f 7686/61/5 7682/61/5 7681/61/5
f 7687/61/5 7682/61/5 7686/61/5
f 7689/46/5 7684/46/5 7683/46/5
f 7690/46/5 7684/46/5 7689/46/5
f 7691/61/5 7688/61/5 7687/61/5
f 7691/61/5 7686/61/5 7685/61/5
f 7691/61/5 7687/61/5 7686/61/5
f 7692/61/5 7688/61/5 7691/61/5
f 7693/61/5 7688/61/5 7692/61/5
f 7694/61/5 7688/61/5 7693/61/5
f 7695/61/5 7693/61/5 7692/61/5
f 7696/61/5 7693/61/5 7695/61/5
f 7707/5/5 7702/5/5 7701/5/5
f 7708/5/5 7702/5/5 7707/5/5
f 7709/19/5 7704/19/5 7703/19/5
f 7710/18/5 7705/18/5 7704/18/5
f 7710/19/5 7704/19/5 7709/19/5
f 7711/19/5 7706/19/5 7705/19/5
f 7711/18/5 7705/18/5 7710/18/5
f 7712/19/5 7706/19/5 7711/19/5
f 7713/20/5 7698/20/5 7697/20/5
f 7714/18/5 7699/18/5 7698/18/5
f 7714/20/5 7698/20/5 7713/20/5
f 7715/20/5 7700/20/5 7699/20/5
f 7715/18/5 7699/18/5 7714/18/5
f 7716/20/5 7700/20/5 7715/20/5
f 7719/26/5 7718/26/5 7717/26/5
f 7720/26/5 7718/26/5 7719/26/5
f 7724/46/5 7722/46/5 7721/46/5
f 7725/46/5 7722/46/5 7724/46/5
f 7726/29/5 7724/29/5 7723/29/5
f 7727/29/5 7724/29/5 7726/29/5
f 7728/5/5 7727/5/5 7726/5/5
f 7729/5/5 7727/5/5 7728/5/5
f 7734/19/5 7731/19/5 7730/19/5
f 7735/19/5 7731/19/5 7734/19/5
f 7736/19/5 7733/19/5 7732/19/5
f 7737/19/5 7733/19/5 7736/19/5
f 7740/20/5 7739/20/5 7738/20/5
f 7741/20/5 7739/20/5 7740/20/5
f 7748/19/5 7743/19/5 7742/19/5
f 7749/19/5 7743/19/5 7748/19/5
f 7750/19/5 7745/19/5 7744/19/5
f 7751/19/5 7745/19/5 7750/19/5
f 7752/20/5 7747/20/5 7746/20/5
f 7753/20/5 7747/20/5 7752/20/5
f 7758/19/5 7757/19/5 7756/19/5
f 7759/19/5 7757/19/5 7758/19/5
f 7760/20/5 7755/20/5 7754/20/5
f 7761/20/5 7755/20/5 7760/20/5
f 7764/20/5 7763/20/5 7762/20/5
f 7765/20/5 7763/20/5 7764/20/5
f 7768/20/5 7767/20/5 7766/20/5
f 7769/20/5 7767/20/5 7768/20/5
f 7772/19/5 7771/19/5 7770/19/5
f 7773/19/5 7771/19/5 7772/19/5
f 7776/19/5 7775/19/5 7774/19/5
f 7777/19/5 7775/19/5 7776/19/5
f 7780/19/5 7779/19/5 7778/19/5
f 7781/19/5 7779/19/5 7780/19/5
f 7784/20/5 7783/20/5 7782/20/5
f 7785/20/5 7783/20/5 7784/20/5
f 7790/61/6 7791/61/6 7794/61/6
f 7794/61/6 7791/61/6 7795/61/6
f 7786/61/6 7787/61/6 7797/61/6
f 7795/61/6 7791/61/6 7798/61/6
f 7798/61/6 7791/61/6 7799/61/6
f 7792/61/6 7793/61/6 7800/61/6
f 7799/61/6 7791/61/6 7803/61/6
f 7802/61/6 7803/61/6 7805/61/6
f 7788/61/6 7789/61/6 7806/61/6
f 7804/61/6 7805/61/6 7807/61/6
f 7803/61/6 7791/61/6 7808/61/6
f 7806/61/6 7807/61/6 7808/61/6
f 7807/61/6 7805/61/6 7808/61/6
f 7805/61/6 7803/61/6 7808/61/6
f 7792/61/6 7800/61/6 7809/61/6
f 7800/61/6 7801/61/6 7809/61/6
f 7796/61/6 7797/61/6 7810/61/6
f 7797/61/6 7787/61/6 7811/61/6
f 7810/61/6 7797/61/6 7811/61/6
f 7808/61/6 7809/61/6 7812/61/6
f 7809/61/6 7801/61/6 7812/61/6
f 7812/61/6 7801/61/6 7813/61/6
f 7811/61/6 7787/61/6 7814/61/6
f 7788/61/6 7806/61/6 7815/61/6
f 7806/61/6 7808/61/6 7815/61/6
f 7808/61/6 7812/61/6 7815/61/6
f 7811/61/6 7814/61/6 7816/61/6
f 7814/61/6 7815/61/6 7816/61/6
f 7815/61/6 7812/61/6 7817/61/6
f 7816/61/6 7815/61/6 7817/61/6
f 7818/20/6 7819/20/6 7820/20/6
f 7820/20/6 7819/20/6 7821/20/6
f 7821/20/6 7819/20/6 7822/20/6
f 7822/20/6 7819/20/6 7823/20/6
f 7823/20/6 7819/20/6 7825/20/6
f 7824/20/6 7825/20/6 7826/20/6
f 7825/20/6 7819/20/6 7827/20/6
f 7826/20/6 7825/20/6 7827/20/6
f 7824/20/6 7826/20/6 7828/20/6
f 7828/20/6 7826/20/6 7829/20/6
f 7830/24/6 7831/24/6 7833/24/6
f 7832/24/6 7833/24/6 7834/24/6
f 7833/24/6 7831/24/6 7835/24/6
f 7834/24/6 7833/24/6 7835/24/6
f 7836/41/6 7837/41/6 7838/41/6
f 7838/41/6 7837/41/6 7839/41/6
f 7839/41/6 7837/41/6 7840/41/6
f 7840/41/6 7837/41/6 7841/41/6
f 7841/41/6 7837/41/6 7842/41/6
f 7836/41/6 7838/41/6 7843/41/6
f 7836/41/6 7843/41/6 7844/41/6
f 7836/41/6 7844/41/6 7847/41/6
f 7845/41/6 7846/41/6 7847/41/6
f 7844/41/6 7845/41/6 7847/41/6
f 7847/41/6 7846/41/6 7848/41/6
f 7849/19/6 7850/19/6 7854/19/6
f 7852/19/6 7853/19/6 7854/19/6
f 7851/19/6 7852/19/6 7854/19/6
f 7850/19/6 7851/19/6 7854/19/6
f 7849/19/6 7854/19/6 7855/19/6
f 7849/19/6 7855/19/6 7856/19/6
f 7849/19/6 7856/19/6 7857/19/6
f 7849/19/6 7857/19/6 7858/19/6
f 7858/19/6 7857/19/6 7859/19/6
f 7858/19/6 7859/19/6 7860/19/6
f 7858/19/6 7860/19/6 7861/19/6
f 7858/19/6 7861/19/6 7862/19/6
f 7862/19/6 7861/19/6 7863/19/6
f 7863/19/6 7861/19/6 7864/19/6
f 7865/40/6 7866/40/6 7867/40/6
f 7867/40/6 7866/40/6 7868/40/6
f 7865/40/6 7867/40/6 7869/40/6
f 7869/40/6 7867/40/6 7870/40/6
f 7868/40/6 7866/40/6 7872/40/6
f 7865/40/6 7869/40/6 7873/40/6
f 7871/40/6 7872/40/6 7874/40/6
f 7865/40/6 7873/40/6 7875/40/6
f 7873/40/6 7874/40/6 7875/40/6
f 7874/40/6 7872/40/6 7876/40/6
f 7875/40/6 7874/40/6 7876/40/6
f 7872/40/6 7866/40/6 7876/40/6
f 7877/20/6 7878/20/6 7879/20/6
f 7877/20/6 7879/20/6 7880/20/6
f 7877/20/6 7880/20/6 7881/20/6
f 7877/20/6 7881/20/6 7882/20/6
f 7877/20/6 7882/20/6 7883/20/6
f 7877/20/6 7883/20/6 7884/20/6
f 7877/20/6 7884/20/6 7885/20/6
f 7877/20/6 7885/20/6 7886/20/6
f 7886/20/6 7885/20/6 7887/20/6
f 7886/19/6 7887/19/6 7888/19/6
f 7888/19/6 7887/19/6 7889/19/6
f 7890/20/6 7891/20/6 7894/20/6
f 7890/20/6 7894/20/6 7895/20/6
f 7890/20/6 7895/20/6 7896/20/6
f 7896/20/6 7895/20/6 7897/20/6
f 7896/44/6 7897/44/6 7898/44/6
f 7896/44/6 7898/44/6 7899/44/6
f 7899/44/6 7898/44/6 7900/44/6
f 7899/20/6 7900/20/6 7901/20/6
f 7899/20/6 7901/20/6 7902/20/6
f 7902/20/6 7901/20/6 7903/20/6
f 7902/47/6 7903/47/6 7904/47/6
f 7904/47/6 7903/47/6 7905/47/6
f 7904/20/6 7905/20/6 7906/20/6
f 7904/20/6 7906/20/6 7907/20/6
f 7907/20/6 7906/20/6 7908/20/6
f 7892/63/6 7893/63/6 7909/63/6
f 7909/63/6 7893/63/6 7910/63/6
f 7911/63/6 7912/63/6 7915/63/6
f 7916/24/6 7917/24/6 7918/24/6
f 7918/24/6 7917/24/6 7919/24/6
f 7920/24/6 7921/24/6 7922/24/6
f 7922/24/6 7921/24/6 7923/24/6
f 7923/24/6 7921/24/6 7924/24/6
f 7915/63/6 7912/63/6 7925/63/6
f 7925/63/6 7912/63/6 7926/63/6
f 7913/63/6 7914/63/6 7927/63/6
f 7927/63/6 7914/63/6 7928/63/6
f 7929/59/6 7930/59/6 7931/59/6
f 7931/59/6 7930/59/6 7932/59/6
f 7933/24/6 7934/24/6 7935/24/6
f 7935/24/6 7934/24/6 7936/24/6
f 7937/53/6 7938/53/6 7939/53/6
f 7939/53/6 7938/53/6 7940/53/6
f 7940/53/6 7938/53/6 7941/53/6
f 7941/53/6 7938/53/6 7942/53/6
f 7940/53/6 7941/53/6 7943/53/6
f 7943/53/6 7941/53/6 7944/53/6
f 7942/53/6 7938/53/6 7945/53/6
f 7945/53/6 7938/53/6 7946/53/6
f 7942/53/6 7945/53/6 7951/53/6
f 7951/53/6 7945/53/6 7952/53/6
f 7949/53/6 7950/53/6 7953/53/6
f 7953/53/6 7950/53/6 7954/53/6
f 7947/48/6 7948/48/6 7955/48/6
f 7955/48/6 7948/48/6 7958/48/6
f 7956/24/6 7957/24/6 7959/24/6
f 7959/24/6 7957/24/6 7960/24/6
f 7958/48/6 7948/48/6 7961/48/6
f 7961/48/6 7948/48/6 7962/48/6
f 7962/48/6 7948/48/6 7963/48/6
f 7964/53/6 7965/53/6 7966/53/6
f 7966/53/6 7965/53/6 7967/53/6
f 7967/53/6 7965/53/6 7968/53/6
f 7967/53/6 7968/53/6 7972/53/6
f 7968/53/6 7969/53/6 7972/53/6
f 7972/53/6 7969/53/6 7973/53/6
f 7973/53/6 7969/53/6 7974/53/6
f 7975/53/6 7976/53/6 7977/53/6
f 7977/53/6 7976/53/6 7978/53/6
f 7979/45/6 7980/45/6 7981/45/6
f 7981/45/6 7980/45/6 7982/45/6
f 7983/24/6 7984/24/6 7986/24/6
f 7984/24/6 7985/24/6 7986/24/6
f 7986/24/6 7985/24/6 7987/24/6
f 7970/58/6 7971/58/6 7988/58/6
f 7988/58/6 7971/58/6 7989/58/6
f 7990/58/6 7991/58/6 7992/58/6
f 7992/58/6 7991/58/6 7993/58/6
f 7994/35/6 7995/35/6 7996/35/6
f 7996/35/6 7995/35/6 7997/35/6
f 7998/35/6 7999/35/6 8000/35/6
f 8000/35/6 7999/35/6 8001/35/6
f 7998/35/6 8000/35/6 8003/35/6
f 8003/35/6 8000/35/6 8004/35/6
f 8002/35/6 8003/35/6 8004/35/6
f 8002/35/6 8004/35/6 8006/35/6
f 8004/35/6 8005/35/6 8006/35/6
f 8006/35/6 8005/35/6 8007/35/6
f 8007/35/6 8005/35/6 8008/35/6
f 8007/35/6 8008/35/6 8010/35/6
f 8008/35/6 8009/35/6 8010/35/6
f 8010/35/6 8009/35/6 8011/35/6
f 8012/20/6 8013/20/6 8016/20/6
f 8016/20/6 8013/20/6 8017/20/6
f 8017/20/6 8013/20/6 8018/20/6
f 8014/16/6 8015/16/6 8019/16/6
f 8019/16/6 8015/16/6 8020/16/6
f 8020/16/6 8015/16/6 8021/16/6
f 8020/16/6 8021/16/6 8023/16/6
f 8023/16/6 8021/16/6 8024/16/6
f 8024/16/6 8021/16/6 8027/16/6
f 8021/58/6 8022/58/6 8028/58/6
f 8027/16/6 8021/16/6 8028/16/6
f 8028/58/6 8022/58/6 8029/58/6
f 8025/4/6 8026/4/6 8031/4/6
f 8024/16/6 8027/16/6 8032/16/6
f 8032/16/6 8027/16/6 8033/16/6
f 8030/4/6 8031/4/6 8034/4/6
f 8031/4/6 8026/4/6 8035/4/6
f 8034/4/6 8031/4/6 8035/4/6
f 8016/19/6 8017/19/6 8036/19/6
f 8036/19/6 8017/19/6 8037/19/6
f 8018/20/6 8013/20/6 8038/20/6
f 8038/20/6 8013/20/6 8039/20/6
f 8030/4/6 8034/4/6 8040/4/6
f 8040/4/6 8034/4/6 8041/4/6
f 8042/20/6 8043/20/6 8048/20/6
f 8048/20/6 8043/20/6 8049/20/6
f 8046/27/6 8047/27/6 8050/27/6
f 8050/27/6 8047/27/6 8051/27/6
f 8048/19/6 8049/19/6 8052/19/6
f 8052/19/6 8049/19/6 8053/19/6
f 8044/20/6 8045/20/6 8054/20/6
f 8054/20/6 8045/20/6 8055/20/6
f 8056/19/6 8057/19/6 8062/19/6
f 8062/19/6 8057/19/6 8063/19/6
f 8062/20/6 8063/20/6 8064/20/6
f 8064/20/6 8063/20/6 8065/20/6
f 8064/19/6 8065/19/6 8066/19/6
f 8058/20/6 8059/20/6 8067/20/6
f 8064/19/6 8066/19/6 8068/19/6
f 8066/19/6 8067/19/6 8068/19/6
f 8067/20/6 8059/20/6 8069/20/6
f 8068/19/6 8067/19/6 8069/19/6
f 8069/20/6 8059/20/6 8070/20/6
f 8060/53/6 8061/53/6 8071/53/6
f 8071/53/6 8072/53/6 8073/53/6
f 8060/53/6 8071/53/6 8075/53/6
f 8073/53/6 8074/53/6 8075/53/6
f 8071/53/6 8073/53/6 8075/53/6
f 8075/53/6 8074/53/6 8076/53/6
f 8077/20/6 8078/20/6 8079/20/6
f 8079/20/6 8078/20/6 8080/20/6
f 8080/20/6 8078/20/6 8081/20/6
f 8081/20/6 8078/20/6 8082/20/6
f 8080/20/6 8081/20/6 8083/20/6
f 8083/20/6 8081/20/6 8084/20/6
f 8085/58/6 8086/58/6 8088/58/6
f 8088/58/6 8086/58/6 8089/58/6
f 8087/58/6 8088/58/6 8091/58/6
f 8089/58/6 8090/58/6 8091/58/6
f 8088/58/6 8089/58/6 8091/58/6
f 8091/58/6 8090/58/6 8092/58/6
f 8087/58/6 8091/58/6 8094/58/6
f 8094/58/6 8091/58/6 8095/58/6
f 8095/58/6 8091/58/6 8096/58/6
f 8093/2/6 8094/2/6 8100/2/6
f 8094/2/6 8095/2/6 8100/2/6
f 8100/2/6 8095/2/6 8101/2/6
f 8098/57/6 8099/57/6 8103/57/6
f 8097/57/6 8098/57/6 8103/57/6
f 8102/57/6 8103/57/6 8106/57/6
f 8103/57/6 8099/57/6 8107/57/6
f 8106/57/6 8103/57/6 8107/57/6
f 8104/58/6 8105/58/6 8109/58/6
f 8109/58/6 8105/58/6 8110/58/6
f 8107/57/6 8099/57/6 8112/57/6
f 8112/57/6 8099/57/6 8113/57/6
f 8108/57/6 8109/57/6 8114/57/6
f 8109/57/6 8110/57/6 8114/57/6
f 8110/58/6 8111/58/6 8115/58/6
f 8114/57/6 8110/57/6 8115/57/6
f 8115/58/6 8111/58/6 8116/58/6
f 8117/45/6 8118/45/6 8119/45/6
f 8119/45/6 8118/45/6 8120/45/6
f 8121/28/6 8122/28/6 8123/28/6
f 8121/28/6 8123/28/6 8125/28/6
f 8123/27/6 8124/27/6 8126/27/6
f 8125/28/6 8123/28/6 8126/28/6
f 8126/27/6 8124/27/6 8127/27/6
f 8128/20/6 8129/20/6 8132/20/6
f 8130/20/6 8131/20/6 8132/20/6
f 8129/20/6 8130/20/6 8132/20/6
f 8132/20/6 8131/20/6 8133/20/6
f 8134/58/6 8135/58/6 8138/58/6
f 8138/58/6 8135/58/6 8139/58/6
f 8134/58/6 8138/58/6 8144/58/6
f 8144/58/6 8138/58/6 8145/58/6
f 8140/19/6 8141/19/6 8146/19/6
f 8146/19/6 8141/19/6 8147/19/6
f 8142/19/6 8143/19/6 8148/19/6
f 8148/19/6 8143/19/6 8149/19/6
f 8136/27/6 8137/27/6 8152/27/6
f 8152/27/6 8137/27/6 8153/27/6
f 8150/16/6 8151/16/6 8154/16/6
f 8150/16/6 8154/16/6 8159/16/6
f 8159/16/6 8154/16/6 8160/16/6
f 8155/19/6 8156/19/6 8161/19/6
f 8161/19/6 8156/19/6 8162/19/6
f 8157/19/6 8158/19/6 8163/19/6
f 8163/19/6 8158/19/6 8164/19/6
f 8165/16/6 8166/16/6 8167/16/6
f 8169/27/6 8170/27/6 8172/27/6
f 8167/16/6 8168/16/6 8173/16/6
f 8165/16/6 8167/16/6 8173/16/6
f 8173/16/6 8168/16/6 8174/16/6
f 8171/27/6 8172/27/6 8176/27/6
f 8176/27/6 8172/27/6 8177/27/6
f 8172/27/6 8170/27/6 8178/27/6
f 8177/27/6 8172/27/6 8178/27/6
f 8165/16/6 8173/16/6 8179/16/6
f 8179/16/6 8173/16/6 8180/16/6
f 8175/16/6 8176/16/6 8181/16/6
f 8176/27/6 8177/27/6 8182/27/6
f 8181/16/6 8176/16/6 8182/16/6
f 8182/27/6 8177/27/6 8183/27/6
f 8175/16/6 8181/16/6 8184/16/6
f 8184/16/6 8181/16/6 8185/16/6
f 8178/27/6 8170/27/6 8186/27/6
f 8186/27/6 8170/27/6 8187/27/6
f 8188/58/6 8189/58/6 8190/58/6
f 8190/58/6 8189/58/6 8191/58/6
f 8192/58/6 8193/58/6 8198/58/6
f 8198/58/6 8193/58/6 8199/58/6
f 8202/33/6 8203/33/6 8205/33/6
f 8194/19/6 8195/19/6 8206/19/6
f 8206/19/6 8195/19/6 8207/19/6
f 8196/19/6 8197/19/6 8208/19/6
f 8208/19/6 8197/19/6 8209/19/6
f 8200/21/6 8201/21/6 8210/21/6
f 8210/21/6 8201/21/6 8211/21/6
f 8200/21/6 8210/21/6 8212/21/6
f 8212/21/6 8210/21/6 8213/21/6
f 8213/21/6 8210/21/6 8214/21/6
f 8204/33/6 8205/33/6 8215/33/6
f 8205/33/6 8203/33/6 8215/33/6
f 8204/33/6 8215/33/6 8217/33/6
f 8215/33/6 8216/33/6 8217/33/6
f 8217/33/6 8216/33/6 8218/33/6
f 8212/58/6 8213/58/6 8221/58/6
f 8221/58/6 8213/58/6 8222/58/6
f 8219/58/6 8220/58/6 8225/58/6
f 8225/58/6 8220/58/6 8226/58/6
f 8223/16/6 8224/16/6 8227/16/6
f 8227/16/6 8228/16/6 8229/16/6
f 8223/16/6 8227/16/6 8229/16/6
f 8229/16/6 8228/16/6 8230/16/6
f 8231/57/6 8232/57/6 8235/57/6
f 8235/57/6 8232/57/6 8236/57/6
f 8237/57/6 8238/57/6 8239/57/6
f 8239/57/6 8238/57/6 8240/57/6
f 8233/58/6 8234/58/6 8241/58/6
f 8241/58/6 8234/58/6 8242/58/6
f 8243/57/6 8244/57/6 8245/57/6
f 8245/57/6 8244/57/6 8246/57/6
f 8247/20/6 8248/20/6 8251/20/6
f 8251/20/6 8248/20/6 8252/20/6
f 8249/20/6 8250/20/6 8253/20/6
f 8253/20/6 8250/20/6 8254/20/6
f 8255/61/6 8256/61/6 8266/61/6
f 8263/61/6 8264/61/6 8267/61/6
f 8257/61/6 8258/61/6 8269/61/6
f 8259/61/6 8260/61/6 8270/61/6
f 8265/61/6 8266/61/6 8271/61/6
f 8266/61/6 8256/61/6 8271/61/6
f 8269/61/6 8270/61/6 8272/61/6
f 8257/61/6 8269/61/6 8272/61/6
f 8261/61/6 8262/61/6 8273/61/6
f 8267/61/6 8268/61/6 8274/61/6
f 8263/61/6 8267/61/6 8274/61/6
f 8271/61/6 8272/61/6 8275/61/6
f 8270/61/6 8260/61/6 8275/61/6
f 8272/61/6 8270/61/6 8275/61/6
f 8261/61/6 8273/61/6 8276/61/6
f 8273/61/6 8274/61/6 8276/61/6
f 8265/61/6 8271/61/6 8277/61/6
f 8275/61/6 8276/61/6 8277/61/6
f 8271/61/6 8275/61/6 8277/61/6
f 8277/61/6 8276/61/6 8278/61/6
f 8276/61/6 8274/61/6 8279/61/6
f 8278/61/6 8276/61/6 8279/61/6
f 8274/61/6 8268/61/6 8279/61/6
f 8279/61/6 8268/61/6 8280/61/6
f 8278/61/6 8279/61/6 8281/61/6
f 8281/61/6 8279/61/6 8282/61/6
f 8283/58/6 8284/58/6 8296/58/6
f 8284/58/6 8285/58/6 8296/58/6
f 8285/58/6 8286/58/6 8296/58/6
f 8286/58/6 8287/58/6 8296/58/6
f 8288/58/6 8289/58/6 8296/58/6
f 8287/58/6 8288/58/6 8296/58/6
f 8296/58/6 8289/58/6 8297/58/6
f 8292/58/6 8293/58/6 8298/58/6
f 8298/58/6 8293/58/6 8299/58/6
f 8294/57/6 8295/57/6 8300/57/6
f 8300/57/6 8295/57/6 8301/57/6
f 8302/58/6 8303/58/6 8304/58/6
f 8304/58/6 8303/58/6 8305/58/6
f 8290/57/6 8291/57/6 8306/57/6
f 8306/57/6 8291/57/6 8307/57/6
f 8308/58/6 8309/58/6 8310/58/6
f 8310/58/6 8309/58/6 8311/58/6
f 8308/58/6 8310/58/6 8312/58/6
f 8311/58/6 8309/58/6 8313/58/6
f 8308/58/6 8312/58/6 8314/58/6
f 8313/58/6 8309/58/6 8315/58/6
f 8308/58/6 8314/58/6 8316/58/6
f 8315/58/6 8309/58/6 8317/58/6
f 8308/58/6 8316/58/6 8318/58/6
f 8317/58/6 8309/58/6 8319/58/6
f 8308/58/6 8318/58/6 8320/58/6
f 8319/58/6 8309/58/6 8321/58/6
f 8308/58/6 8320/58/6 8322/58/6
f 8321/58/6 8309/58/6 8323/58/6
f 8308/58/6 8322/58/6 8324/58/6
f 8322/58/6 8323/58/6 8324/58/6
f 8323/58/6 8309/58/6 8325/58/6
f 8324/58/6 8323/58/6 8325/58/6
f 8326/58/6 8327/58/6 8330/58/6
f 8327/41/6 8328/41/6 8331/41/6
f 8330/58/6 8327/58/6 8331/58/6
f 8328/58/6 8329/58/6 8332/58/6
f 8331/41/6 8328/41/6 8332/41/6
f 8332/58/6 8329/58/6 8333/58/6
f 8326/58/6 8330/58/6 8334/58/6
f 8334/58/6 8330/58/6 8335/58/6
f 8336/20/6 8337/20/6 8340/20/6
f 8337/58/6 8338/58/6 8341/58/6
f 8340/20/6 8337/20/6 8341/20/6
f 8338/20/6 8339/20/6 8342/20/6
f 8341/58/6 8338/58/6 8342/58/6
f 8334/41/6 8335/41/6 8343/41/6
f 8333/58/6 8329/58/6 8344/58/6
f 8334/41/6 8343/41/6 8345/41/6
f 8344/58/6 8329/58/6 8346/58/6
f 8336/20/6 8340/20/6 8347/20/6
f 8342/20/6 8339/20/6 8348/20/6
f 8334/41/6 8345/41/6 8349/41/6
f 8349/41/6 8345/41/6 8350/41/6
f 8336/20/6 8347/20/6 8351/20/6
f 8348/20/6 8339/20/6 8352/20/6
f 8336/20/6 8351/20/6 8353/20/6
f 8352/20/6 8339/20/6 8354/20/6
f 8349/58/6 8350/58/6 8355/58/6
f 8346/58/6 8329/58/6 8356/58/6
f 8336/20/6 8353/20/6 8357/20/6
f 8354/20/6 8339/20/6 8358/20/6
f 8355/20/6 8356/20/6 8359/20/6
f 8349/58/6 8355/58/6 8359/58/6
f 8356/58/6 8329/58/6 8360/58/6
f 8359/20/6 8356/20/6 8360/20/6
f 8336/20/6 8357/20/6 8361/20/6
f 8358/20/6 8339/20/6 8362/20/6
f 8349/58/6 8359/58/6 8363/58/6
f 8360/58/6 8329/58/6 8364/58/6
f 8336/20/6 8361/20/6 8365/20/6
f 8362/20/6 8339/20/6 8366/20/6
f 8336/20/6 8365/20/6 8369/20/6
f 8366/20/6 8339/20/6 8370/20/6
f 8367/58/6 8368/58/6 8371/58/6
f 8371/58/6 8368/58/6 8372/58/6
f 8336/20/6 8369/20/6 8373/20/6
f 8370/20/6 8339/20/6 8374/20/6
f 8349/58/6 8363/58/6 8375/58/6
f 8364/58/6 8329/58/6 8376/58/6
f 8336/20/6 8373/20/6 8377/20/6
f 8374/20/6 8339/20/6 8378/20/6
f 8336/20/6 8377/20/6 8379/20/6
f 8378/20/6 8339/20/6 8380/20/6
f 8349/58/6 8375/58/6 8381/58/6
f 8376/58/6 8329/58/6 8382/58/6
f 8336/20/6 8379/20/6 8383/20/6
f 8380/20/6 8339/20/6 8384/20/6
f 8336/20/6 8383/20/6 8385/20/6
f 8384/20/6 8339/20/6 8386/20/6
f 8349/58/6 8381/58/6 8387/58/6
f 8382/58/6 8329/58/6 8388/58/6
f 8336/20/6 8385/20/6 8389/20/6
f 8386/20/6 8339/20/6 8390/20/6
f 8349/58/6 8387/58/6 8391/58/6
f 8388/58/6 8329/58/6 8392/58/6
f 8336/20/6 8389/20/6 8393/20/6
f 8390/20/6 8339/20/6 8394/20/6
f 8349/58/6 8391/58/6 8395/58/6
f 8392/58/6 8329/58/6 8396/58/6
f 8393/20/6 8394/20/6 8397/20/6
f 8336/20/6 8393/20/6 8397/20/6
f 8394/20/6 8339/20/6 8398/20/6
f 8397/20/6 8394/20/6 8398/20/6
f 8349/58/6 8395/58/6 8399/58/6
f 8396/58/6 8329/58/6 8400/58/6
f 8349/58/6 8399/58/6 8401/58/6
f 8400/58/6 8329/58/6 8402/58/6
f 8349/58/6 8401/58/6 8403/58/6
f 8401/58/6 8402/58/6 8403/58/6
f 8402/58/6 8329/58/6 8404/58/6
f 8403/58/6 8402/58/6 8404/58/6
f 8405/20/6 8406/20/6 8407/20/6
f 8407/20/6 8406/20/6 8408/20/6
f 8409/57/6 8410/57/6 8411/57/6
f 8411/57/6 8410/57/6 8412/57/6
f 8411/58/6 8412/58/6 8413/58/6
f 8413/58/6 8412/58/6 8414/58/6
f 8415/57/6 8416/57/6 8419/57/6
f 8419/57/6 8416/57/6 8420/57/6
f 8417/20/6 8418/20/6 8421/20/6
f 8421/20/6 8418/20/6 8422/20/6
f 8419/58/6 8420/58/6 8425/58/6
f 8425/58/6 8420/58/6 8426/58/6
f 8423/20/6 8424/20/6 8427/20/6
f 8427/20/6 8424/20/6 8428/20/6
f 8425/57/6 8426/57/6 8429/57/6
f 8429/57/6 8426/57/6 8430/57/6
f 8405/20/6 8407/20/6 8431/20/6
f 8408/20/6 8406/20/6 8432/20/6
f 8405/20/6 8431/20/6 8433/20/6
f 8431/20/6 8432/20/6 8433/20/6
f 8432/20/6 8406/20/6 8434/20/6
f 8433/20/6 8432/20/6 8434/20/6
f 8435/59/6 8436/59/6 8439/59/6
f 8439/59/6 8436/59/6 8440/59/6
f 8437/20/6 8438/20/6 8441/20/6
f 8441/20/6 8438/20/6 8442/20/6
f 8443/38/6 8444/38/6 8445/38/6
f 8445/38/6 8444/38/6 8446/38/6
f 8447/20/6 8448/20/6 8449/20/6
f 8449/20/6 8448/20/6 8450/20/6
f 8451/38/6 8452/38/6 8453/38/6
f 8453/38/6 8452/38/6 8454/38/6
f 8455/18/6 8456/18/6 8457/18/6
f 8457/18/6 8456/18/6 8458/18/6
f 8457/20/6 8458/20/6 8459/20/6
f 8459/20/6 8458/20/6 8460/20/6
f 8461/18/6 8462/18/6 8463/18/6
f 8463/18/6 8462/18/6 8464/18/6
f 8463/20/6 8464/20/6 8465/20/6
f 8465/20/6 8464/20/6 8466/20/6
f 8467/37/6 8468/37/6 8471/37/6
f 8471/37/6 8468/37/6 8472/37/6
f 8469/20/6 8470/20/6 8473/20/6
f 8473/20/6 8470/20/6 8474/20/6
f 8471/42/6 8472/42/6 8475/42/6
f 8475/42/6 8472/42/6 8476/42/6
f 8477/18/6 8478/18/6 8481/18/6
f 8481/18/6 8478/18/6 8482/18/6
f 8479/59/6 8480/59/6 8483/59/6
f 8483/59/6 8480/59/6 8484/59/6
f 8481/20/6 8482/20/6 8485/20/6
f 8485/20/6 8482/20/6 8486/20/6
f 8483/38/6 8484/38/6 8487/38/6
f 8487/38/6 8484/38/6 8488/38/6
f 8487/37/6 8488/37/6 8489/37/6
f 8489/37/6 8488/37/6 8490/37/6
f 8489/59/6 8490/59/6 8493/59/6
f 8493/59/6 8490/59/6 8494/59/6
f 8491/18/6 8492/18/6 8497/18/6
f 8497/18/6 8492/18/6 8498/18/6
f 8495/37/6 8496/37/6 8499/37/6
f 8499/37/6 8496/37/6 8500/37/6
f 8499/39/6 8500/39/6 8503/39/6
f 8503/39/6 8500/39/6 8504/39/6
f 8501/20/6 8502/20/6 8505/20/6
f 8505/20/6 8502/20/6 8506/20/6
f 8503/37/6 8504/37/6 8507/37/6
f 8507/37/6 8504/37/6 8508/37/6
f 8509/18/6 8510/18/6 8511/18/6
f 8511/18/6 8510/18/6 8512/18/6
f 8511/20/6 8512/20/6 8513/20/6
f 8513/20/6 8512/20/6 8514/20/6
f 8521/61/6 8522/61/6 8523/61/6
f 8523/61/6 8522/61/6 8524/61/6
f 8524/61/6 8522/61/6 8525/61/6
f 8525/61/6 8522/61/6 8526/61/6
f 8515/61/6 8516/61/6 8528/61/6
f 8524/61/6 8525/61/6 8529/61/6
f 8529/61/6 8525/61/6 8530/61/6
f 8530/61/6 8525/61/6 8531/61/6
f 8531/61/6 8525/61/6 8532/61/6
f 8532/61/6 8525/61/6 8533/61/6
f 8533/61/6 8525/61/6 8534/61/6
f 8534/61/6 8525/61/6 8535/61/6
f 8535/61/6 8525/61/6 8536/61/6
f 8536/61/6 8525/61/6 8537/61/6
f 8537/61/6 8525/61/6 8538/61/6
f 8538/61/6 8525/61/6 8539/61/6
f 8526/61/6 8522/61/6 8540/61/6
f 8540/61/6 8522/61/6 8541/61/6
f 8541/61/6 8522/61/6 8542/61/6
f 8527/61/6 8528/61/6 8544/61/6
f 8528/61/6 8516/61/6 8544/61/6
f 8517/61/6 8518/61/6 8545/61/6
f 8527/61/6 8544/61/6 8546/61/6
f 8544/61/6 8545/61/6 8546/61/6
f 8546/61/6 8545/61/6 8547/61/6
f 8519/61/6 8520/61/6 8548/61/6
f 8521/61/6 8523/61/6 8551/61/6
f 8527/61/6 8546/61/6 8552/61/6
f 8552/61/6 8546/61/6 8553/61/6
f 8547/61/6 8545/61/6 8554/61/6
f 8554/61/6 8545/61/6 8555/61/6
f 8526/61/6 8540/61/6 8556/61/6
f 8542/61/6 8543/61/6 8557/61/6
f 8541/61/6 8542/61/6 8557/61/6
f 8527/61/6 8552/61/6 8558/61/6
f 8558/61/6 8552/61/6 8559/61/6
f 8555/61/6 8545/61/6 8560/61/6
f 8560/61/6 8545/61/6 8561/61/6
f 8545/61/6 8518/61/6 8564/61/6
f 8561/61/6 8545/61/6 8564/61/6
f 8549/61/6 8550/61/6 8565/61/6
f 8550/61/6 8551/61/6 8565/61/6
f 8519/61/6 8548/61/6 8565/61/6
f 8548/61/6 8549/61/6 8565/61/6
f 8534/61/6 8535/61/6 8571/61/6
f 8562/61/6 8563/61/6 8572/61/6
f 8572/61/6 8563/61/6 8573/61/6
f 8551/61/6 8523/61/6 8574/61/6
f 8565/61/6 8551/61/6 8574/61/6
f 8564/61/6 8565/61/6 8574/61/6
f 8570/61/6 8571/61/6 8575/61/6
f 8569/61/6 8570/61/6 8575/61/6
f 8566/61/6 8567/61/6 8575/61/6
f 8568/61/6 8569/61/6 8575/61/6
f 8567/61/6 8568/61/6 8575/61/6
f 8527/61/6 8558/61/6 8576/61/6
f 8564/61/6 8574/61/6 8579/61/6
f 8561/61/6 8564/61/6 8579/61/6
f 8574/61/6 8575/61/6 8579/61/6
f 8526/61/6 8556/61/6 8581/61/6
f 8556/61/6 8557/61/6 8581/61/6
f 8576/61/6 8577/61/6 8582/61/6
f 8578/61/6 8579/61/6 8585/61/6
f 8579/61/6 8575/61/6 8586/61/6
f 8575/61/6 8571/61/6 8586/61/6
f 8585/61/6 8579/61/6 8586/61/6
f 8571/61/6 8535/61/6 8586/61/6
f 8536/61/6 8537/61/6 8587/61/6
f 8587/61/6 8537/61/6 8588/61/6
f 8582/61/6 8583/61/6 8590/61/6
f 8527/61/6 8576/61/6 8590/61/6
f 8576/61/6 8582/61/6 8590/61/6
f 8590/61/6 8583/61/6 8591/61/6
f 8591/61/6 8583/61/6 8592/61/6
f 8588/61/6 8589/61/6 8593/61/6
f 8584/61/6 8585/61/6 8593/61/6
f 8587/61/6 8588/61/6 8593/61/6
f 8585/61/6 8586/61/6 8593/61/6
f 8586/61/6 8587/61/6 8593/61/6
f 8593/61/6 8589/61/6 8594/61/6
f 8580/61/6 8581/61/6 8595/61/6
f 8557/61/6 8543/61/6 8596/61/6
f 8581/61/6 8557/61/6 8596/61/6
f 8595/61/6 8581/61/6 8596/61/6
f 8596/61/6 8543/61/6 8597/61/6
f 8591/61/6 8592/61/6 8598/61/6
f 8593/61/6 8594/61/6 8598/61/6
f 8595/61/6 8596/61/6 8598/61/6
f 8592/61/6 8593/61/6 8598/61/6
f 8594/61/6 8595/61/6 8598/61/6
f 8598/61/6 8596/61/6 8599/61/6
f 8600/58/6 8601/58/6 8602/58/6
f 8602/58/6 8601/58/6 8603/58/6
f 8604/19/6 8605/19/6 8608/19/6
f 8606/19/6 8607/19/6 8608/19/6
f 8605/19/6 8606/19/6 8608/19/6
f 8608/19/6 8607/19/6 8609/19/6
f 8609/19/6 8607/19/6 8610/19/6
f 8610/19/6 8607/19/6 8611/19/6
f 8612/58/6 8613/58/6 8615/58/6
f 8615/58/6 8613/58/6 8616/58/6
f 8614/58/6 8615/58/6 8619/58/6
f 8619/58/6 8615/58/6 8620/58/6
f 8616/58/6 8617/58/6 8621/58/6
f 8621/58/6 8617/58/6 8622/58/6
f 8624/58/6 8625/58/6 8626/58/6
f 8626/58/6 8625/58/6 8627/58/6
f 8618/58/6 8619/58/6 8628/58/6
f 8628/58/6 8619/58/6 8629/58/6
f 8622/58/6 8623/58/6 8632/58/6
f 8632/58/6 8623/58/6 8633/58/6
f 8629/58/6 8630/58/6 8634/58/6
f 8634/58/6 8630/58/6 8635/58/6
f 8631/58/6 8632/58/6 8636/58/6
f 8636/58/6 8632/58/6 8637/58/6
f 8635/58/6 8636/58/6 8638/58/6
f 8638/58/6 8636/58/6 8639/58/6
f 8640/57/6 8641/57/6 8642/57/6
f 8642/57/6 8641/57/6 8643/57/6
f 8644/59/6 8645/59/6 8648/59/6
f 8648/59/6 8645/59/6 8649/59/6
f 8649/59/6 8645/59/6 8650/59/6
f 8650/59/6 8645/59/6 8651/59/6
f 8644/59/6 8648/59/6 8652/59/6
f 8652/59/6 8648/59/6 8653/59/6
f 8651/59/6 8645/59/6 8654/59/6
f 8654/59/6 8645/59/6 8655/59/6
f 8644/59/6 8652/59/6 8656/59/6
f 8656/59/6 8652/59/6 8657/59/6
f 8655/59/6 8645/59/6 8658/59/6
f 8658/59/6 8645/59/6 8659/59/6
f 8646/24/6 8647/24/6 8660/24/6
f 8660/24/6 8647/24/6 8661/24/6
f 8661/24/6 8647/24/6 8662/24/6
f 8659/59/6 8645/59/6 8663/59/6
f 8663/59/6 8645/59/6 8664/59/6
f 8664/59/6 8645/59/6 8668/59/6
f 8665/59/6 8666/59/6 8669/59/6
f 8667/59/6 8668/59/6 8672/59/6
f 8669/59/6 8670/59/6 8673/59/6
f 8671/59/6 8672/59/6 8674/59/6
f 8646/24/6 8660/24/6 8675/24/6
f 8673/59/6 8674/59/6 8678/59/6
f 8669/59/6 8673/59/6 8678/59/6
f 8665/59/6 8669/59/6 8678/59/6
f 8668/59/6 8645/59/6 8679/59/6
f 8678/59/6 8674/59/6 8679/59/6
f 8672/59/6 8668/59/6 8679/59/6
f 8674/59/6 8672/59/6 8679/59/6
f 8676/24/6 8677/24/6 8680/24/6
f 8675/24/6 8676/24/6 8680/24/6
f 8646/24/6 8675/24/6 8680/24/6
f 8680/24/6 8677/24/6 8681/24/6
f 8682/58/6 8683/58/6 8687/58/6
f 8687/58/6 8683/58/6 8688/58/6
f 8690/58/6 8691/58/6 8692/58/6
f 8692/58/6 8691/58/6 8693/58/6
f 8684/59/6 8685/59/6 8694/59/6
f 8694/59/6 8685/59/6 8695/59/6
f 8686/58/6 8687/58/6 8696/58/6
f 8696/58/6 8687/58/6 8697/58/6
f 8688/58/6 8689/58/6 8698/58/6
f 8698/58/6 8689/58/6 8699/58/6
f 8697/58/6 8698/58/6 8700/58/6
f 8700/58/6 8698/58/6 8701/58/6
f 8702/19/6 8703/19/6 8704/19/6
f 8704/19/6 8703/19/6 8705/19/6
f 8702/19/6 8704/19/6 8712/19/6
f 8705/19/6 8703/19/6 8713/19/6
f 8713/19/6 8703/19/6 8714/19/6
f 8702/19/6 8712/19/6 8715/19/6
f 8702/19/6 8715/19/6 8718/19/6
f 8716/19/6 8717/19/6 8718/19/6
f 8715/19/6 8716/19/6 8718/19/6
f 8718/19/6 8717/19/6 8719/19/6
f 8706/58/6 8707/58/6 8720/58/6
f 8707/59/6 8708/59/6 8721/59/6
f 8720/58/6 8707/58/6 8721/58/6
f 8708/57/6 8709/57/6 8722/57/6
f 8721/59/6 8708/59/6 8722/59/6
f 8709/59/6 8710/59/6 8723/59/6
f 8722/57/6 8709/57/6 8723/57/6
f 8710/58/6 8711/58/6 8724/58/6
f 8723/59/6 8710/59/6 8724/59/6
f 8724/58/6 8711/58/6 8725/58/6
f 8726/54/6 8727/54/6 8730/54/6
f 8730/54/6 8727/54/6 8731/54/6
f 8728/58/6 8729/58/6 8733/58/6
f 8732/58/6 8733/58/6 8734/58/6
f 8733/58/6 8729/58/6 8735/58/6
f 8734/58/6 8733/58/6 8735/58/6
f 8738/58/6 8739/58/6 8740/58/6
f 8740/58/6 8739/58/6 8741/58/6
f 8741/58/6 8739/58/6 8743/58/6
f 8736/54/6 8737/54/6 8744/54/6
f 8744/54/6 8737/54/6 8745/54/6
f 8742/58/6 8743/58/6 8746/58/6
f 8743/58/6 8739/58/6 8747/58/6
f 8746/58/6 8743/58/6 8747/58/6
f 8748/24/6 8749/24/6 8750/24/6
f 8750/24/6 8749/24/6 8751/24/6
f 8751/24/6 8749/24/6 8760/24/6
f 8756/49/6 8757/49/6 8761/49/6
f 8761/49/6 8757/49/6 8762/49/6
f 8758/49/6 8759/49/6 8763/49/6
f 8763/49/6 8759/49/6 8764/49/6
f 8765/49/6 8766/49/6 8767/49/6
f 8767/49/6 8766/49/6 8768/49/6
f 8764/49/6 8759/49/6 8772/49/6
f 8769/49/6 8770/49/6 8773/49/6
f 8771/49/6 8772/49/6 8774/49/6
f 8760/24/6 8749/24/6 8775/24/6
f 8748/24/6 8750/24/6 8776/24/6
f 8775/24/6 8749/24/6 8777/24/6
f 8748/24/6 8776/24/6 8778/24/6
f 8776/24/6 8777/24/6 8778/24/6
f 8777/24/6 8749/24/6 8779/24/6
f 8778/24/6 8777/24/6 8779/24/6
f 8769/49/6 8773/49/6 8780/49/6
f 8773/49/6 8774/49/6 8780/49/6
f 8772/49/6 8759/49/6 8781/49/6
f 8780/49/6 8774/49/6 8781/49/6
f 8774/49/6 8772/49/6 8781/49/6
f 8782/59/6 8783/59/6 8784/59/6
f 8782/59/6 8784/59/6 8786/59/6
f 8784/59/6 8785/59/6 8786/59/6
f 8786/59/6 8785/59/6 8787/59/6
f 8782/59/6 8786/59/6 8788/59/6
f 8788/59/6 8786/59/6 8789/59/6
f 8752/53/6 8753/53/6 8790/53/6
f 8790/53/6 8753/53/6 8791/53/6
f 8754/47/6 8755/47/6 8792/47/6
f 8792/47/6 8755/47/6 8793/47/6
f 8794/57/6 8795/57/6 8799/57/6
f 8795/58/6 8796/58/6 8800/58/6
f 8799/57/6 8795/57/6 8800/57/6
f 8796/57/6 8797/57/6 8801/57/6
f 8800/58/6 8796/58/6 8801/58/6
f 8801/57/6 8797/57/6 8802/57/6
f 8798/57/6 8799/57/6 8805/57/6
f 8805/57/6 8799/57/6 8806/57/6
f 8802/57/6 8803/57/6 8807/57/6
f 8807/57/6 8803/57/6 8808/57/6
f 8808/57/6 8809/57/6 8810/57/6
f 8810/57/6 8809/57/6 8811/57/6
f 8810/58/6 8811/58/6 8812/58/6
f 8812/58/6 8811/58/6 8813/58/6
f 8804/57/6 8805/57/6 8814/57/6
f 8814/57/6 8805/57/6 8815/57/6
f 8812/57/6 8813/57/6 8818/57/6
f 8818/57/6 8813/57/6 8819/57/6
f 8815/57/6 8816/57/6 8820/57/6
f 8820/57/6 8816/57/6 8821/57/6
f 8817/57/6 8818/57/6 8822/57/6
f 8822/57/6 8818/57/6 8823/57/6
f 8821/57/6 8822/57/6 8824/57/6
f 8824/57/6 8822/57/6 8825/57/6
f 8826/64/6 8827/64/6 8828/64/6
f 8828/64/6 8827/64/6 8829/64/6
f 8834/15/6 8835/15/6 8836/15/6
f 8836/15/6 8835/15/6 8837/15/6
f 8830/57/6 8831/57/6 8838/57/6
f 8838/57/6 8831/57/6 8839/57/6
f 8832/56/6 8833/56/6 8840/56/6
f 8832/56/6 8840/56/6 8841/56/6
f 8841/56/6 8840/56/6 8842/56/6
f 8843/57/6 8844/57/6 8850/57/6
f 8844/58/6 8845/58/6 8851/58/6
f 8850/57/6 8844/57/6 8851/57/6
f 8845/57/6 8846/57/6 8852/57/6
f 8851/58/6 8845/58/6 8852/58/6
f 8852/57/6 8846/57/6 8853/57/6
f 8849/57/6 8850/57/6 8857/57/6
f 8853/57/6 8854/57/6 8858/57/6
f 8858/57/6 8854/57/6 8859/57/6
f 8849/57/6 8857/57/6 8860/57/6
f 8858/58/6 8859/58/6 8861/58/6
f 8861/58/6 8859/58/6 8862/58/6
f 8849/57/6 8860/57/6 8863/57/6
f 8863/57/6 8860/57/6 8864/57/6
f 8861/57/6 8862/57/6 8865/57/6
f 8865/57/6 8862/57/6 8866/57/6
f 8864/57/6 8865/57/6 8867/57/6
f 8867/57/6 8865/57/6 8868/57/6
f 8847/57/6 8848/57/6 8869/57/6
f 8869/57/6 8848/57/6 8870/57/6
f 8855/55/6 8856/55/6 8871/55/6
f 8871/55/6 8856/55/6 8872/55/6
f 8873/57/6 8874/57/6 8877/57/6
f 8874/58/6 8875/58/6 8878/58/6
f 8877/57/6 8874/57/6 8878/57/6
f 8875/57/6 8876/57/6 8879/57/6
f 8878/58/6 8875/58/6 8879/58/6
f 8877/58/6 8878/58/6 8880/58/6
f 8878/57/6 8879/57/6 8881/57/6
f 8880/58/6 8878/58/6 8881/58/6
f 8880/57/6 8881/57/6 8882/57/6
f 8879/57/6 8876/57/6 8883/57/6
f 8882/57/6 8881/57/6 8883/57/6
f 8881/57/6 8879/57/6 8883/57/6
f 8886/46/6 8887/46/6 8889/46/6
f 8889/46/6 8887/46/6 8890/46/6
f 8888/46/6 8889/46/6 8892/46/6
f 8890/46/6 8891/46/6 8892/46/6
f 8889/46/6 8890/46/6 8892/46/6
f 8892/46/6 8891/46/6 8893/46/6
f 8893/46/6 8891/46/6 8894/46/6
f 8894/46/6 8891/46/6 8895/46/6
f 8893/46/6 8894/46/6 8896/46/6
f 8896/46/6 8894/46/6 8897/46/6
f 8884/20/6 8885/20/6 8898/20/6
f 8898/20/6 8885/20/6 8899/20/6
f 8900/61/6 8901/61/6 8902/61/6
f 8902/61/6 8901/61/6 8903/61/6
f 8903/61/6 8901/61/6 8904/61/6
f 8900/61/6 8902/61/6 8906/61/6
f 8906/61/6 8902/61/6 8907/61/6
f 8907/61/6 8902/61/6 8908/61/6
f 8908/61/6 8902/61/6 8909/61/6
f 8909/61/6 8902/61/6 8910/61/6
f 8910/61/6 8902/61/6 8911/61/6
f 8904/61/6 8901/61/6 8912/61/6
f 8912/61/6 8901/61/6 8913/61/6
f 8913/61/6 8901/61/6 8914/61/6
f 8905/61/6 8906/61/6 8916/61/6
f 8906/61/6 8907/61/6 8916/61/6
f 8916/61/6 8907/61/6 8917/61/6
f 8917/61/6 8907/61/6 8918/61/6
f 8918/61/6 8907/61/6 8919/61/6
f 8909/61/6 8910/61/6 8920/61/6
f 8920/61/6 8910/61/6 8921/61/6
f 8921/61/6 8910/61/6 8922/61/6
f 8922/61/6 8910/61/6 8923/61/6
f 8923/61/6 8910/61/6 8924/61/6
f 8924/61/6 8910/61/6 8925/61/6
f 8925/61/6 8910/61/6 8926/61/6
f 8914/61/6 8915/61/6 8927/61/6
f 8913/61/6 8914/61/6 8927/61/6
f 8927/61/6 8915/61/6 8928/61/6
f 8928/61/6 8915/61/6 8929/61/6
f 8905/61/6 8916/61/6 8930/61/6
f 8930/61/6 8916/61/6 8931/61/6
f 8917/61/6 8918/61/6 8932/61/6
f 8932/61/6 8918/61/6 8933/61/6
f 8921/61/6 8922/61/6 8936/61/6
f 8936/61/6 8922/61/6 8937/61/6
f 8925/61/6 8926/61/6 8938/61/6
f 8938/61/6 8926/61/6 8939/61/6
f 8939/61/6 8926/61/6 8940/61/6
f 8940/61/6 8926/61/6 8941/61/6
f 8941/61/6 8926/61/6 8942/61/6
f 8942/61/6 8926/61/6 8943/61/6
f 8943/61/6 8926/61/6 8944/61/6
f 8944/61/6 8926/61/6 8945/61/6
f 8945/61/6 8926/61/6 8946/61/6
f 8946/61/6 8926/61/6 8947/61/6
f 8947/61/6 8926/61/6 8948/61/6
f 8948/61/6 8926/61/6 8949/61/6
f 8927/61/6 8928/61/6 8950/61/6
f 8950/61/6 8928/61/6 8951/61/6
f 8951/61/6 8928/61/6 8952/61/6
f 8929/61/6 8915/61/6 8953/61/6
f 8953/61/6 8915/61/6 8954/61/6
f 8905/61/6 8930/61/6 8955/61/6
f 8955/61/6 8930/61/6 8956/61/6
f 8933/61/6 8918/61/6 8959/61/6
f 8959/61/6 8918/61/6 8960/61/6
f 8934/61/6 8935/61/6 8961/61/6
f 8961/61/6 8935/61/6 8962/61/6
f 8921/61/6 8936/61/6 8963/61/6
f 8939/61/6 8940/61/6 8964/61/6
f 8964/61/6 8940/61/6 8965/61/6
f 8948/61/6 8949/61/6 8966/61/6
f 8950/61/6 8951/61/6 8969/61/6
f 8905/61/6 8955/61/6 8972/61/6
f 8957/61/6 8958/61/6 8974/61/6
f 8974/61/6 8958/61/6 8975/61/6
f 8960/61/6 8918/61/6 8977/61/6
f 8977/61/6 8918/61/6 8978/61/6
f 8921/61/6 8963/61/6 8981/61/6
f 8939/61/6 8964/61/6 8982/61/6
f 8965/61/6 8940/61/6 8985/61/6
f 8966/61/6 8967/61/6 8986/61/6
f 8968/61/6 8969/61/6 8989/61/6
f 8969/61/6 8951/61/6 8990/61/6
f 8989/61/6 8969/61/6 8990/61/6
f 8990/61/6 8951/61/6 8991/61/6
f 8970/61/6 8971/61/6 8992/61/6
f 8992/61/6 8971/61/6 8993/61/6
f 8972/61/6 8973/61/6 8994/61/6
f 8978/61/6 8979/61/6 8997/61/6
f 8976/61/6 8977/61/6 8997/61/6
f 8977/61/6 8978/61/6 8997/61/6
f 8997/61/6 8979/61/6 8998/61/6
f 8980/61/6 8981/61/6 9000/61/6
f 8981/61/6 8963/61/6 9001/61/6
f 9000/61/6 8981/61/6 9001/61/6
f 8982/61/6 8964/61/6 9004/61/6
f 8983/61/6 8984/61/6 9005/61/6
f 9005/61/6 8984/61/6 9006/61/6
f 8965/61/6 8985/61/6 9007/61/6
f 8987/61/6 8988/61/6 9008/61/6
f 8988/61/6 8989/61/6 9008/61/6
f 8948/61/6 8966/61/6 9008/61/6
f 8989/61/6 8990/61/6 9008/61/6
f 8966/61/6 8986/61/6 9008/61/6
f 8986/61/6 8987/61/6 9008/61/6
f 9008/61/6 8990/61/6 9009/61/6
f 9009/61/6 8990/61/6 9010/61/6
f 9010/61/6 8990/61/6 9011/61/6
f 8991/61/6 8951/61/6 9012/61/6
f 9012/61/6 8951/61/6 9013/61/6
f 8954/61/6 8915/61/6 9016/61/6
f 8994/61/6 8995/61/6 9017/61/6
f 8998/61/6 8999/61/6 9018/61/6
f 8999/61/6 9000/61/6 9018/61/6
f 9001/61/6 9002/61/6 9018/61/6
f 9000/61/6 9001/61/6 9018/61/6
f 8997/61/6 8998/61/6 9018/61/6
f 8996/61/6 8997/61/6 9018/61/6
f 9018/61/6 9002/61/6 9019/61/6
f 9003/61/6 9004/61/6 9021/61/6
f 9004/61/6 8964/61/6 9022/61/6
f 9021/61/6 9004/61/6 9022/61/6
f 9022/61/6 8964/61/6 9023/61/6
f 8965/61/6 9007/61/6 9025/61/6
f 9025/61/6 9007/61/6 9026/61/6
f 9026/61/6 9007/61/6 9027/61/6
f 8948/61/6 9008/61/6 9028/61/6
f 9028/61/6 9008/61/6 9029/61/6
f 9009/61/6 9010/61/6 9030/61/6
f 9030/61/6 9010/61/6 9031/61/6
f 9013/61/6 9014/61/6 9034/61/6
f 9015/61/6 9016/61/6 9035/61/6
f 9019/61/6 9020/61/6 9036/61/6
f 9020/61/6 9021/61/6 9036/61/6
f 9017/61/6 9018/61/6 9036/61/6
f 9018/61/6 9019/61/6 9036/61/6
f 9021/61/6 9022/61/6 9036/61/6
f 9036/61/6 9022/61/6 9037/61/6
f 9032/61/6 9033/61/6 9044/61/6
f 9044/61/6 9033/61/6 9045/61/6
f 8994/61/6 9017/61/6 9046/61/6
f 8905/61/6 8972/61/6 9046/61/6
f 8972/61/6 8994/61/6 9046/61/6
f 9017/61/6 9036/61/6 9046/61/6
f 9046/61/6 9036/61/6 9047/61/6
f 9047/61/6 9036/61/6 9048/61/6
f 9048/61/6 9036/61/6 9049/61/6
f 9037/61/6 9022/61/6 9050/61/6
f 9050/61/6 9022/61/6 9051/61/6
f 9051/61/6 9022/61/6 9052/61/6
f 9052/61/6 9022/61/6 9053/61/6
f 9038/61/6 9039/61/6 9054/61/6
f 9054/61/6 9039/61/6 9055/61/6
f 9040/61/6 9041/61/6 9056/61/6
f 9056/61/6 9041/61/6 9057/61/6
f 9042/61/6 9043/61/6 9058/61/6
f 9058/61/6 9043/61/6 9059/61/6
f 9031/61/6 9010/61/6 9060/61/6
f 9013/61/6 9034/61/6 9063/61/6
f 9034/61/6 9035/61/6 9063/61/6
f 9063/61/6 9035/61/6 9064/61/6
f 9016/61/6 8915/61/6 9065/61/6
f 9064/61/6 9035/61/6 9065/61/6
f 9035/61/6 9016/61/6 9065/61/6
f 9023/61/6 9024/61/6 9071/61/6
f 9071/61/6 9024/61/6 9072/61/6
f 9026/61/6 9027/61/6 9073/61/6
f 8948/61/6 9028/61/6 9074/61/6
f 9031/61/6 9060/61/6 9077/61/6
f 9060/61/6 9061/61/6 9077/61/6
f 9077/61/6 9061/61/6 9078/61/6
f 9063/61/6 9064/61/6 9079/61/6
f 9062/61/6 9063/61/6 9079/61/6
f 9079/61/6 9064/61/6 9080/61/6
f 9080/61/6 9064/61/6 9081/61/6
f 9065/61/6 8915/61/6 9082/61/6
f 9082/61/6 8915/61/6 9083/61/6
f 9066/61/6 9067/61/6 9084/61/6
f 9084/61/6 9067/61/6 9085/61/6
f 9068/61/6 9069/61/6 9086/61/6
f 9086/61/6 9069/61/6 9087/61/6
f 9071/61/6 9072/61/6 9088/61/6
f 9072/61/6 9073/61/6 9088/61/6
f 9070/61/6 9071/61/6 9088/61/6
f 9088/61/6 9073/61/6 9089/61/6
f 9074/61/6 9075/61/6 9090/61/6
f 9077/61/6 9078/61/6 9091/61/6
f 9076/61/6 9077/61/6 9091/61/6
f 9091/61/6 9078/61/6 9092/61/6
f 9092/61/6 9078/61/6 9093/61/6
f 9079/61/6 9080/61/6 9094/61/6
f 9094/61/6 9080/61/6 9095/61/6
f 9047/61/6 9048/61/6 9098/61/6
f 9051/61/6 9052/61/6 9101/61/6
f 9101/61/6 9052/61/6 9102/61/6
f 9070/61/6 9088/61/6 9103/61/6
f 9091/61/6 9092/61/6 9106/61/6
f 9090/61/6 9091/61/6 9106/61/6
f 9106/61/6 9092/61/6 9107/61/6
f 9096/61/6 9097/61/6 9110/61/6
f 9110/61/6 9097/61/6 9111/61/6
f 9098/61/6 9099/61/6 9112/61/6
f 9102/61/6 9103/61/6 9113/61/6
f 9101/61/6 9102/61/6 9113/61/6
f 9100/61/6 9101/61/6 9113/61/6
f 9113/61/6 9103/61/6 9114/61/6
f 9103/61/6 9088/61/6 9115/61/6
f 9114/61/6 9103/61/6 9115/61/6
f 9104/61/6 9105/61/6 9116/61/6
f 9116/61/6 9105/61/6 9117/61/6
f 9090/61/6 9106/61/6 9118/61/6
f 9118/61/6 9106/61/6 9119/61/6
f 9107/61/6 9092/61/6 9120/61/6
f 9120/61/6 9092/61/6 9121/61/6
f 9108/61/6 9109/61/6 9122/61/6
f 9122/61/6 9109/61/6 9123/61/6
f 9095/61/6 9080/61/6 9124/61/6
f 9083/61/6 8915/61/6 9127/61/6
f 9115/61/6 9088/61/6 9130/61/6
f 9089/61/6 9073/61/6 9131/61/6
f 9095/61/6 9124/61/6 9137/61/6
f 9124/61/6 9125/61/6 9137/61/6
f 9137/61/6 9125/61/6 9138/61/6
f 9126/61/6 9127/61/6 9139/61/6
f 9128/61/6 9129/61/6 9140/61/6
f 9140/61/6 9129/61/6 9141/61/6
f 9130/61/6 9131/61/6 9142/61/6
f 9131/61/6 9073/61/6 9143/61/6
f 9142/61/6 9131/61/6 9143/61/6
f 9132/61/6 9133/61/6 9144/61/6
f 9144/61/6 9133/61/6 9145/61/6
f 9134/61/6 9135/61/6 9146/61/6
f 9137/61/6 9138/61/6 9147/61/6
f 9138/61/6 9139/61/6 9147/61/6
f 9136/61/6 9137/61/6 9147/61/6
f 9147/61/6 9139/61/6 9148/61/6
f 9148/61/6 9139/61/6 9149/61/6
f 9098/61/6 9112/61/6 9150/61/6
f 9047/61/6 9098/61/6 9150/61/6
f 9113/61/6 9114/61/6 9150/61/6
f 9112/61/6 9113/61/6 9150/61/6
f 9150/61/6 9114/61/6 9151/61/6
f 9151/61/6 9114/61/6 9152/61/6
f 9152/61/6 9114/61/6 9153/61/6
f 9115/61/6 9130/61/6 9154/61/6
f 9130/61/6 9142/61/6 9154/61/6
f 9143/61/6 9073/61/6 9157/61/6
f 9073/61/6 9027/61/6 9157/61/6
f 8943/61/6 8944/61/6 9158/61/6
f 9158/61/6 8944/61/6 9159/61/6
f 9074/61/6 9090/61/6 9160/61/6
f 8948/61/6 9074/61/6 9160/61/6
f 9090/61/6 9118/61/6 9160/61/6
f 9160/61/6 9118/61/6 9161/61/6
f 9134/61/6 9146/61/6 9164/61/6
f 9147/61/6 9148/61/6 9164/61/6
f 9146/61/6 9147/61/6 9164/61/6
f 9164/61/6 9148/61/6 9165/61/6
f 9165/61/6 9148/61/6 9166/61/6
f 9149/61/6 9139/61/6 9167/61/6
f 9139/61/6 9127/61/6 9168/61/6
f 9167/61/6 9139/61/6 9168/61/6
f 9047/61/6 9150/61/6 9169/61/6
f 9169/61/6 9150/61/6 9170/61/6
f 9152/61/6 9153/61/6 9171/61/6
f 9153/61/6 9154/61/6 9171/61/6
f 9171/61/6 9154/61/6 9172/61/6
f 9155/61/6 9156/61/6 9173/61/6
f 9173/61/6 9156/61/6 9174/61/6
f 9158/61/6 9159/61/6 9175/61/6
f 9161/61/6 9162/61/6 9175/61/6
f 9157/61/6 9158/61/6 9175/61/6
f 9160/61/6 9161/61/6 9175/61/6
f 9159/61/6 9160/61/6 9175/61/6
f 9164/61/6 9165/61/6 9176/61/6
f 9163/61/6 9164/61/6 9176/61/6
f 9047/61/6 9169/61/6 9179/61/6
f 9172/61/6 9154/61/6 9184/61/6
f 9154/61/6 9142/61/6 9185/61/6
f 9184/61/6 9154/61/6 9185/61/6
f 9175/61/6 9176/61/6 9186/61/6
f 9143/61/6 9157/61/6 9186/61/6
f 9157/61/6 9175/61/6 9186/61/6
f 9177/61/6 9178/61/6 9187/61/6
f 9187/61/6 9178/61/6 9188/61/6
f 8905/61/6 9046/61/6 9189/61/6
f 9189/61/6 9046/61/6 9190/61/6
f 9185/61/6 9186/61/6 9191/61/6
f 9184/61/6 9185/61/6 9191/61/6
f 9182/61/6 9183/61/6 9191/61/6
f 9181/61/6 9182/61/6 9191/61/6
f 9183/61/6 9184/61/6 9191/61/6
f 9047/61/6 9179/61/6 9191/61/6
f 9180/61/6 9181/61/6 9191/61/6
f 9179/61/6 9180/61/6 9191/61/6
f 9176/61/6 9165/61/6 9192/61/6
f 9186/61/6 9176/61/6 9192/61/6
f 9191/61/6 9186/61/6 9192/61/6
f 9168/61/6 9127/61/6 9195/61/6
f 9127/61/6 8915/61/6 9196/61/6
f 9195/61/6 9127/61/6 9196/61/6
f 9196/61/6 8915/61/6 9197/61/6
f 9191/61/6 9192/61/6 9198/61/6
f 9190/61/6 9191/61/6 9198/61/6
f 9192/61/6 9193/61/6 9198/61/6
f 9195/61/6 9196/61/6 9199/61/6
f 9194/61/6 9195/61/6 9199/61/6
f 9190/61/6 9198/61/6 9200/61/6
f 9198/61/6 9199/61/6 9200/61/6
f 9199/61/6 9196/61/6 9201/61/6
f 9200/61/6 9199/61/6 9201/61/6
f 9202/10/6 9203/10/6 9207/10/6
f 9207/10/6 9203/10/6 9208/10/6
f 9204/9/6 9205/9/6 9209/9/6
f 9209/9/6 9205/9/6 9210/9/6
f 9206/10/6 9207/10/6 9212/10/6
f 9212/10/6 9207/10/6 9213/10/6
f 9210/10/6 9211/10/6 9214/10/6
f 9214/10/6 9211/10/6 9215/10/6
f 9216/58/6 9217/58/6 9224/58/6
f 9224/58/6 9217/58/6 9225/58/6
f 9218/58/6 9219/58/6 9226/58/6
f 9226/58/6 9219/58/6 9227/58/6
f 9220/10/6 9221/10/6 9228/10/6
f 9228/10/6 9221/10/6 9229/10/6
f 9222/10/6 9223/10/6 9232/10/6
f 9232/10/6 9223/10/6 9233/10/6
f 9225/58/6 9226/58/6 9234/58/6
f 9234/58/6 9226/58/6 9235/58/6
f 9229/10/6 9230/10/6 9236/10/6
f 9236/10/6 9230/10/6 9237/10/6
f 9231/10/6 9232/10/6 9238/10/6
f 9238/10/6 9232/10/6 9239/10/6
f 9240/43/6 9241/43/6 9242/43/6
f 9242/43/6 9241/43/6 9243/43/6
f 9244/51/6 9245/51/6 9248/51/6
f 9245/50/6 9246/50/6 9249/50/6
f 9248/51/6 9245/51/6 9249/51/6
f 9249/50/6 9246/50/6 9250/50/6
f 9250/50/6 9246/50/6 9251/50/6
f 9247/51/6 9248/51/6 9253/51/6
f 9248/50/6 9249/50/6 9254/50/6
f 9253/51/6 9248/51/6 9254/51/6
f 9249/51/6 9250/51/6 9255/51/6
f 9254/50/6 9249/50/6 9255/50/6
f 9250/50/6 9251/50/6 9256/50/6
f 9255/51/6 9250/51/6 9256/51/6
f 9251/51/6 9252/51/6 9257/51/6
f 9256/50/6 9251/50/6 9257/50/6
f 9257/51/6 9252/51/6 9258/51/6
f 9240/43/6 9242/43/6 9259/43/6
f 9259/43/6 9242/43/6 9260/43/6
f 9261/10/6 9262/10/6 9263/10/6
f 9263/10/6 9262/10/6 9264/10/6
f 9265/10/6 9266/10/6 9269/10/6
f 9269/10/6 9266/10/6 9270/10/6
f 9267/9/6 9268/9/6 9271/9/6
f 9271/9/6 9268/9/6 9272/9/6
f 9273/9/6 9274/9/6 9275/9/6
f 9275/9/6 9274/9/6 9276/9/6
f 9277/20/6 9278/20/6 9280/20/6
f 9280/20/6 9278/20/6 9281/20/6
f 9280/19/6 9281/19/6 9285/19/6
f 9285/19/6 9281/19/6 9286/19/6
f 9280/19/6 9285/19/6 9287/19/6
f 9286/19/6 9281/19/6 9288/19/6
f 9279/20/6 9280/20/6 9289/20/6
f 9287/19/6 9288/19/6 9290/19/6
f 9289/20/6 9280/20/6 9290/20/6
f 9280/19/6 9287/19/6 9290/19/6
f 9281/20/6 9282/20/6 9291/20/6
f 9290/19/6 9288/19/6 9291/19/6
f 9288/19/6 9281/19/6 9291/19/6
f 9291/20/6 9282/20/6 9292/20/6
f 9290/20/6 9291/20/6 9293/20/6
f 9293/20/6 9291/20/6 9294/20/6
f 9283/43/6 9284/43/6 9296/43/6
f 9295/43/6 9296/43/6 9297/43/6
f 9296/43/6 9284/43/6 9298/43/6
f 9297/43/6 9296/43/6 9298/43/6
f 9299/10/6 9300/10/6 9303/10/6
f 9303/10/6 9300/10/6 9304/10/6
f 9301/10/6 9302/10/6 9305/10/6
f 9305/10/6 9302/10/6 9306/10/6
f 9307/64/6 9308/64/6 9317/64/6
f 9308/58/6 9309/58/6 9318/58/6
f 9317/64/6 9308/64/6 9318/64/6
f 9309/64/6 9310/64/6 9319/64/6
f 9318/58/6 9309/58/6 9319/58/6
f 9319/64/6 9310/64/6 9320/64/6
f 9311/64/6 9312/64/6 9321/64/6
f 9321/64/6 9312/64/6 9322/64/6
f 9322/64/6 9312/64/6 9323/64/6
f 9313/10/6 9314/10/6 9324/10/6
f 9324/10/6 9314/10/6 9325/10/6
f 9315/10/6 9316/10/6 9326/10/6
f 9326/10/6 9316/10/6 9327/10/6
f 9323/64/6 9312/64/6 9333/64/6
f 9330/64/6 9331/64/6 9334/64/6
f 9334/64/6 9331/64/6 9335/64/6
f 9332/64/6 9333/64/6 9336/64/6
f 9333/64/6 9312/64/6 9337/64/6
f 9336/64/6 9333/64/6 9337/64/6
f 9328/43/6 9329/43/6 9338/43/6
f 9338/43/6 9329/43/6 9339/43/6
f 9340/10/6 9341/10/6 9343/10/6
f 9343/10/6 9341/10/6 9344/10/6
f 9342/9/6 9343/9/6 9346/9/6
f 9346/9/6 9343/9/6 9347/9/6
f 9344/9/6 9345/9/6 9348/9/6
f 9348/9/6 9345/9/6 9349/9/6
f 9347/9/6 9348/9/6 9350/9/6
f 9350/9/6 9348/9/6 9351/9/6
f 9352/9/6 9353/9/6 9354/9/6
f 9354/9/6 9353/9/6 9355/9/6
f 9356/60/6 9357/60/6 9358/60/6
f 9358/60/6 9357/60/6 9359/60/6
f 9360/64/6 9361/64/6 9362/64/6
f 9362/64/6 9361/64/6 9363/64/6
f 9364/55/6 9365/55/6 9367/55/6
f 9367/55/6 9365/55/6 9368/55/6
f 9366/55/6 9367/55/6 9376/55/6
f 9367/55/6 9368/55/6 9376/55/6
f 9368/55/6 9369/55/6 9376/55/6
f 9376/55/6 9369/55/6 9377/55/6
f 9377/55/6 9369/55/6 9378/55/6
f 9378/55/6 9369/55/6 9379/55/6
f 9377/55/6 9378/55/6 9382/55/6
f 9382/55/6 9378/55/6 9383/55/6
f 9380/60/6 9381/60/6 9384/60/6
f 9384/60/6 9381/60/6 9385/60/6
f 9370/46/6 9371/46/6 9387/46/6
f 9387/46/6 9371/46/6 9388/46/6
f 9388/46/6 9371/46/6 9389/46/6
f 9386/64/6 9387/64/6 9392/64/6
f 9392/64/6 9387/64/6 9393/64/6
f 9391/65/6 9392/65/6 9393/65/6
f 9393/64/6 9387/64/6 9394/64/6
f 9388/52/6 9389/52/6 9395/52/6
f 9389/52/6 9390/52/6 9395/52/6
f 9395/52/6 9390/52/6 9396/52/6
f 9391/65/6 9393/65/6 9399/65/6
f 9399/65/6 9393/65/6 9400/65/6
f 9397/46/6 9398/46/6 9401/46/6
f 9401/46/6 9398/46/6 9402/46/6
f 9372/30/6 9373/30/6 9405/30/6
f 9405/30/6 9373/30/6 9406/30/6
f 9374/30/6 9375/30/6 9407/30/6
f 9407/30/6 9375/30/6 9408/30/6
f 9403/52/6 9404/52/6 9409/52/6
f 9409/52/6 9404/52/6 9410/52/6
f 9415/60/6 9416/60/6 9417/60/6
f 9417/60/6 9416/60/6 9418/60/6
f 9411/58/6 9412/58/6 9419/58/6
f 9419/58/6 9412/58/6 9420/58/6
f 9413/58/6 9414/58/6 9421/58/6
f 9421/58/6 9414/58/6 9422/58/6
f 9423/59/6 9424/59/6 9428/59/6
f 9428/59/6 9424/59/6 9429/59/6
f 9425/59/6 9426/59/6 9430/59/6
f 9430/59/6 9426/59/6 9431/59/6
f 9427/59/6 9428/59/6 9433/59/6
f 9433/59/6 9428/59/6 9434/59/6
f 9431/59/6 9432/59/6 9435/59/6
f 9435/59/6 9432/59/6 9436/59/6
f 9437/60/6 9438/60/6 9445/60/6
f 9445/60/6 9438/60/6 9446/60/6
f 9439/59/6 9440/59/6 9447/59/6
f 9447/59/6 9440/59/6 9448/59/6
f 9441/59/6 9442/59/6 9451/59/6
f 9451/59/6 9442/59/6 9452/59/6
f 9443/60/6 9444/60/6 9453/60/6
f 9453/60/6 9444/60/6 9454/60/6
f 9448/59/6 9449/59/6 9455/59/6
f 9455/59/6 9449/59/6 9456/59/6
f 9450/59/6 9451/59/6 9457/59/6
f 9457/59/6 9451/59/6 9458/59/6
f 9459/59/6 9460/59/6 9467/59/6
f 9467/59/6 9460/59/6 9468/59/6
f 9461/58/6 9462/58/6 9470/58/6
f 9462/60/6 9463/60/6 9471/60/6
f 9470/58/6 9462/58/6 9471/58/6
f 9463/58/6 9464/58/6 9472/58/6
f 9471/60/6 9463/60/6 9472/60/6
f 9472/58/6 9464/58/6 9473/58/6
f 9465/59/6 9466/59/6 9476/59/6
f 9476/59/6 9466/59/6 9477/59/6
f 9471/60/6 9472/60/6 9483/60/6
f 9483/60/6 9472/60/6 9484/60/6
f 9479/59/6 9480/59/6 9489/59/6
f 9489/59/6 9480/59/6 9490/59/6
f 9481/59/6 9482/59/6 9491/59/6
f 9491/59/6 9482/59/6 9492/59/6
f 9469/58/6 9470/58/6 9497/58/6
f 9497/58/6 9470/58/6 9498/58/6
f 9473/58/6 9474/58/6 9499/58/6
f 9499/58/6 9474/58/6 9500/58/6
f 9493/12/6 9494/12/6 9504/12/6
f 9504/12/6 9494/12/6 9505/12/6
f 9475/59/6 9476/59/6 9506/59/6
f 9506/59/6 9476/59/6 9507/59/6
f 9477/59/6 9478/59/6 9508/59/6
f 9508/59/6 9478/59/6 9509/59/6
f 9495/59/6 9496/59/6 9510/59/6
f 9510/59/6 9496/59/6 9511/59/6
f 9498/58/6 9499/58/6 9512/58/6
f 9512/58/6 9499/58/6 9513/58/6
f 9501/58/6 9502/58/6 9515/58/6
f 9515/58/6 9502/58/6 9516/58/6
f 9507/59/6 9508/59/6 9518/59/6
f 9518/59/6 9508/59/6 9519/59/6
f 9503/12/6 9504/12/6 9520/12/6
f 9520/12/6 9504/12/6 9521/12/6
f 9505/12/6 9506/12/6 9522/12/6
f 9522/12/6 9506/12/6 9523/12/6
f 9514/58/6 9515/58/6 9526/58/6
f 9526/58/6 9515/58/6 9527/58/6
f 9516/58/6 9517/58/6 9528/58/6
f 9528/58/6 9517/58/6 9529/58/6
f 9521/12/6 9522/12/6 9530/12/6
f 9530/12/6 9522/12/6 9531/12/6
f 9524/40/6 9525/40/6 9533/40/6
f 9533/40/6 9525/40/6 9534/40/6
f 9527/58/6 9528/58/6 9536/58/6
f 9536/58/6 9528/58/6 9537/58/6
f 9530/54/6 9531/54/6 9539/54/6
f 9539/54/6 9531/54/6 9540/54/6
f 9542/6/6 9543/6/6 9545/6/6
f 9545/6/6 9543/6/6 9546/6/6
f 9538/54/6 9539/54/6 9547/54/6
f 9532/40/6 9533/40/6 9548/40/6
f 9548/40/6 9533/40/6 9549/40/6
f 9534/40/6 9535/40/6 9550/40/6
f 9550/40/6 9535/40/6 9551/40/6
f 9546/6/6 9547/6/6 9552/6/6
f 9547/54/6 9539/54/6 9552/54/6
f 9552/54/6 9539/54/6 9553/54/6
f 9540/54/6 9541/54/6 9554/54/6
f 9554/54/6 9541/54/6 9555/54/6
f 9549/40/6 9550/40/6 9556/40/6
f 9556/40/6 9550/40/6 9557/40/6
f 9485/58/6 9486/58/6 9558/58/6
f 9558/58/6 9486/58/6 9559/58/6
f 9487/58/6 9488/58/6 9560/58/6
f 9560/58/6 9488/58/6 9561/58/6
f 9553/54/6 9554/54/6 9562/54/6
f 9562/54/6 9554/54/6 9563/54/6
f 9544/6/6 9545/6/6 9566/6/6
f 9566/6/6 9545/6/6 9567/6/6
f 9546/6/6 9552/6/6 9568/6/6
f 9568/6/6 9552/6/6 9569/6/6
f 9564/23/6 9565/23/6 9571/23/6
f 9571/23/6 9565/23/6 9572/23/6
f 9567/6/6 9568/6/6 9574/6/6
f 9574/6/6 9568/6/6 9575/6/6
f 9570/23/6 9571/23/6 9576/23/6
f 9576/23/6 9571/23/6 9577/23/6
f 9572/23/6 9573/23/6 9578/23/6
f 9578/23/6 9573/23/6 9579/23/6
f 9577/23/6 9578/23/6 9580/23/6
f 9580/23/6 9578/23/6 9581/23/6
f 9582/59/6 9583/59/6 9586/59/6
f 9586/59/6 9583/59/6 9587/59/6
f 9584/59/6 9585/59/6 9588/59/6
f 9588/59/6 9585/59/6 9589/59/6
f 9582/59/6 9586/59/6 9590/59/6
f 9587/59/6 9583/59/6 9591/59/6
f 9584/59/6 9588/59/6 9592/59/6
f 9589/59/6 9585/59/6 9593/59/6
f 9582/59/6 9590/59/6 9594/59/6
f 9590/59/6 9591/59/6 9594/59/6
f 9591/59/6 9583/59/6 9595/59/6
f 9594/59/6 9591/59/6 9595/59/6
f 9592/59/6 9593/59/6 9598/59/6
f 9584/59/6 9592/59/6 9598/59/6
f 9593/59/6 9585/59/6 9599/59/6
f 9598/59/6 9593/59/6 9599/59/6
f 9596/12/6 9597/12/6 9602/12/6
f 9602/12/6 9597/12/6 9603/12/6
f 9600/58/6 9601/58/6 9604/58/6
f 9604/58/6 9601/58/6 9605/58/6
f 9596/12/6 9602/12/6 9606/12/6
f 9603/12/6 9597/12/6 9607/12/6
f 9600/58/6 9604/58/6 9608/58/6
f 9605/58/6 9601/58/6 9609/58/6
f 9596/12/6 9606/12/6 9610/12/6
f 9606/12/6 9607/12/6 9610/12/6
f 9607/12/6 9597/12/6 9611/12/6
f 9610/12/6 9607/12/6 9611/12/6
f 9608/58/6 9609/58/6 9612/58/6
f 9600/58/6 9608/58/6 9612/58/6
f 9609/58/6 9601/58/6 9613/58/6
f 9612/58/6 9609/58/6 9613/58/6
f 9614/40/6 9615/40/6 9618/40/6
f 9618/40/6 9615/40/6 9619/40/6
f 9616/54/6 9617/54/6 9620/54/6
f 9620/54/6 9617/54/6 9621/54/6
f 9614/40/6 9618/40/6 9622/40/6
f 9619/40/6 9615/40/6 9623/40/6
f 9616/54/6 9620/54/6 9626/54/6
f 9621/54/6 9617/54/6 9627/54/6
f 9614/40/6 9622/40/6 9628/40/6
f 9622/40/6 9623/40/6 9628/40/6
f 9623/40/6 9615/40/6 9629/40/6
f 9628/40/6 9623/40/6 9629/40/6
f 9624/6/6 9625/6/6 9630/6/6
f 9630/6/6 9625/6/6 9631/6/6
f 9626/54/6 9627/54/6 9632/54/6
f 9616/54/6 9626/54/6 9632/54/6
f 9627/54/6 9617/54/6 9633/54/6
f 9632/54/6 9627/54/6 9633/54/6
f 9624/6/6 9630/6/6 9634/6/6
f 9631/6/6 9625/6/6 9635/6/6
f 9624/6/6 9634/6/6 9636/6/6
f 9634/6/6 9635/6/6 9636/6/6
f 9635/6/6 9625/6/6 9637/6/6
f 9636/6/6 9635/6/6 9637/6/6
f 9638/23/6 9639/23/6 9640/23/6
f 9640/23/6 9639/23/6 9641/23/6
f 9638/23/6 9640/23/6 9642/23/6
f 9641/23/6 9639/23/6 9643/23/6
f 9638/23/6 9642/23/6 9644/23/6
f 9642/23/6 9643/23/6 9644/23/6
f 9643/23/6 9639/23/6 9645/23/6
f 9644/23/6 9643/23/6 9645/23/6
f 9646/4/6 9647/4/6 9650/4/6
f 9650/4/6 9647/4/6 9651/4/6
f 9648/7/6 9649/7/6 9652/7/6
f 9652/7/6 9649/7/6 9653/7/6
f 9654/58/6 9655/58/6 9658/58/6
f 9658/58/6 9655/58/6 9659/58/6
f 9656/59/6 9657/59/6 9660/59/6
f 9660/59/6 9657/59/6 9661/59/6
f 9662/57/6 9663/57/6 9666/57/6
f 9666/57/6 9663/57/6 9667/57/6
f 9664/58/6 9665/58/6 9668/58/6
f 9668/58/6 9665/58/6 9669/58/6
f 9670/7/6 9671/7/6 9672/7/6
f 9672/7/6 9671/7/6 9673/7/6
f 9674/57/6 9675/57/6 9676/57/6
f 9676/57/6 9675/57/6 9677/57/6
f 9678/58/6 9679/58/6 9680/58/6
f 9680/58/6 9679/58/6 9681/58/6
f 9682/61/6 9683/61/6 9688/61/6
f 9683/61/6 9684/61/6 9688/61/6
f 9684/61/6 9685/61/6 9688/61/6
f 9688/61/6 9685/61/6 9689/61/6
f 9682/61/6 9688/61/6 9691/61/6
f 9691/61/6 9688/61/6 9692/61/6
f 9692/61/6 9688/61/6 9693/61/6
f 9690/61/6 9691/61/6 9696/61/6
f 9691/61/6 9692/61/6 9696/61/6
f 9696/61/6 9692/61/6 9697/61/6
f 9697/61/6 9692/61/6 9698/61/6
f 9693/61/6 9688/61/6 9699/61/6
f 9699/61/6 9688/61/6 9700/61/6
f 9698/61/6 9699/61/6 9700/61/6
f 9689/61/6 9685/61/6 9701/61/6
f 9698/61/6 9700/61/6 9702/61/6
f 9700/61/6 9701/61/6 9702/61/6
f 9697/61/6 9698/61/6 9702/61/6
f 9702/61/6 9701/61/6 9703/61/6
f 9694/61/6 9695/61/6 9704/61/6
f 9704/61/6 9695/61/6 9705/61/6
f 9686/61/6 9687/61/6 9706/61/6
f 9703/61/6 9701/61/6 9710/61/6
f 9701/61/6 9685/61/6 9711/61/6
f 9710/61/6 9701/61/6 9711/61/6
f 9708/61/6 9709/61/6 9712/61/6
f 9686/61/6 9706/61/6 9712/61/6
f 9707/61/6 9708/61/6 9712/61/6
f 9706/61/6 9707/61/6 9712/61/6
f 9712/61/6 9709/61/6 9713/61/6
f 9714/5/6 9715/5/6 9722/5/6
f 9715/58/6 9716/58/6 9723/58/6
f 9722/5/6 9715/5/6 9723/5/6
f 9723/58/6 9716/58/6 9724/58/6
f 9717/20/6 9718/20/6 9729/20/6
f 9718/18/6 9719/18/6 9729/18/6
f 9719/20/6 9720/20/6 9730/20/6
f 9729/18/6 9719/18/6 9730/18/6
f 9721/58/6 9722/58/6 9731/58/6
f 9731/58/6 9722/58/6 9732/58/6
f 9733/19/6 9734/19/6 9735/19/6
f 9735/19/6 9734/19/6 9736/19/6
f 9717/20/6 9729/20/6 9737/20/6
f 9729/20/6 9730/20/6 9737/20/6
f 9737/20/6 9730/20/6 9738/20/6
f 9730/20/6 9720/20/6 9739/20/6
f 9738/20/6 9730/20/6 9739/20/6
f 9739/20/6 9720/20/6 9740/20/6
f 9727/19/6 9728/19/6 9741/19/6
f 9726/19/6 9727/19/6 9741/19/6
f 9725/19/6 9726/19/6 9741/19/6
f 9741/19/6 9728/19/6 9742/19/6
f 9742/19/6 9728/19/6 9743/19/6
f 9743/19/6 9728/19/6 9744/19/6
f 9745/31/6 9746/31/6 9747/31/6
f 9747/31/6 9746/31/6 9748/31/6
f 9749/16/6 9750/16/6 9751/16/6
f 9751/16/6 9750/16/6 9752/16/6
f 9753/58/6 9754/58/6 9755/58/6
f 9755/58/6 9754/58/6 9756/58/6
f 9757/58/6 9758/58/6 9761/58/6
f 9761/58/6 9758/58/6 9762/58/6
f 9759/32/6 9760/32/6 9765/32/6
f 9760/32/6 9761/32/6 9765/32/6
f 9765/32/6 9761/32/6 9769/32/6
f 9769/32/6 9761/32/6 9770/32/6
f 9766/19/6 9767/19/6 9771/19/6
f 9771/19/6 9767/19/6 9772/19/6
f 9763/32/6 9764/32/6 9773/32/6
f 9773/32/6 9764/32/6 9774/32/6
f 9768/29/6 9769/29/6 9775/29/6
f 9775/29/6 9769/29/6 9776/29/6
f 9777/19/6 9778/19/6 9779/19/6
f 9779/19/6 9778/19/6 9780/19/6
f 9783/32/6 9784/32/6 9785/32/6
f 9781/32/6 9782/32/6 9786/32/6
f 9786/32/6 9782/32/6 9787/32/6
f 9785/32/6 9784/32/6 9788/32/6
f 9788/32/6 9784/32/6 9789/32/6
f 9790/58/6 9791/58/6 9794/58/6
f 9791/29/6 9792/29/6 9794/29/6
f 9792/58/6 9793/58/6 9795/58/6
f 9794/29/6 9792/29/6 9795/29/6
f 9795/58/6 9793/58/6 9796/58/6
f 9790/58/6 9794/58/6 9797/58/6
f 9797/58/6 9794/58/6 9798/58/6
f 9797/29/6 9798/29/6 9803/29/6
f 9803/29/6 9798/29/6 9804/29/6
f 9799/19/6 9800/19/6 9805/19/6
f 9805/19/6 9800/19/6 9806/19/6
f 9801/19/6 9802/19/6 9807/19/6
f 9807/19/6 9802/19/6 9808/19/6
f 9809/19/6 9810/19/6 9813/19/6
f 9813/19/6 9810/19/6 9814/19/6
f 9811/19/6 9812/19/6 9815/19/6
f 9815/19/6 9812/19/6 9816/19/6
f 9817/19/6 9818/19/6 9821/19/6
f 9821/19/6 9818/19/6 9822/19/6
f 9819/19/6 9820/19/6 9823/19/6
f 9823/19/6 9820/19/6 9824/19/6
f 9825/20/6 9826/20/6 9827/20/6
f 9827/20/6 9826/20/6 9828/20/6
f 9831/20/6 9832/20/6 9833/20/6
f 9833/20/6 9832/20/6 9834/20/6
f 9829/19/6 9830/19/6 9835/19/6
f 9835/19/6 9830/19/6 9836/19/6
f 9835/20/6 9836/20/6 9837/20/6
f 9837/20/6 9836/20/6 9838/20/6
f 9838/20/6 9836/20/6 9839/20/6
f 9839/20/6 9836/20/6 9840/20/6
f 9835/20/6 9837/20/6 9841/20/6
f 9837/19/6 9838/19/6 9842/19/6
f 9841/20/6 9837/20/6 9842/20/6
f 9842/19/6 9838/19/6 9843/19/6
f 9839/19/6 9840/19/6 9844/19/6
f 9840/20/6 9836/20/6 9845/20/6
f 9844/19/6 9840/19/6 9845/19/6
f 9845/20/6 9836/20/6 9846/20/6
f 9847/20/6 9848/20/6 9849/20/6
f 9849/20/6 9848/20/6 9850/20/6
f 9850/20/6 9848/20/6 9851/20/6
f 9851/20/6 9848/20/6 9852/20/6
f 9850/19/6 9851/19/6 9853/19/6
f 9853/19/6 9851/19/6 9854/19/6
f 9855/19/6 9856/19/6 9857/19/6
f 9857/19/6 9856/19/6 9858/19/6
f 9859/19/6 9860/19/6 9865/19/6
f 9860/20/6 9861/20/6 9866/20/6
f 9865/19/6 9860/19/6 9866/19/6
f 9861/19/6 9862/19/6 9867/19/6
f 9866/20/6 9861/20/6 9867/20/6
f 9867/19/6 9862/19/6 9868/19/6
f 9863/19/6 9864/19/6 9869/19/6
f 9869/19/6 9864/19/6 9870/19/6
f 9871/20/6 9872/20/6 9875/20/6
f 9875/20/6 9872/20/6 9876/20/6
f 9873/20/6 9874/20/6 9877/20/6
f 9877/20/6 9874/20/6 9878/20/6
